solid OpenSCAD_Model
  facet normal 1 0 0
    outer loop
      vertex 8.4 8.4 9
      vertex 8.4 6.97834 8
      vertex 8.4 8.4 8
    endloop
  endfacet
  facet normal 1 0 0
    outer loop
      vertex 8.4 6.97834 8
      vertex 8.4 4.94723 7
      vertex 8.4 6.97834 7
    endloop
  endfacet
  facet normal 1 -0 0
    outer loop
      vertex 8.4 2.4 9
      vertex 8.4 6.97834 8
      vertex 8.4 8.4 9
    endloop
  endfacet
  facet normal 1 0 0
    outer loop
      vertex 8.4 6.97834 8
      vertex 8.4 2.4 9
      vertex 8.4 4.94723 7
    endloop
  endfacet
  facet normal 1 0 0
    outer loop
      vertex 8.4 2.4 3
      vertex 8.4 4.94723 7
      vertex 8.4 2.4 9
    endloop
  endfacet
  facet normal 1 0 0
    outer loop
      vertex 8.4 4.94723 7
      vertex 8.4 2.4 3
      vertex 8.4 4.94723 3
    endloop
  endfacet
  facet normal 0 0 1
    outer loop
      vertex 8.4 8.4 9
      vertex 6.45 5.4 9
      vertex 8.4 2.4 9
    endloop
  endfacet
  facet normal 0 0 1
    outer loop
      vertex 8.4 8.4 9
      vertex 6.44102 5.53705 9
      vertex 6.45 5.4 9
    endloop
  endfacet
  facet normal 0 0 1
    outer loop
      vertex 8.4 8.4 9
      vertex 6.41422 5.67176 9
      vertex 6.44102 5.53705 9
    endloop
  endfacet
  facet normal 0 0 1
    outer loop
      vertex 8.4 8.4 9
      vertex 6.37007 5.80182 9
      vertex 6.41422 5.67176 9
    endloop
  endfacet
  facet normal 0 0 1
    outer loop
      vertex 8.4 8.4 9
      vertex 6.30933 5.925 9
      vertex 6.37007 5.80182 9
    endloop
  endfacet
  facet normal 0 0 1
    outer loop
      vertex 8.4 8.4 9
      vertex 6.23302 6.0392 9
      vertex 6.30933 5.925 9
    endloop
  endfacet
  facet normal 0 0 1
    outer loop
      vertex 8.4 8.4 9
      vertex 6.14246 6.14246 9
      vertex 6.23302 6.0392 9
    endloop
  endfacet
  facet normal 0 0 1
    outer loop
      vertex 8.4 8.4 9
      vertex 6.0392 6.23302 9
      vertex 6.14246 6.14246 9
    endloop
  endfacet
  facet normal 0 0 1
    outer loop
      vertex 8.4 8.4 9
      vertex 5.925 6.30933 9
      vertex 6.0392 6.23302 9
    endloop
  endfacet
  facet normal 0 0 1
    outer loop
      vertex 8.4 8.4 9
      vertex 5.80182 6.37007 9
      vertex 5.925 6.30933 9
    endloop
  endfacet
  facet normal 0 0 1
    outer loop
      vertex 8.4 8.4 9
      vertex 5.67176 6.41422 9
      vertex 5.80182 6.37007 9
    endloop
  endfacet
  facet normal 0 0 1
    outer loop
      vertex 8.4 8.4 9
      vertex 5.53705 6.44102 9
      vertex 5.67176 6.41422 9
    endloop
  endfacet
  facet normal 0 0 1
    outer loop
      vertex 8.4 8.4 9
      vertex 5.4 6.45 9
      vertex 5.53705 6.44102 9
    endloop
  endfacet
  facet normal -0 0 1
    outer loop
      vertex 2.4 8.4 9
      vertex 5.4 6.45 9
      vertex 8.4 8.4 9
    endloop
  endfacet
  facet normal 0 0 1
    outer loop
      vertex 5.4 6.45 9
      vertex 2.4 8.4 9
      vertex 5.26295 6.44102 9
    endloop
  endfacet
  facet normal 0 0 1
    outer loop
      vertex 5.26295 6.44102 9
      vertex 2.4 8.4 9
      vertex 5.12824 6.41422 9
    endloop
  endfacet
  facet normal 0 0 1
    outer loop
      vertex 5.12824 6.41422 9
      vertex 2.4 8.4 9
      vertex 4.99818 6.37007 9
    endloop
  endfacet
  facet normal 0 0 1
    outer loop
      vertex 4.35898 5.53705 9
      vertex 2.4 8.4 9
      vertex 4.35 5.4 9
    endloop
  endfacet
  facet normal 0 0 1
    outer loop
      vertex 4.38578 5.67176 9
      vertex 2.4 8.4 9
      vertex 4.35898 5.53705 9
    endloop
  endfacet
  facet normal 0 0 1
    outer loop
      vertex 4.42993 5.80182 9
      vertex 2.4 8.4 9
      vertex 4.38578 5.67176 9
    endloop
  endfacet
  facet normal 0 0 1
    outer loop
      vertex 4.49067 5.925 9
      vertex 2.4 8.4 9
      vertex 4.42993 5.80182 9
    endloop
  endfacet
  facet normal 0 0 1
    outer loop
      vertex 4.56698 6.0392 9
      vertex 2.4 8.4 9
      vertex 4.49067 5.925 9
    endloop
  endfacet
  facet normal 0 0 1
    outer loop
      vertex 4.65754 6.14246 9
      vertex 2.4 8.4 9
      vertex 4.56698 6.0392 9
    endloop
  endfacet
  facet normal 0 0 1
    outer loop
      vertex 4.7608 6.23302 9
      vertex 2.4 8.4 9
      vertex 4.65754 6.14246 9
    endloop
  endfacet
  facet normal 0 0 1
    outer loop
      vertex 4.875 6.30933 9
      vertex 2.4 8.4 9
      vertex 4.7608 6.23302 9
    endloop
  endfacet
  facet normal 0 0 1
    outer loop
      vertex 4.99818 6.37007 9
      vertex 2.4 8.4 9
      vertex 4.875 6.30933 9
    endloop
  endfacet
  facet normal -0 0 1
    outer loop
      vertex 6.44102 5.26295 9
      vertex 8.4 2.4 9
      vertex 6.45 5.4 9
    endloop
  endfacet
  facet normal -0 0 1
    outer loop
      vertex 6.41422 5.12824 9
      vertex 8.4 2.4 9
      vertex 6.44102 5.26295 9
    endloop
  endfacet
  facet normal -0 0 1
    outer loop
      vertex 6.37007 4.99818 9
      vertex 8.4 2.4 9
      vertex 6.41422 5.12824 9
    endloop
  endfacet
  facet normal -0 0 1
    outer loop
      vertex 6.30933 4.875 9
      vertex 8.4 2.4 9
      vertex 6.37007 4.99818 9
    endloop
  endfacet
  facet normal -0 0 1
    outer loop
      vertex 6.23302 4.7608 9
      vertex 8.4 2.4 9
      vertex 6.30933 4.875 9
    endloop
  endfacet
  facet normal -0 0 1
    outer loop
      vertex 6.14246 4.65754 9
      vertex 8.4 2.4 9
      vertex 6.23302 4.7608 9
    endloop
  endfacet
  facet normal -0 0 1
    outer loop
      vertex 6.0392 4.56698 9
      vertex 8.4 2.4 9
      vertex 6.14246 4.65754 9
    endloop
  endfacet
  facet normal -0 0 1
    outer loop
      vertex 5.925 4.49067 9
      vertex 8.4 2.4 9
      vertex 6.0392 4.56698 9
    endloop
  endfacet
  facet normal -0 0 1
    outer loop
      vertex 5.80182 4.42993 9
      vertex 8.4 2.4 9
      vertex 5.925 4.49067 9
    endloop
  endfacet
  facet normal -0 0 1
    outer loop
      vertex 5.67176 4.38578 9
      vertex 8.4 2.4 9
      vertex 5.80182 4.42993 9
    endloop
  endfacet
  facet normal -0 0 1
    outer loop
      vertex 5.53705 4.35898 9
      vertex 8.4 2.4 9
      vertex 5.67176 4.38578 9
    endloop
  endfacet
  facet normal -0 0 1
    outer loop
      vertex 5.4 4.35 9
      vertex 8.4 2.4 9
      vertex 5.53705 4.35898 9
    endloop
  endfacet
  facet normal 0 0 1
    outer loop
      vertex 2.4 2.4 9
      vertex 5.4 4.35 9
      vertex 5.26295 4.35898 9
    endloop
  endfacet
  facet normal 0 0 1
    outer loop
      vertex 2.4 2.4 9
      vertex 5.26295 4.35898 9
      vertex 5.12824 4.38578 9
    endloop
  endfacet
  facet normal 0 0 1
    outer loop
      vertex 2.4 2.4 9
      vertex 5.12824 4.38578 9
      vertex 4.99818 4.42993 9
    endloop
  endfacet
  facet normal 0 0 1
    outer loop
      vertex 2.4 2.4 9
      vertex 4.99818 4.42993 9
      vertex 4.875 4.49067 9
    endloop
  endfacet
  facet normal 0 0 1
    outer loop
      vertex 2.4 2.4 9
      vertex 4.35 5.4 9
      vertex 2.4 8.4 9
    endloop
  endfacet
  facet normal 0 0 1
    outer loop
      vertex 4.35 5.4 9
      vertex 2.4 2.4 9
      vertex 4.35898 5.26295 9
    endloop
  endfacet
  facet normal 0 0 1
    outer loop
      vertex 4.35898 5.26295 9
      vertex 2.4 2.4 9
      vertex 4.38578 5.12824 9
    endloop
  endfacet
  facet normal 0 0 1
    outer loop
      vertex 4.38578 5.12824 9
      vertex 2.4 2.4 9
      vertex 4.42993 4.99818 9
    endloop
  endfacet
  facet normal 0 0 1
    outer loop
      vertex 5.4 4.35 9
      vertex 2.4 2.4 9
      vertex 8.4 2.4 9
    endloop
  endfacet
  facet normal 0 0 1
    outer loop
      vertex 4.7608 4.56698 9
      vertex 2.4 2.4 9
      vertex 4.875 4.49067 9
    endloop
  endfacet
  facet normal 0 0 1
    outer loop
      vertex 4.65754 4.65754 9
      vertex 2.4 2.4 9
      vertex 4.7608 4.56698 9
    endloop
  endfacet
  facet normal 0 0 1
    outer loop
      vertex 4.56698 4.7608 9
      vertex 2.4 2.4 9
      vertex 4.65754 4.65754 9
    endloop
  endfacet
  facet normal 0 0 1
    outer loop
      vertex 4.49067 4.875 9
      vertex 2.4 2.4 9
      vertex 4.56698 4.7608 9
    endloop
  endfacet
  facet normal 0 0 1
    outer loop
      vertex 4.42993 4.99818 9
      vertex 2.4 2.4 9
      vertex 4.49067 4.875 9
    endloop
  endfacet
  facet normal -0 0 -1
    outer loop
      vertex -9 35.8641 0
      vertex -9.43504 35.5734 0
      vertex -9 38.4 0
    endloop
  endfacet
  facet normal 0 0 -1
    outer loop
      vertex 0 18.4 0
      vertex -3 32.4 0
      vertex 0 46.4 0
    endloop
  endfacet
  facet normal 0 0 -1
    outer loop
      vertex 0 18.4 0
      vertex -3.03423 31.8779 0
      vertex -3 32.4 0
    endloop
  endfacet
  facet normal 0 0 -1
    outer loop
      vertex 0 18.4 0
      vertex -3.13631 31.3647 0
      vertex -3.03423 31.8779 0
    endloop
  endfacet
  facet normal 0 0 -1
    outer loop
      vertex 0 18.4 0
      vertex -3.30449 30.8693 0
      vertex -3.13631 31.3647 0
    endloop
  endfacet
  facet normal 0 0 -1
    outer loop
      vertex 0 18.4 0
      vertex -3.5359 30.4 0
      vertex -3.30449 30.8693 0
    endloop
  endfacet
  facet normal 0 0 -1
    outer loop
      vertex 0 18.4 0
      vertex -3.8266 29.965 0
      vertex -3.5359 30.4 0
    endloop
  endfacet
  facet normal 0 0 -1
    outer loop
      vertex 0 18.4 0
      vertex -4.17159 29.5716 0
      vertex -3.8266 29.965 0
    endloop
  endfacet
  facet normal 0 0 -1
    outer loop
      vertex 0 18.4 0
      vertex -4.56496 29.2266 0
      vertex -4.17159 29.5716 0
    endloop
  endfacet
  facet normal 0 0 -1
    outer loop
      vertex 0 18.4 0
      vertex -5 28.9359 0
      vertex -4.56496 29.2266 0
    endloop
  endfacet
  facet normal 0 0 -1
    outer loop
      vertex 0 18.4 0
      vertex -5.46927 28.7045 0
      vertex -5 28.9359 0
    endloop
  endfacet
  facet normal 0 0 -1
    outer loop
      vertex 0 18.4 0
      vertex -5.96474 28.5363 0
      vertex -5.46927 28.7045 0
    endloop
  endfacet
  facet normal 0 0 -1
    outer loop
      vertex 0 18.4 0
      vertex -6.47791 28.4342 0
      vertex -5.96474 28.5363 0
    endloop
  endfacet
  facet normal 0 0 -1
    outer loop
      vertex 0 18.4 0
      vertex -7 28.4 0
      vertex -6.47791 28.4342 0
    endloop
  endfacet
  facet normal 0 0 -1
    outer loop
      vertex -14 18.4 0
      vertex -7 28.4 0
      vertex 0 18.4 0
    endloop
  endfacet
  facet normal -0 0 -1
    outer loop
      vertex -7 28.4 0
      vertex -14 18.4 0
      vertex -7.52209 28.4342 0
    endloop
  endfacet
  facet normal -0 0 -1
    outer loop
      vertex -7.52209 28.4342 0
      vertex -14 18.4 0
      vertex -8.03526 28.5363 0
    endloop
  endfacet
  facet normal -0 0 -1
    outer loop
      vertex -8.03526 28.5363 0
      vertex -14 18.4 0
      vertex -8.53073 28.7045 0
    endloop
  endfacet
  facet normal -0 0 -1
    outer loop
      vertex -8.53073 28.7045 0
      vertex -14 18.4 0
      vertex -9 28.9359 0
    endloop
  endfacet
  facet normal -0 0 -1
    outer loop
      vertex -9 28.9359 0
      vertex -14 18.4 0
      vertex -9.43504 29.2266 0
    endloop
  endfacet
  facet normal -0 0 -1
    outer loop
      vertex -10.9658 31.8779 0
      vertex -14 18.4 0
      vertex -11 32.4 0
    endloop
  endfacet
  facet normal -0 0 -1
    outer loop
      vertex -10.8637 31.3647 0
      vertex -14 18.4 0
      vertex -10.9658 31.8779 0
    endloop
  endfacet
  facet normal -0 0 -1
    outer loop
      vertex -10.6955 30.8693 0
      vertex -14 18.4 0
      vertex -10.8637 31.3647 0
    endloop
  endfacet
  facet normal -0 0 -1
    outer loop
      vertex -10.4641 30.4 0
      vertex -14 18.4 0
      vertex -10.6955 30.8693 0
    endloop
  endfacet
  facet normal -0 0 -1
    outer loop
      vertex -10.1734 29.965 0
      vertex -14 18.4 0
      vertex -10.4641 30.4 0
    endloop
  endfacet
  facet normal -0 0 -1
    outer loop
      vertex -9.82841 29.5716 0
      vertex -14 18.4 0
      vertex -10.1734 29.965 0
    endloop
  endfacet
  facet normal -0 0 -1
    outer loop
      vertex -9.43504 29.2266 0
      vertex -14 18.4 0
      vertex -9.82841 29.5716 0
    endloop
  endfacet
  facet normal 0 0 -1
    outer loop
      vertex 0 18.4 0
      vertex 93.8 18.4 0
      vertex 93.8 0 0
    endloop
  endfacet
  facet normal 0 0 -1
    outer loop
      vertex 93.8 18.4 0
      vertex 0 18.4 0
      vertex 93.8 46.4 0
    endloop
  endfacet
  facet normal 0 0 -1
    outer loop
      vertex 0 18.4 0
      vertex 93.8 0 0
      vertex 0 0 0
    endloop
  endfacet
  facet normal 0 0 -1
    outer loop
      vertex 0 46.4 0
      vertex 93.8 46.4 0
      vertex 0 18.4 0
    endloop
  endfacet
  facet normal 0 0 -1
    outer loop
      vertex 93.8 46.4 0
      vertex 0 46.4 0
      vertex 93.8 64.8 0
    endloop
  endfacet
  facet normal -0 0 -1
    outer loop
      vertex 93.8 64.8 0
      vertex 0 46.4 0
      vertex 0 64.8 0
    endloop
  endfacet
  facet normal 0 0 -1
    outer loop
      vertex -3.03423 32.9221 0
      vertex 0 46.4 0
      vertex -3 32.4 0
    endloop
  endfacet
  facet normal 0 0 -1
    outer loop
      vertex -3.13631 33.4353 0
      vertex 0 46.4 0
      vertex -3.03423 32.9221 0
    endloop
  endfacet
  facet normal 0 0 -1
    outer loop
      vertex -3.30449 33.9307 0
      vertex 0 46.4 0
      vertex -3.13631 33.4353 0
    endloop
  endfacet
  facet normal 0 0 -1
    outer loop
      vertex -3.5359 34.4 0
      vertex 0 46.4 0
      vertex -3.30449 33.9307 0
    endloop
  endfacet
  facet normal 0 0 -1
    outer loop
      vertex -3.8266 34.835 0
      vertex 0 46.4 0
      vertex -3.5359 34.4 0
    endloop
  endfacet
  facet normal 0 0 -1
    outer loop
      vertex -5 38.4 0
      vertex -3.8266 34.835 0
      vertex -4.17159 35.2284 0
    endloop
  endfacet
  facet normal 0 0 -1
    outer loop
      vertex -5 38.4 0
      vertex -4.17159 35.2284 0
      vertex -4.56496 35.5734 0
    endloop
  endfacet
  facet normal 0 0 -1
    outer loop
      vertex -5 38.4 0
      vertex -4.56496 35.5734 0
      vertex -5 35.8641 0
    endloop
  endfacet
  facet normal 0 0 -1
    outer loop
      vertex -3.8266 34.835 0
      vertex -5 38.4 0
      vertex 0 46.4 0
    endloop
  endfacet
  facet normal 0 0 -1
    outer loop
      vertex -5.01712 38.661 0
      vertex 0 46.4 0
      vertex -5 38.4 0
    endloop
  endfacet
  facet normal 0 0 -1
    outer loop
      vertex -5.06816 38.9176 0
      vertex 0 46.4 0
      vertex -5.01712 38.661 0
    endloop
  endfacet
  facet normal 0 0 -1
    outer loop
      vertex -5.15225 39.1654 0
      vertex 0 46.4 0
      vertex -5.06816 38.9176 0
    endloop
  endfacet
  facet normal 0 0 -1
    outer loop
      vertex -5.26796 39.4 0
      vertex 0 46.4 0
      vertex -5.15225 39.1654 0
    endloop
  endfacet
  facet normal 0 0 -1
    outer loop
      vertex -5.4133 39.6175 0
      vertex 0 46.4 0
      vertex -5.26796 39.4 0
    endloop
  endfacet
  facet normal 0 0 -1
    outer loop
      vertex -5.5858 39.8142 0
      vertex 0 46.4 0
      vertex -5.4133 39.6175 0
    endloop
  endfacet
  facet normal 0 0 -1
    outer loop
      vertex -5.78249 39.9867 0
      vertex 0 46.4 0
      vertex -5.5858 39.8142 0
    endloop
  endfacet
  facet normal 0 0 -1
    outer loop
      vertex -6 40.132 0
      vertex 0 46.4 0
      vertex -5.78249 39.9867 0
    endloop
  endfacet
  facet normal 0 0 -1
    outer loop
      vertex -6.23463 40.2477 0
      vertex 0 46.4 0
      vertex -6 40.132 0
    endloop
  endfacet
  facet normal 0 0 -1
    outer loop
      vertex -6.48238 40.3318 0
      vertex 0 46.4 0
      vertex -6.23463 40.2477 0
    endloop
  endfacet
  facet normal 0 0 -1
    outer loop
      vertex -6.73895 40.3829 0
      vertex 0 46.4 0
      vertex -6.48238 40.3318 0
    endloop
  endfacet
  facet normal 0 0 -1
    outer loop
      vertex -7 40.4 0
      vertex 0 46.4 0
      vertex -6.73895 40.3829 0
    endloop
  endfacet
  facet normal 0 0 -1
    outer loop
      vertex -14 46.4 0
      vertex -7 40.4 0
      vertex -7.26105 40.3829 0
    endloop
  endfacet
  facet normal 0 0 -1
    outer loop
      vertex -14 46.4 0
      vertex -7.26105 40.3829 0
      vertex -7.51762 40.3318 0
    endloop
  endfacet
  facet normal 0 0 -1
    outer loop
      vertex -14 46.4 0
      vertex -7.51762 40.3318 0
      vertex -7.76537 40.2477 0
    endloop
  endfacet
  facet normal 0 0 -1
    outer loop
      vertex -14 46.4 0
      vertex -7.76537 40.2477 0
      vertex -8 40.132 0
    endloop
  endfacet
  facet normal 0 0 -1
    outer loop
      vertex -14 46.4 0
      vertex -8 40.132 0
      vertex -8.21751 39.9867 0
    endloop
  endfacet
  facet normal 0 0 -1
    outer loop
      vertex -9.82841 35.2284 0
      vertex -9 38.4 0
      vertex -9.43504 35.5734 0
    endloop
  endfacet
  facet normal 0 0 -1
    outer loop
      vertex -10.1734 34.835 0
      vertex -9 38.4 0
      vertex -9.82841 35.2284 0
    endloop
  endfacet
  facet normal -0 0 -1
    outer loop
      vertex -9 38.4 0
      vertex -10.1734 34.835 0
      vertex -8.98288 38.661 0
    endloop
  endfacet
  facet normal 0 0 -1
    outer loop
      vertex -14 46.4 0
      vertex -8.98288 38.661 0
      vertex -10.1734 34.835 0
    endloop
  endfacet
  facet normal 0 0 -1
    outer loop
      vertex -14 46.4 0
      vertex -10.1734 34.835 0
      vertex -10.4641 34.4 0
    endloop
  endfacet
  facet normal 0 0 -1
    outer loop
      vertex -14 46.4 0
      vertex -10.4641 34.4 0
      vertex -10.6955 33.9307 0
    endloop
  endfacet
  facet normal 0 0 -1
    outer loop
      vertex -8.98288 38.661 0
      vertex -14 46.4 0
      vertex -8.93184 38.9176 0
    endloop
  endfacet
  facet normal 0 0 -1
    outer loop
      vertex -14 46.4 0
      vertex -11 32.4 0
      vertex -14 18.4 0
    endloop
  endfacet
  facet normal 0 0 -1
    outer loop
      vertex -11 32.4 0
      vertex -14 46.4 0
      vertex -10.9658 32.9221 0
    endloop
  endfacet
  facet normal 0 0 -1
    outer loop
      vertex -7 40.4 0
      vertex -14 46.4 0
      vertex 0 46.4 0
    endloop
  endfacet
  facet normal 0 0 -1
    outer loop
      vertex -8.4142 39.8142 0
      vertex -14 46.4 0
      vertex -8.21751 39.9867 0
    endloop
  endfacet
  facet normal 0 0 -1
    outer loop
      vertex -8.5867 39.6175 0
      vertex -14 46.4 0
      vertex -8.4142 39.8142 0
    endloop
  endfacet
  facet normal 0 0 -1
    outer loop
      vertex -8.73204 39.4 0
      vertex -14 46.4 0
      vertex -8.5867 39.6175 0
    endloop
  endfacet
  facet normal 0 0 -1
    outer loop
      vertex -8.84775 39.1654 0
      vertex -14 46.4 0
      vertex -8.73204 39.4 0
    endloop
  endfacet
  facet normal 0 0 -1
    outer loop
      vertex -8.93184 38.9176 0
      vertex -14 46.4 0
      vertex -8.84775 39.1654 0
    endloop
  endfacet
  facet normal 0 0 -1
    outer loop
      vertex -10.8637 33.4353 0
      vertex -14 46.4 0
      vertex -10.6955 33.9307 0
    endloop
  endfacet
  facet normal 0 0 -1
    outer loop
      vertex -10.9658 32.9221 0
      vertex -14 46.4 0
      vertex -10.8637 33.4353 0
    endloop
  endfacet
  facet normal -0 0 -1
    outer loop
      vertex 98.8 35.8641 0
      vertex 98.365 35.5734 0
      vertex 98.8 38.4 0
    endloop
  endfacet
  facet normal 0 0 -1
    outer loop
      vertex 107.8 18.4 0
      vertex 104.8 32.4 0
      vertex 107.8 46.4 0
    endloop
  endfacet
  facet normal 0 0 -1
    outer loop
      vertex 107.8 18.4 0
      vertex 104.766 31.8779 0
      vertex 104.8 32.4 0
    endloop
  endfacet
  facet normal 0 0 -1
    outer loop
      vertex 107.8 18.4 0
      vertex 104.664 31.3647 0
      vertex 104.766 31.8779 0
    endloop
  endfacet
  facet normal 0 0 -1
    outer loop
      vertex 107.8 18.4 0
      vertex 104.496 30.8693 0
      vertex 104.664 31.3647 0
    endloop
  endfacet
  facet normal 0 0 -1
    outer loop
      vertex 107.8 18.4 0
      vertex 104.264 30.4 0
      vertex 104.496 30.8693 0
    endloop
  endfacet
  facet normal 0 0 -1
    outer loop
      vertex 107.8 18.4 0
      vertex 103.973 29.965 0
      vertex 104.264 30.4 0
    endloop
  endfacet
  facet normal 0 0 -1
    outer loop
      vertex 107.8 18.4 0
      vertex 103.628 29.5716 0
      vertex 103.973 29.965 0
    endloop
  endfacet
  facet normal 0 0 -1
    outer loop
      vertex 107.8 18.4 0
      vertex 103.235 29.2266 0
      vertex 103.628 29.5716 0
    endloop
  endfacet
  facet normal 0 0 -1
    outer loop
      vertex 107.8 18.4 0
      vertex 102.8 28.9359 0
      vertex 103.235 29.2266 0
    endloop
  endfacet
  facet normal 0 0 -1
    outer loop
      vertex 107.8 18.4 0
      vertex 102.331 28.7045 0
      vertex 102.8 28.9359 0
    endloop
  endfacet
  facet normal 0 0 -1
    outer loop
      vertex 107.8 18.4 0
      vertex 101.835 28.5363 0
      vertex 102.331 28.7045 0
    endloop
  endfacet
  facet normal 0 0 -1
    outer loop
      vertex 107.8 18.4 0
      vertex 101.322 28.4342 0
      vertex 101.835 28.5363 0
    endloop
  endfacet
  facet normal 0 0 -1
    outer loop
      vertex 107.8 18.4 0
      vertex 100.8 28.4 0
      vertex 101.322 28.4342 0
    endloop
  endfacet
  facet normal 0 0 -1
    outer loop
      vertex 93.8 18.4 0
      vertex 100.8 28.4 0
      vertex 107.8 18.4 0
    endloop
  endfacet
  facet normal -0 0 -1
    outer loop
      vertex 100.8 28.4 0
      vertex 93.8 18.4 0
      vertex 100.278 28.4342 0
    endloop
  endfacet
  facet normal -0 0 -1
    outer loop
      vertex 100.278 28.4342 0
      vertex 93.8 18.4 0
      vertex 99.7647 28.5363 0
    endloop
  endfacet
  facet normal -0 0 -1
    outer loop
      vertex 99.7647 28.5363 0
      vertex 93.8 18.4 0
      vertex 99.2693 28.7045 0
    endloop
  endfacet
  facet normal -0 0 -1
    outer loop
      vertex 99.2693 28.7045 0
      vertex 93.8 18.4 0
      vertex 98.8 28.9359 0
    endloop
  endfacet
  facet normal -0 0 -1
    outer loop
      vertex 98.8 28.9359 0
      vertex 93.8 18.4 0
      vertex 98.365 29.2266 0
    endloop
  endfacet
  facet normal -0 0 -1
    outer loop
      vertex 96.8342 31.8779 0
      vertex 93.8 18.4 0
      vertex 96.8 32.4 0
    endloop
  endfacet
  facet normal -0 0 -1
    outer loop
      vertex 96.9363 31.3647 0
      vertex 93.8 18.4 0
      vertex 96.8342 31.8779 0
    endloop
  endfacet
  facet normal -0 0 -1
    outer loop
      vertex 97.1045 30.8693 0
      vertex 93.8 18.4 0
      vertex 96.9363 31.3647 0
    endloop
  endfacet
  facet normal -0 0 -1
    outer loop
      vertex 97.3359 30.4 0
      vertex 93.8 18.4 0
      vertex 97.1045 30.8693 0
    endloop
  endfacet
  facet normal -0 0 -1
    outer loop
      vertex 97.6266 29.965 0
      vertex 93.8 18.4 0
      vertex 97.3359 30.4 0
    endloop
  endfacet
  facet normal -0 0 -1
    outer loop
      vertex 97.9716 29.5716 0
      vertex 93.8 18.4 0
      vertex 97.6266 29.965 0
    endloop
  endfacet
  facet normal -0 0 -1
    outer loop
      vertex 98.365 29.2266 0
      vertex 93.8 18.4 0
      vertex 97.9716 29.5716 0
    endloop
  endfacet
  facet normal 0 0 -1
    outer loop
      vertex 104.766 32.9221 0
      vertex 107.8 46.4 0
      vertex 104.8 32.4 0
    endloop
  endfacet
  facet normal 0 0 -1
    outer loop
      vertex 104.664 33.4353 0
      vertex 107.8 46.4 0
      vertex 104.766 32.9221 0
    endloop
  endfacet
  facet normal 0 0 -1
    outer loop
      vertex 104.496 33.9307 0
      vertex 107.8 46.4 0
      vertex 104.664 33.4353 0
    endloop
  endfacet
  facet normal 0 0 -1
    outer loop
      vertex 104.264 34.4 0
      vertex 107.8 46.4 0
      vertex 104.496 33.9307 0
    endloop
  endfacet
  facet normal 0 0 -1
    outer loop
      vertex 103.973 34.835 0
      vertex 107.8 46.4 0
      vertex 104.264 34.4 0
    endloop
  endfacet
  facet normal 0 0 -1
    outer loop
      vertex 102.8 38.4 0
      vertex 103.973 34.835 0
      vertex 103.628 35.2284 0
    endloop
  endfacet
  facet normal 0 0 -1
    outer loop
      vertex 102.8 38.4 0
      vertex 103.628 35.2284 0
      vertex 103.235 35.5734 0
    endloop
  endfacet
  facet normal 0 0 -1
    outer loop
      vertex 102.8 38.4 0
      vertex 103.235 35.5734 0
      vertex 102.8 35.8641 0
    endloop
  endfacet
  facet normal 0 0 -1
    outer loop
      vertex 103.973 34.835 0
      vertex 102.8 38.4 0
      vertex 107.8 46.4 0
    endloop
  endfacet
  facet normal 0 0 -1
    outer loop
      vertex 102.783 38.661 0
      vertex 107.8 46.4 0
      vertex 102.8 38.4 0
    endloop
  endfacet
  facet normal 0 0 -1
    outer loop
      vertex 102.732 38.9176 0
      vertex 107.8 46.4 0
      vertex 102.783 38.661 0
    endloop
  endfacet
  facet normal 0 0 -1
    outer loop
      vertex 102.648 39.1654 0
      vertex 107.8 46.4 0
      vertex 102.732 38.9176 0
    endloop
  endfacet
  facet normal 0 0 -1
    outer loop
      vertex 102.532 39.4 0
      vertex 107.8 46.4 0
      vertex 102.648 39.1654 0
    endloop
  endfacet
  facet normal 0 0 -1
    outer loop
      vertex 102.387 39.6175 0
      vertex 107.8 46.4 0
      vertex 102.532 39.4 0
    endloop
  endfacet
  facet normal 0 0 -1
    outer loop
      vertex 102.214 39.8142 0
      vertex 107.8 46.4 0
      vertex 102.387 39.6175 0
    endloop
  endfacet
  facet normal 0 0 -1
    outer loop
      vertex 102.018 39.9867 0
      vertex 107.8 46.4 0
      vertex 102.214 39.8142 0
    endloop
  endfacet
  facet normal 0 0 -1
    outer loop
      vertex 101.8 40.132 0
      vertex 107.8 46.4 0
      vertex 102.018 39.9867 0
    endloop
  endfacet
  facet normal 0 0 -1
    outer loop
      vertex 101.565 40.2477 0
      vertex 107.8 46.4 0
      vertex 101.8 40.132 0
    endloop
  endfacet
  facet normal 0 0 -1
    outer loop
      vertex 101.318 40.3318 0
      vertex 107.8 46.4 0
      vertex 101.565 40.2477 0
    endloop
  endfacet
  facet normal 0 0 -1
    outer loop
      vertex 101.061 40.3829 0
      vertex 107.8 46.4 0
      vertex 101.318 40.3318 0
    endloop
  endfacet
  facet normal 0 0 -1
    outer loop
      vertex 100.8 40.4 0
      vertex 107.8 46.4 0
      vertex 101.061 40.3829 0
    endloop
  endfacet
  facet normal 0 0 -1
    outer loop
      vertex 93.8 46.4 0
      vertex 100.8 40.4 0
      vertex 100.539 40.3829 0
    endloop
  endfacet
  facet normal 0 0 -1
    outer loop
      vertex 93.8 46.4 0
      vertex 100.539 40.3829 0
      vertex 100.282 40.3318 0
    endloop
  endfacet
  facet normal 0 0 -1
    outer loop
      vertex 93.8 46.4 0
      vertex 100.282 40.3318 0
      vertex 100.035 40.2477 0
    endloop
  endfacet
  facet normal 0 0 -1
    outer loop
      vertex 93.8 46.4 0
      vertex 100.035 40.2477 0
      vertex 99.8 40.132 0
    endloop
  endfacet
  facet normal 0 0 -1
    outer loop
      vertex 93.8 46.4 0
      vertex 99.8 40.132 0
      vertex 99.5825 39.9867 0
    endloop
  endfacet
  facet normal 0 0 -1
    outer loop
      vertex 97.9716 35.2284 0
      vertex 98.8 38.4 0
      vertex 98.365 35.5734 0
    endloop
  endfacet
  facet normal 0 0 -1
    outer loop
      vertex 97.6266 34.835 0
      vertex 98.8 38.4 0
      vertex 97.9716 35.2284 0
    endloop
  endfacet
  facet normal -0 0 -1
    outer loop
      vertex 98.8 38.4 0
      vertex 97.6266 34.835 0
      vertex 98.8171 38.661 0
    endloop
  endfacet
  facet normal 0 0 -1
    outer loop
      vertex 93.8 46.4 0
      vertex 98.8171 38.661 0
      vertex 97.6266 34.835 0
    endloop
  endfacet
  facet normal 0 0 -1
    outer loop
      vertex 93.8 46.4 0
      vertex 97.6266 34.835 0
      vertex 97.3359 34.4 0
    endloop
  endfacet
  facet normal 0 0 -1
    outer loop
      vertex 93.8 46.4 0
      vertex 97.3359 34.4 0
      vertex 97.1045 33.9307 0
    endloop
  endfacet
  facet normal 0 0 -1
    outer loop
      vertex 98.8171 38.661 0
      vertex 93.8 46.4 0
      vertex 98.8682 38.9176 0
    endloop
  endfacet
  facet normal 0 0 -1
    outer loop
      vertex 93.8 46.4 0
      vertex 96.8 32.4 0
      vertex 93.8 18.4 0
    endloop
  endfacet
  facet normal 0 0 -1
    outer loop
      vertex 96.8 32.4 0
      vertex 93.8 46.4 0
      vertex 96.8342 32.9221 0
    endloop
  endfacet
  facet normal 0 0 -1
    outer loop
      vertex 100.8 40.4 0
      vertex 93.8 46.4 0
      vertex 107.8 46.4 0
    endloop
  endfacet
  facet normal 0 0 -1
    outer loop
      vertex 99.3858 39.8142 0
      vertex 93.8 46.4 0
      vertex 99.5825 39.9867 0
    endloop
  endfacet
  facet normal 0 0 -1
    outer loop
      vertex 99.2133 39.6175 0
      vertex 93.8 46.4 0
      vertex 99.3858 39.8142 0
    endloop
  endfacet
  facet normal 0 0 -1
    outer loop
      vertex 99.068 39.4 0
      vertex 93.8 46.4 0
      vertex 99.2133 39.6175 0
    endloop
  endfacet
  facet normal 0 0 -1
    outer loop
      vertex 98.9523 39.1654 0
      vertex 93.8 46.4 0
      vertex 99.068 39.4 0
    endloop
  endfacet
  facet normal 0 0 -1
    outer loop
      vertex 98.8682 38.9176 0
      vertex 93.8 46.4 0
      vertex 98.9523 39.1654 0
    endloop
  endfacet
  facet normal 0 0 -1
    outer loop
      vertex 96.9363 33.4353 0
      vertex 93.8 46.4 0
      vertex 97.1045 33.9307 0
    endloop
  endfacet
  facet normal 0 0 -1
    outer loop
      vertex 96.8342 32.9221 0
      vertex 93.8 46.4 0
      vertex 96.9363 33.4353 0
    endloop
  endfacet
  facet normal -1 0 0
    outer loop
      vertex 2.4 2.4 3
      vertex 2.4 8.4 9
      vertex 2.4 8.4 3
    endloop
  endfacet
  facet normal -1 -0 0
    outer loop
      vertex 2.4 8.4 9
      vertex 2.4 2.4 3
      vertex 2.4 2.4 9
    endloop
  endfacet
  facet normal 0 1 0
    outer loop
      vertex 6.97834 8.4 8
      vertex 8.4 8.4 9
      vertex 8.4 8.4 8
    endloop
  endfacet
  facet normal 0 1 0
    outer loop
      vertex 8.4 8.4 9
      vertex 6.97834 8.4 8
      vertex 2.4 8.4 9
    endloop
  endfacet
  facet normal 0 1 0
    outer loop
      vertex 4.94723 8.4 7
      vertex 6.97834 8.4 8
      vertex 6.97834 8.4 7
    endloop
  endfacet
  facet normal 0 1 0
    outer loop
      vertex 6.97834 8.4 8
      vertex 4.94723 8.4 7
      vertex 2.4 8.4 9
    endloop
  endfacet
  facet normal 0 1 0
    outer loop
      vertex 2.4 8.4 3
      vertex 4.94723 8.4 7
      vertex 4.94723 8.4 3
    endloop
  endfacet
  facet normal 0 1 0
    outer loop
      vertex 4.94723 8.4 7
      vertex 2.4 8.4 3
      vertex 2.4 8.4 9
    endloop
  endfacet
  facet normal 0 -1 0
    outer loop
      vertex 2.4 2.4 3
      vertex 8.4 2.4 9
      vertex 2.4 2.4 9
    endloop
  endfacet
  facet normal 0 -1 -0
    outer loop
      vertex 8.4 2.4 9
      vertex 2.4 2.4 3
      vertex 8.4 2.4 3
    endloop
  endfacet
  facet normal 1 -0 0
    outer loop
      vertex 91.4 2.4 9
      vertex 91.4 8.4 3
      vertex 91.4 8.4 9
    endloop
  endfacet
  facet normal 1 0 0
    outer loop
      vertex 91.4 8.4 3
      vertex 91.4 2.4 9
      vertex 91.4 2.4 3
    endloop
  endfacet
  facet normal 0 0 1
    outer loop
      vertex 91.4 8.4 9
      vertex 89.45 5.4 9
      vertex 91.4 2.4 9
    endloop
  endfacet
  facet normal 0 0 1
    outer loop
      vertex 91.4 8.4 9
      vertex 89.441 5.53705 9
      vertex 89.45 5.4 9
    endloop
  endfacet
  facet normal 0 0 1
    outer loop
      vertex 91.4 8.4 9
      vertex 89.4142 5.67176 9
      vertex 89.441 5.53705 9
    endloop
  endfacet
  facet normal 0 0 1
    outer loop
      vertex 91.4 8.4 9
      vertex 89.3701 5.80182 9
      vertex 89.4142 5.67176 9
    endloop
  endfacet
  facet normal 0 0 1
    outer loop
      vertex 91.4 8.4 9
      vertex 89.3093 5.925 9
      vertex 89.3701 5.80182 9
    endloop
  endfacet
  facet normal 0 0 1
    outer loop
      vertex 91.4 8.4 9
      vertex 89.233 6.0392 9
      vertex 89.3093 5.925 9
    endloop
  endfacet
  facet normal 0 0 1
    outer loop
      vertex 91.4 8.4 9
      vertex 89.1425 6.14246 9
      vertex 89.233 6.0392 9
    endloop
  endfacet
  facet normal 0 0 1
    outer loop
      vertex 91.4 8.4 9
      vertex 89.0392 6.23302 9
      vertex 89.1425 6.14246 9
    endloop
  endfacet
  facet normal 0 0 1
    outer loop
      vertex 91.4 8.4 9
      vertex 88.925 6.30933 9
      vertex 89.0392 6.23302 9
    endloop
  endfacet
  facet normal 0 0 1
    outer loop
      vertex 91.4 8.4 9
      vertex 88.8018 6.37007 9
      vertex 88.925 6.30933 9
    endloop
  endfacet
  facet normal 0 0 1
    outer loop
      vertex 91.4 8.4 9
      vertex 88.6718 6.41422 9
      vertex 88.8018 6.37007 9
    endloop
  endfacet
  facet normal 0 0 1
    outer loop
      vertex 91.4 8.4 9
      vertex 88.537 6.44102 9
      vertex 88.6718 6.41422 9
    endloop
  endfacet
  facet normal 0 0 1
    outer loop
      vertex 91.4 8.4 9
      vertex 88.4 6.45 9
      vertex 88.537 6.44102 9
    endloop
  endfacet
  facet normal -0 0 1
    outer loop
      vertex 85.4 8.4 9
      vertex 88.4 6.45 9
      vertex 91.4 8.4 9
    endloop
  endfacet
  facet normal 0 0 1
    outer loop
      vertex 88.4 6.45 9
      vertex 85.4 8.4 9
      vertex 88.2629 6.44102 9
    endloop
  endfacet
  facet normal 0 0 1
    outer loop
      vertex 88.2629 6.44102 9
      vertex 85.4 8.4 9
      vertex 88.1282 6.41422 9
    endloop
  endfacet
  facet normal 0 0 1
    outer loop
      vertex 88.1282 6.41422 9
      vertex 85.4 8.4 9
      vertex 87.9982 6.37007 9
    endloop
  endfacet
  facet normal 0 0 1
    outer loop
      vertex 87.359 5.53705 9
      vertex 85.4 8.4 9
      vertex 87.35 5.4 9
    endloop
  endfacet
  facet normal 0 0 1
    outer loop
      vertex 87.3858 5.67176 9
      vertex 85.4 8.4 9
      vertex 87.359 5.53705 9
    endloop
  endfacet
  facet normal 0 0 1
    outer loop
      vertex 87.4299 5.80182 9
      vertex 85.4 8.4 9
      vertex 87.3858 5.67176 9
    endloop
  endfacet
  facet normal 0 0 1
    outer loop
      vertex 87.4907 5.925 9
      vertex 85.4 8.4 9
      vertex 87.4299 5.80182 9
    endloop
  endfacet
  facet normal 0 0 1
    outer loop
      vertex 87.567 6.0392 9
      vertex 85.4 8.4 9
      vertex 87.4907 5.925 9
    endloop
  endfacet
  facet normal 0 0 1
    outer loop
      vertex 87.6575 6.14246 9
      vertex 85.4 8.4 9
      vertex 87.567 6.0392 9
    endloop
  endfacet
  facet normal 0 0 1
    outer loop
      vertex 87.7608 6.23302 9
      vertex 85.4 8.4 9
      vertex 87.6575 6.14246 9
    endloop
  endfacet
  facet normal 0 0 1
    outer loop
      vertex 87.875 6.30933 9
      vertex 85.4 8.4 9
      vertex 87.7608 6.23302 9
    endloop
  endfacet
  facet normal 0 0 1
    outer loop
      vertex 87.9982 6.37007 9
      vertex 85.4 8.4 9
      vertex 87.875 6.30933 9
    endloop
  endfacet
  facet normal -0 0 1
    outer loop
      vertex 89.441 5.26295 9
      vertex 91.4 2.4 9
      vertex 89.45 5.4 9
    endloop
  endfacet
  facet normal -0 0 1
    outer loop
      vertex 89.4142 5.12824 9
      vertex 91.4 2.4 9
      vertex 89.441 5.26295 9
    endloop
  endfacet
  facet normal -0 0 1
    outer loop
      vertex 89.3701 4.99818 9
      vertex 91.4 2.4 9
      vertex 89.4142 5.12824 9
    endloop
  endfacet
  facet normal -0 0 1
    outer loop
      vertex 89.3093 4.875 9
      vertex 91.4 2.4 9
      vertex 89.3701 4.99818 9
    endloop
  endfacet
  facet normal -0 0 1
    outer loop
      vertex 89.233 4.7608 9
      vertex 91.4 2.4 9
      vertex 89.3093 4.875 9
    endloop
  endfacet
  facet normal -0 0 1
    outer loop
      vertex 89.1425 4.65754 9
      vertex 91.4 2.4 9
      vertex 89.233 4.7608 9
    endloop
  endfacet
  facet normal -0 0 1
    outer loop
      vertex 89.0392 4.56698 9
      vertex 91.4 2.4 9
      vertex 89.1425 4.65754 9
    endloop
  endfacet
  facet normal -0 0 1
    outer loop
      vertex 88.925 4.49067 9
      vertex 91.4 2.4 9
      vertex 89.0392 4.56698 9
    endloop
  endfacet
  facet normal -0 0 1
    outer loop
      vertex 88.8018 4.42993 9
      vertex 91.4 2.4 9
      vertex 88.925 4.49067 9
    endloop
  endfacet
  facet normal -0 0 1
    outer loop
      vertex 88.6718 4.38578 9
      vertex 91.4 2.4 9
      vertex 88.8018 4.42993 9
    endloop
  endfacet
  facet normal -0 0 1
    outer loop
      vertex 88.537 4.35898 9
      vertex 91.4 2.4 9
      vertex 88.6718 4.38578 9
    endloop
  endfacet
  facet normal -0 0 1
    outer loop
      vertex 88.4 4.35 9
      vertex 91.4 2.4 9
      vertex 88.537 4.35898 9
    endloop
  endfacet
  facet normal 0 0 1
    outer loop
      vertex 85.4 2.4 9
      vertex 88.4 4.35 9
      vertex 88.2629 4.35898 9
    endloop
  endfacet
  facet normal 0 0 1
    outer loop
      vertex 85.4 2.4 9
      vertex 88.2629 4.35898 9
      vertex 88.1282 4.38578 9
    endloop
  endfacet
  facet normal 0 0 1
    outer loop
      vertex 85.4 2.4 9
      vertex 88.1282 4.38578 9
      vertex 87.9982 4.42993 9
    endloop
  endfacet
  facet normal 0 0 1
    outer loop
      vertex 85.4 2.4 9
      vertex 87.9982 4.42993 9
      vertex 87.875 4.49067 9
    endloop
  endfacet
  facet normal 0 0 1
    outer loop
      vertex 85.4 2.4 9
      vertex 87.35 5.4 9
      vertex 85.4 8.4 9
    endloop
  endfacet
  facet normal 0 0 1
    outer loop
      vertex 87.35 5.4 9
      vertex 85.4 2.4 9
      vertex 87.359 5.26295 9
    endloop
  endfacet
  facet normal 0 0 1
    outer loop
      vertex 87.359 5.26295 9
      vertex 85.4 2.4 9
      vertex 87.3858 5.12824 9
    endloop
  endfacet
  facet normal 0 0 1
    outer loop
      vertex 87.3858 5.12824 9
      vertex 85.4 2.4 9
      vertex 87.4299 4.99818 9
    endloop
  endfacet
  facet normal 0 0 1
    outer loop
      vertex 88.4 4.35 9
      vertex 85.4 2.4 9
      vertex 91.4 2.4 9
    endloop
  endfacet
  facet normal 0 0 1
    outer loop
      vertex 87.7608 4.56698 9
      vertex 85.4 2.4 9
      vertex 87.875 4.49067 9
    endloop
  endfacet
  facet normal 0 0 1
    outer loop
      vertex 87.6575 4.65754 9
      vertex 85.4 2.4 9
      vertex 87.7608 4.56698 9
    endloop
  endfacet
  facet normal 0 0 1
    outer loop
      vertex 87.567 4.7608 9
      vertex 85.4 2.4 9
      vertex 87.6575 4.65754 9
    endloop
  endfacet
  facet normal 0 0 1
    outer loop
      vertex 87.4907 4.875 9
      vertex 85.4 2.4 9
      vertex 87.567 4.7608 9
    endloop
  endfacet
  facet normal 0 0 1
    outer loop
      vertex 87.4299 4.99818 9
      vertex 85.4 2.4 9
      vertex 87.4907 4.875 9
    endloop
  endfacet
  facet normal -1 0 0
    outer loop
      vertex 85.4 2.4 3
      vertex 85.4 8.4 9
      vertex 85.4 8.4 3
    endloop
  endfacet
  facet normal -1 -0 0
    outer loop
      vertex 85.4 8.4 9
      vertex 85.4 2.4 3
      vertex 85.4 2.4 9
    endloop
  endfacet
  facet normal 0 1 -0
    outer loop
      vertex 91.4 8.4 3
      vertex 85.4 8.4 9
      vertex 91.4 8.4 9
    endloop
  endfacet
  facet normal 0 1 0
    outer loop
      vertex 85.4 8.4 9
      vertex 91.4 8.4 3
      vertex 85.4 8.4 3
    endloop
  endfacet
  facet normal 0 -1 0
    outer loop
      vertex 85.4 2.4 3
      vertex 91.4 2.4 9
      vertex 85.4 2.4 9
    endloop
  endfacet
  facet normal 0 -1 -0
    outer loop
      vertex 91.4 2.4 9
      vertex 85.4 2.4 3
      vertex 91.4 2.4 3
    endloop
  endfacet
  facet normal 1 0 0
    outer loop
      vertex 8.4 62.4 9
      vertex 8.4 59.8528 7
      vertex 8.4 62.4 3
    endloop
  endfacet
  facet normal 1 0 0
    outer loop
      vertex 8.4 62.4 9
      vertex 8.4 57.8217 8
      vertex 8.4 59.8528 7
    endloop
  endfacet
  facet normal 1 -0 0
    outer loop
      vertex 8.4 56.4 9
      vertex 8.4 57.8217 8
      vertex 8.4 62.4 9
    endloop
  endfacet
  facet normal 1 0 0
    outer loop
      vertex 8.4 57.8217 8
      vertex 8.4 56.4 9
      vertex 8.4 56.4 8
    endloop
  endfacet
  facet normal 1 0 0
    outer loop
      vertex 8.4 62.4 3
      vertex 8.4 59.8528 7
      vertex 8.4 59.8528 3
    endloop
  endfacet
  facet normal 1 0 0
    outer loop
      vertex 8.4 59.8528 7
      vertex 8.4 57.8217 8
      vertex 8.4 57.8217 7
    endloop
  endfacet
  facet normal 0 0 1
    outer loop
      vertex 8.4 62.4 9
      vertex 6.45 59.4 9
      vertex 8.4 56.4 9
    endloop
  endfacet
  facet normal 0 0 1
    outer loop
      vertex 8.4 62.4 9
      vertex 6.44102 59.5371 9
      vertex 6.45 59.4 9
    endloop
  endfacet
  facet normal 0 0 1
    outer loop
      vertex 8.4 62.4 9
      vertex 6.41422 59.6718 9
      vertex 6.44102 59.5371 9
    endloop
  endfacet
  facet normal 0 0 1
    outer loop
      vertex 8.4 62.4 9
      vertex 6.37007 59.8018 9
      vertex 6.41422 59.6718 9
    endloop
  endfacet
  facet normal 0 0 1
    outer loop
      vertex 8.4 62.4 9
      vertex 6.30933 59.925 9
      vertex 6.37007 59.8018 9
    endloop
  endfacet
  facet normal 0 0 1
    outer loop
      vertex 8.4 62.4 9
      vertex 6.23302 60.0392 9
      vertex 6.30933 59.925 9
    endloop
  endfacet
  facet normal 0 0 1
    outer loop
      vertex 8.4 62.4 9
      vertex 6.14246 60.1425 9
      vertex 6.23302 60.0392 9
    endloop
  endfacet
  facet normal 0 0 1
    outer loop
      vertex 8.4 62.4 9
      vertex 6.0392 60.233 9
      vertex 6.14246 60.1425 9
    endloop
  endfacet
  facet normal 0 0 1
    outer loop
      vertex 8.4 62.4 9
      vertex 5.925 60.3093 9
      vertex 6.0392 60.233 9
    endloop
  endfacet
  facet normal 0 0 1
    outer loop
      vertex 8.4 62.4 9
      vertex 5.80182 60.3701 9
      vertex 5.925 60.3093 9
    endloop
  endfacet
  facet normal 0 0 1
    outer loop
      vertex 8.4 62.4 9
      vertex 5.67176 60.4142 9
      vertex 5.80182 60.3701 9
    endloop
  endfacet
  facet normal 0 0 1
    outer loop
      vertex 8.4 62.4 9
      vertex 5.53705 60.441 9
      vertex 5.67176 60.4142 9
    endloop
  endfacet
  facet normal 0 0 1
    outer loop
      vertex 8.4 62.4 9
      vertex 5.4 60.45 9
      vertex 5.53705 60.441 9
    endloop
  endfacet
  facet normal -0 0 1
    outer loop
      vertex 2.4 62.4 9
      vertex 5.4 60.45 9
      vertex 8.4 62.4 9
    endloop
  endfacet
  facet normal 0 0 1
    outer loop
      vertex 5.4 60.45 9
      vertex 2.4 62.4 9
      vertex 5.26295 60.441 9
    endloop
  endfacet
  facet normal 0 0 1
    outer loop
      vertex 5.26295 60.441 9
      vertex 2.4 62.4 9
      vertex 5.12824 60.4142 9
    endloop
  endfacet
  facet normal 0 0 1
    outer loop
      vertex 5.12824 60.4142 9
      vertex 2.4 62.4 9
      vertex 4.99818 60.3701 9
    endloop
  endfacet
  facet normal 0 0 1
    outer loop
      vertex 4.35898 59.5371 9
      vertex 2.4 62.4 9
      vertex 4.35 59.4 9
    endloop
  endfacet
  facet normal 0 0 1
    outer loop
      vertex 4.38578 59.6718 9
      vertex 2.4 62.4 9
      vertex 4.35898 59.5371 9
    endloop
  endfacet
  facet normal 0 0 1
    outer loop
      vertex 4.42993 59.8018 9
      vertex 2.4 62.4 9
      vertex 4.38578 59.6718 9
    endloop
  endfacet
  facet normal 0 0 1
    outer loop
      vertex 4.49067 59.925 9
      vertex 2.4 62.4 9
      vertex 4.42993 59.8018 9
    endloop
  endfacet
  facet normal 0 0 1
    outer loop
      vertex 4.56698 60.0392 9
      vertex 2.4 62.4 9
      vertex 4.49067 59.925 9
    endloop
  endfacet
  facet normal 0 0 1
    outer loop
      vertex 4.65754 60.1425 9
      vertex 2.4 62.4 9
      vertex 4.56698 60.0392 9
    endloop
  endfacet
  facet normal 0 0 1
    outer loop
      vertex 4.7608 60.233 9
      vertex 2.4 62.4 9
      vertex 4.65754 60.1425 9
    endloop
  endfacet
  facet normal 0 0 1
    outer loop
      vertex 4.875 60.3093 9
      vertex 2.4 62.4 9
      vertex 4.7608 60.233 9
    endloop
  endfacet
  facet normal 0 0 1
    outer loop
      vertex 4.99818 60.3701 9
      vertex 2.4 62.4 9
      vertex 4.875 60.3093 9
    endloop
  endfacet
  facet normal -0 0 1
    outer loop
      vertex 6.44102 59.2629 9
      vertex 8.4 56.4 9
      vertex 6.45 59.4 9
    endloop
  endfacet
  facet normal -0 0 1
    outer loop
      vertex 6.41422 59.1282 9
      vertex 8.4 56.4 9
      vertex 6.44102 59.2629 9
    endloop
  endfacet
  facet normal -0 0 1
    outer loop
      vertex 6.37007 58.9982 9
      vertex 8.4 56.4 9
      vertex 6.41422 59.1282 9
    endloop
  endfacet
  facet normal -0 0 1
    outer loop
      vertex 6.30933 58.875 9
      vertex 8.4 56.4 9
      vertex 6.37007 58.9982 9
    endloop
  endfacet
  facet normal -0 0 1
    outer loop
      vertex 6.23302 58.7608 9
      vertex 8.4 56.4 9
      vertex 6.30933 58.875 9
    endloop
  endfacet
  facet normal -0 0 1
    outer loop
      vertex 6.14246 58.6575 9
      vertex 8.4 56.4 9
      vertex 6.23302 58.7608 9
    endloop
  endfacet
  facet normal -0 0 1
    outer loop
      vertex 6.0392 58.567 9
      vertex 8.4 56.4 9
      vertex 6.14246 58.6575 9
    endloop
  endfacet
  facet normal -0 0 1
    outer loop
      vertex 5.925 58.4907 9
      vertex 8.4 56.4 9
      vertex 6.0392 58.567 9
    endloop
  endfacet
  facet normal -0 0 1
    outer loop
      vertex 5.80182 58.4299 9
      vertex 8.4 56.4 9
      vertex 5.925 58.4907 9
    endloop
  endfacet
  facet normal -0 0 1
    outer loop
      vertex 5.67176 58.3858 9
      vertex 8.4 56.4 9
      vertex 5.80182 58.4299 9
    endloop
  endfacet
  facet normal -0 0 1
    outer loop
      vertex 5.53705 58.359 9
      vertex 8.4 56.4 9
      vertex 5.67176 58.3858 9
    endloop
  endfacet
  facet normal -0 0 1
    outer loop
      vertex 5.4 58.35 9
      vertex 8.4 56.4 9
      vertex 5.53705 58.359 9
    endloop
  endfacet
  facet normal 0 0 1
    outer loop
      vertex 2.4 56.4 9
      vertex 5.4 58.35 9
      vertex 5.26295 58.359 9
    endloop
  endfacet
  facet normal 0 0 1
    outer loop
      vertex 2.4 56.4 9
      vertex 5.26295 58.359 9
      vertex 5.12824 58.3858 9
    endloop
  endfacet
  facet normal 0 0 1
    outer loop
      vertex 2.4 56.4 9
      vertex 5.12824 58.3858 9
      vertex 4.99818 58.4299 9
    endloop
  endfacet
  facet normal 0 0 1
    outer loop
      vertex 2.4 56.4 9
      vertex 4.99818 58.4299 9
      vertex 4.875 58.4907 9
    endloop
  endfacet
  facet normal 0 0 1
    outer loop
      vertex 2.4 56.4 9
      vertex 4.35 59.4 9
      vertex 2.4 62.4 9
    endloop
  endfacet
  facet normal 0 0 1
    outer loop
      vertex 4.35 59.4 9
      vertex 2.4 56.4 9
      vertex 4.35898 59.2629 9
    endloop
  endfacet
  facet normal 0 0 1
    outer loop
      vertex 4.35898 59.2629 9
      vertex 2.4 56.4 9
      vertex 4.38578 59.1282 9
    endloop
  endfacet
  facet normal 0 0 1
    outer loop
      vertex 4.38578 59.1282 9
      vertex 2.4 56.4 9
      vertex 4.42993 58.9982 9
    endloop
  endfacet
  facet normal 0 0 1
    outer loop
      vertex 5.4 58.35 9
      vertex 2.4 56.4 9
      vertex 8.4 56.4 9
    endloop
  endfacet
  facet normal 0 0 1
    outer loop
      vertex 4.7608 58.567 9
      vertex 2.4 56.4 9
      vertex 4.875 58.4907 9
    endloop
  endfacet
  facet normal 0 0 1
    outer loop
      vertex 4.65754 58.6575 9
      vertex 2.4 56.4 9
      vertex 4.7608 58.567 9
    endloop
  endfacet
  facet normal 0 0 1
    outer loop
      vertex 4.56698 58.7608 9
      vertex 2.4 56.4 9
      vertex 4.65754 58.6575 9
    endloop
  endfacet
  facet normal 0 0 1
    outer loop
      vertex 4.49067 58.875 9
      vertex 2.4 56.4 9
      vertex 4.56698 58.7608 9
    endloop
  endfacet
  facet normal 0 0 1
    outer loop
      vertex 4.42993 58.9982 9
      vertex 2.4 56.4 9
      vertex 4.49067 58.875 9
    endloop
  endfacet
  facet normal -1 0 0
    outer loop
      vertex 2.4 56.4 3
      vertex 2.4 62.4 9
      vertex 2.4 62.4 3
    endloop
  endfacet
  facet normal -1 -0 0
    outer loop
      vertex 2.4 62.4 9
      vertex 2.4 56.4 3
      vertex 2.4 56.4 9
    endloop
  endfacet
  facet normal 0 1 -0
    outer loop
      vertex 8.4 62.4 3
      vertex 2.4 62.4 9
      vertex 8.4 62.4 9
    endloop
  endfacet
  facet normal 0 1 0
    outer loop
      vertex 2.4 62.4 9
      vertex 8.4 62.4 3
      vertex 2.4 62.4 3
    endloop
  endfacet
  facet normal 0 -1 0
    outer loop
      vertex 2.4 56.4 9
      vertex 6.97834 56.4 8
      vertex 8.4 56.4 9
    endloop
  endfacet
  facet normal 0 -1 0
    outer loop
      vertex 2.4 56.4 9
      vertex 4.94723 56.4 7
      vertex 6.97834 56.4 8
    endloop
  endfacet
  facet normal 0 -1 0
    outer loop
      vertex 2.4 56.4 3
      vertex 4.94723 56.4 7
      vertex 2.4 56.4 9
    endloop
  endfacet
  facet normal 0 -1 -0
    outer loop
      vertex 4.94723 56.4 7
      vertex 2.4 56.4 3
      vertex 4.94723 56.4 3
    endloop
  endfacet
  facet normal 0 -1 -0
    outer loop
      vertex 8.4 56.4 9
      vertex 6.97834 56.4 8
      vertex 8.4 56.4 8
    endloop
  endfacet
  facet normal 0 -1 -0
    outer loop
      vertex 6.97834 56.4 8
      vertex 4.94723 56.4 7
      vertex 6.97834 56.4 7
    endloop
  endfacet
  facet normal 1 -0 0
    outer loop
      vertex 91.4 56.4 9
      vertex 91.4 62.4 3
      vertex 91.4 62.4 9
    endloop
  endfacet
  facet normal 1 0 0
    outer loop
      vertex 91.4 62.4 3
      vertex 91.4 56.4 9
      vertex 91.4 56.4 3
    endloop
  endfacet
  facet normal 0 0 1
    outer loop
      vertex 91.4 62.4 9
      vertex 89.45 59.4 9
      vertex 91.4 56.4 9
    endloop
  endfacet
  facet normal 0 0 1
    outer loop
      vertex 91.4 62.4 9
      vertex 89.441 59.5371 9
      vertex 89.45 59.4 9
    endloop
  endfacet
  facet normal 0 0 1
    outer loop
      vertex 91.4 62.4 9
      vertex 89.4142 59.6718 9
      vertex 89.441 59.5371 9
    endloop
  endfacet
  facet normal 0 0 1
    outer loop
      vertex 91.4 62.4 9
      vertex 89.3701 59.8018 9
      vertex 89.4142 59.6718 9
    endloop
  endfacet
  facet normal 0 0 1
    outer loop
      vertex 91.4 62.4 9
      vertex 89.3093 59.925 9
      vertex 89.3701 59.8018 9
    endloop
  endfacet
  facet normal 0 0 1
    outer loop
      vertex 91.4 62.4 9
      vertex 89.233 60.0392 9
      vertex 89.3093 59.925 9
    endloop
  endfacet
  facet normal 0 0 1
    outer loop
      vertex 91.4 62.4 9
      vertex 89.1425 60.1425 9
      vertex 89.233 60.0392 9
    endloop
  endfacet
  facet normal 0 0 1
    outer loop
      vertex 91.4 62.4 9
      vertex 89.0392 60.233 9
      vertex 89.1425 60.1425 9
    endloop
  endfacet
  facet normal 0 0 1
    outer loop
      vertex 91.4 62.4 9
      vertex 88.925 60.3093 9
      vertex 89.0392 60.233 9
    endloop
  endfacet
  facet normal 0 0 1
    outer loop
      vertex 91.4 62.4 9
      vertex 88.8018 60.3701 9
      vertex 88.925 60.3093 9
    endloop
  endfacet
  facet normal 0 0 1
    outer loop
      vertex 91.4 62.4 9
      vertex 88.6718 60.4142 9
      vertex 88.8018 60.3701 9
    endloop
  endfacet
  facet normal 0 0 1
    outer loop
      vertex 91.4 62.4 9
      vertex 88.537 60.441 9
      vertex 88.6718 60.4142 9
    endloop
  endfacet
  facet normal 0 0 1
    outer loop
      vertex 91.4 62.4 9
      vertex 88.4 60.45 9
      vertex 88.537 60.441 9
    endloop
  endfacet
  facet normal -0 0 1
    outer loop
      vertex 85.4 62.4 9
      vertex 88.4 60.45 9
      vertex 91.4 62.4 9
    endloop
  endfacet
  facet normal 0 0 1
    outer loop
      vertex 88.4 60.45 9
      vertex 85.4 62.4 9
      vertex 88.2629 60.441 9
    endloop
  endfacet
  facet normal 0 0 1
    outer loop
      vertex 88.2629 60.441 9
      vertex 85.4 62.4 9
      vertex 88.1282 60.4142 9
    endloop
  endfacet
  facet normal 0 0 1
    outer loop
      vertex 88.1282 60.4142 9
      vertex 85.4 62.4 9
      vertex 87.9982 60.3701 9
    endloop
  endfacet
  facet normal 0 0 1
    outer loop
      vertex 87.359 59.5371 9
      vertex 85.4 62.4 9
      vertex 87.35 59.4 9
    endloop
  endfacet
  facet normal 0 0 1
    outer loop
      vertex 87.3858 59.6718 9
      vertex 85.4 62.4 9
      vertex 87.359 59.5371 9
    endloop
  endfacet
  facet normal 0 0 1
    outer loop
      vertex 87.4299 59.8018 9
      vertex 85.4 62.4 9
      vertex 87.3858 59.6718 9
    endloop
  endfacet
  facet normal 0 0 1
    outer loop
      vertex 87.4907 59.925 9
      vertex 85.4 62.4 9
      vertex 87.4299 59.8018 9
    endloop
  endfacet
  facet normal 0 0 1
    outer loop
      vertex 87.567 60.0392 9
      vertex 85.4 62.4 9
      vertex 87.4907 59.925 9
    endloop
  endfacet
  facet normal 0 0 1
    outer loop
      vertex 87.6575 60.1425 9
      vertex 85.4 62.4 9
      vertex 87.567 60.0392 9
    endloop
  endfacet
  facet normal 0 0 1
    outer loop
      vertex 87.7608 60.233 9
      vertex 85.4 62.4 9
      vertex 87.6575 60.1425 9
    endloop
  endfacet
  facet normal 0 0 1
    outer loop
      vertex 87.875 60.3093 9
      vertex 85.4 62.4 9
      vertex 87.7608 60.233 9
    endloop
  endfacet
  facet normal 0 0 1
    outer loop
      vertex 87.9982 60.3701 9
      vertex 85.4 62.4 9
      vertex 87.875 60.3093 9
    endloop
  endfacet
  facet normal -0 0 1
    outer loop
      vertex 89.441 59.2629 9
      vertex 91.4 56.4 9
      vertex 89.45 59.4 9
    endloop
  endfacet
  facet normal -0 0 1
    outer loop
      vertex 89.4142 59.1282 9
      vertex 91.4 56.4 9
      vertex 89.441 59.2629 9
    endloop
  endfacet
  facet normal -0 0 1
    outer loop
      vertex 89.3701 58.9982 9
      vertex 91.4 56.4 9
      vertex 89.4142 59.1282 9
    endloop
  endfacet
  facet normal -0 0 1
    outer loop
      vertex 89.3093 58.875 9
      vertex 91.4 56.4 9
      vertex 89.3701 58.9982 9
    endloop
  endfacet
  facet normal -0 0 1
    outer loop
      vertex 89.233 58.7608 9
      vertex 91.4 56.4 9
      vertex 89.3093 58.875 9
    endloop
  endfacet
  facet normal -0 0 1
    outer loop
      vertex 89.1425 58.6575 9
      vertex 91.4 56.4 9
      vertex 89.233 58.7608 9
    endloop
  endfacet
  facet normal -0 0 1
    outer loop
      vertex 89.0392 58.567 9
      vertex 91.4 56.4 9
      vertex 89.1425 58.6575 9
    endloop
  endfacet
  facet normal -0 0 1
    outer loop
      vertex 88.925 58.4907 9
      vertex 91.4 56.4 9
      vertex 89.0392 58.567 9
    endloop
  endfacet
  facet normal -0 0 1
    outer loop
      vertex 88.8018 58.4299 9
      vertex 91.4 56.4 9
      vertex 88.925 58.4907 9
    endloop
  endfacet
  facet normal -0 0 1
    outer loop
      vertex 88.6718 58.3858 9
      vertex 91.4 56.4 9
      vertex 88.8018 58.4299 9
    endloop
  endfacet
  facet normal -0 0 1
    outer loop
      vertex 88.537 58.359 9
      vertex 91.4 56.4 9
      vertex 88.6718 58.3858 9
    endloop
  endfacet
  facet normal -0 0 1
    outer loop
      vertex 88.4 58.35 9
      vertex 91.4 56.4 9
      vertex 88.537 58.359 9
    endloop
  endfacet
  facet normal 0 0 1
    outer loop
      vertex 85.4 56.4 9
      vertex 88.4 58.35 9
      vertex 88.2629 58.359 9
    endloop
  endfacet
  facet normal 0 0 1
    outer loop
      vertex 85.4 56.4 9
      vertex 88.2629 58.359 9
      vertex 88.1282 58.3858 9
    endloop
  endfacet
  facet normal 0 0 1
    outer loop
      vertex 85.4 56.4 9
      vertex 88.1282 58.3858 9
      vertex 87.9982 58.4299 9
    endloop
  endfacet
  facet normal 0 0 1
    outer loop
      vertex 85.4 56.4 9
      vertex 87.9982 58.4299 9
      vertex 87.875 58.4907 9
    endloop
  endfacet
  facet normal 0 0 1
    outer loop
      vertex 85.4 56.4 9
      vertex 87.35 59.4 9
      vertex 85.4 62.4 9
    endloop
  endfacet
  facet normal 0 0 1
    outer loop
      vertex 87.35 59.4 9
      vertex 85.4 56.4 9
      vertex 87.359 59.2629 9
    endloop
  endfacet
  facet normal 0 0 1
    outer loop
      vertex 87.359 59.2629 9
      vertex 85.4 56.4 9
      vertex 87.3858 59.1282 9
    endloop
  endfacet
  facet normal 0 0 1
    outer loop
      vertex 87.3858 59.1282 9
      vertex 85.4 56.4 9
      vertex 87.4299 58.9982 9
    endloop
  endfacet
  facet normal 0 0 1
    outer loop
      vertex 88.4 58.35 9
      vertex 85.4 56.4 9
      vertex 91.4 56.4 9
    endloop
  endfacet
  facet normal 0 0 1
    outer loop
      vertex 87.7608 58.567 9
      vertex 85.4 56.4 9
      vertex 87.875 58.4907 9
    endloop
  endfacet
  facet normal 0 0 1
    outer loop
      vertex 87.6575 58.6575 9
      vertex 85.4 56.4 9
      vertex 87.7608 58.567 9
    endloop
  endfacet
  facet normal 0 0 1
    outer loop
      vertex 87.567 58.7608 9
      vertex 85.4 56.4 9
      vertex 87.6575 58.6575 9
    endloop
  endfacet
  facet normal 0 0 1
    outer loop
      vertex 87.4907 58.875 9
      vertex 85.4 56.4 9
      vertex 87.567 58.7608 9
    endloop
  endfacet
  facet normal 0 0 1
    outer loop
      vertex 87.4299 58.9982 9
      vertex 85.4 56.4 9
      vertex 87.4907 58.875 9
    endloop
  endfacet
  facet normal -1 0 0
    outer loop
      vertex 85.4 56.4 3
      vertex 85.4 62.4 9
      vertex 85.4 62.4 3
    endloop
  endfacet
  facet normal -1 -0 0
    outer loop
      vertex 85.4 62.4 9
      vertex 85.4 56.4 3
      vertex 85.4 56.4 9
    endloop
  endfacet
  facet normal 0 1 -0
    outer loop
      vertex 91.4 62.4 3
      vertex 85.4 62.4 9
      vertex 91.4 62.4 9
    endloop
  endfacet
  facet normal 0 1 0
    outer loop
      vertex 85.4 62.4 9
      vertex 91.4 62.4 3
      vertex 85.4 62.4 3
    endloop
  endfacet
  facet normal 0 -1 0
    outer loop
      vertex 85.4 56.4 3
      vertex 91.4 56.4 9
      vertex 85.4 56.4 9
    endloop
  endfacet
  facet normal 0 -1 -0
    outer loop
      vertex 91.4 56.4 9
      vertex 85.4 56.4 3
      vertex 91.4 56.4 3
    endloop
  endfacet
  facet normal 0.321444 -0.946928 0
    outer loop
      vertex 8.67646 5.00222 3
      vertex 9.04805 5.12836 7
      vertex 8.67646 5.00222 7
    endloop
  endfacet
  facet normal 0.321444 -0.946928 0
    outer loop
      vertex 9.04805 5.12836 7
      vertex 8.67646 5.00222 3
      vertex 9.04805 5.12836 3
    endloop
  endfacet
  facet normal 0.44216 0.896936 -0
    outer loop
      vertex 9.4 10.4981 3
      vertex 9.04805 10.6716 7
      vertex 9.4 10.4981 7
    endloop
  endfacet
  facet normal 0.44216 0.896936 0
    outer loop
      vertex 9.04805 10.6716 7
      vertex 9.4 10.4981 3
      vertex 9.04805 10.6716 3
    endloop
  endfacet
  facet normal 0.555582 -0.831462 0
    outer loop
      vertex 9.4 5.30192 3
      vertex 9.72628 5.51994 7
      vertex 9.4 5.30192 7
    endloop
  endfacet
  facet normal 0.555582 -0.831462 0
    outer loop
      vertex 9.72628 5.51994 7
      vertex 9.4 5.30192 3
      vertex 9.72628 5.51994 3
    endloop
  endfacet
  facet normal -0.44216 0.896936 0
    outer loop
      vertex 6.75195 10.6716 3
      vertex 6.4 10.4981 7
      vertex 6.75195 10.6716 7
    endloop
  endfacet
  facet normal -0.44216 0.896936 0
    outer loop
      vertex 6.4 10.4981 7
      vertex 6.75195 10.6716 3
      vertex 6.4 10.4981 3
    endloop
  endfacet
  facet normal 0.442283 -0.896875 0
    outer loop
      vertex 9.04805 5.12836 3
      vertex 9.4 5.30192 7
      vertex 9.04805 5.12836 7
    endloop
  endfacet
  facet normal 0.442283 -0.896875 0
    outer loop
      vertex 9.4 5.30192 7
      vertex 9.04805 5.12836 3
      vertex 9.4 5.30192 3
    endloop
  endfacet
  facet normal 0.896936 0.44216 0
    outer loop
      vertex 10.6716 9.04805 7
      vertex 10.4981 9.4 3
      vertex 10.4981 9.4 7
    endloop
  endfacet
  facet normal 0.896936 0.44216 0
    outer loop
      vertex 10.4981 9.4 3
      vertex 10.6716 9.04805 7
      vertex 10.6716 9.04805 3
    endloop
  endfacet
  facet normal -0.980786 0.195086 0
    outer loop
      vertex 4.94723 8.4 3
      vertex 5.00222 8.67646 7
      vertex 5.00222 8.67646 3
    endloop
  endfacet
  facet normal -0.980786 0.195086 0
    outer loop
      vertex 5.00222 8.67646 7
      vertex 4.94723 8.4 3
      vertex 4.94723 8.4 7
    endloop
  endfacet
  facet normal -0.0654906 0.997853 0
    outer loop
      vertex 7.9 10.9 3
      vertex 7.50842 10.8743 7
      vertex 7.9 10.9 7
    endloop
  endfacet
  facet normal -0.0654906 0.997853 0
    outer loop
      vertex 7.50842 10.8743 7
      vertex 7.9 10.9 3
      vertex 7.50842 10.8743 3
    endloop
  endfacet
  facet normal -0.946928 0.321444 0
    outer loop
      vertex 5.00222 8.67646 3
      vertex 5.12836 9.04805 7
      vertex 5.12836 9.04805 3
    endloop
  endfacet
  facet normal -0.946928 0.321444 0
    outer loop
      vertex 5.12836 9.04805 7
      vertex 5.00222 8.67646 3
      vertex 5.00222 8.67646 7
    endloop
  endfacet
  facet normal 0.980813 0.19495 0
    outer loop
      vertex 10.8743 8.29158 7
      vertex 10.7978 8.67646 3
      vertex 10.7978 8.67646 7
    endloop
  endfacet
  facet normal 0.980813 0.19495 0
    outer loop
      vertex 10.7978 8.67646 3
      vertex 10.8743 8.29158 7
      vertex 10.8743 8.29158 3
    endloop
  endfacet
  facet normal -0.831462 0.555582 0
    outer loop
      vertex 5.30192 9.4 3
      vertex 5.51994 9.72628 7
      vertex 5.51994 9.72628 3
    endloop
  endfacet
  facet normal -0.831462 0.555582 0
    outer loop
      vertex 5.51994 9.72628 7
      vertex 5.30192 9.4 3
      vertex 5.30192 9.4 7
    endloop
  endfacet
  facet normal -0.19495 0.980813 0
    outer loop
      vertex 7.50842 10.8743 3
      vertex 7.12354 10.7978 7
      vertex 7.50842 10.8743 7
    endloop
  endfacet
  facet normal -0.19495 0.980813 0
    outer loop
      vertex 7.12354 10.7978 7
      vertex 7.50842 10.8743 3
      vertex 7.12354 10.7978 3
    endloop
  endfacet
  facet normal 0.195086 -0.980786 0
    outer loop
      vertex 8.4 4.94723 3
      vertex 8.67646 5.00222 7
      vertex 8.4 4.94723 7
    endloop
  endfacet
  facet normal 0.195086 -0.980786 0
    outer loop
      vertex 8.67646 5.00222 7
      vertex 8.4 4.94723 3
      vertex 8.67646 5.00222 3
    endloop
  endfacet
  facet normal 0.751746 0.659453 0
    outer loop
      vertex 10.2801 9.72628 7
      vertex 10.0213 10.0213 3
      vertex 10.0213 10.0213 7
    endloop
  endfacet
  facet normal 0.751746 0.659453 0
    outer loop
      vertex 10.0213 10.0213 3
      vertex 10.2801 9.72628 7
      vertex 10.2801 9.72628 3
    endloop
  endfacet
  facet normal 0.831485 -0.555547 0
    outer loop
      vertex 10.2801 6.07372 7
      vertex 10.4981 6.4 3
      vertex 10.4981 6.4 7
    endloop
  endfacet
  facet normal 0.831485 -0.555547 0
    outer loop
      vertex 10.4981 6.4 3
      vertex 10.2801 6.07372 7
      vertex 10.2801 6.07372 3
    endloop
  endfacet
  facet normal -0.896875 0.442283 0
    outer loop
      vertex 5.12836 9.04805 3
      vertex 5.30192 9.4 7
      vertex 5.30192 9.4 3
    endloop
  endfacet
  facet normal -0.896875 0.442283 0
    outer loop
      vertex 5.30192 9.4 7
      vertex 5.12836 9.04805 3
      vertex 5.12836 9.04805 7
    endloop
  endfacet
  facet normal 0.555547 0.831485 -0
    outer loop
      vertex 9.72628 10.2801 3
      vertex 9.4 10.4981 7
      vertex 9.72628 10.2801 7
    endloop
  endfacet
  facet normal 0.555547 0.831485 0
    outer loop
      vertex 9.4 10.4981 7
      vertex 9.72628 10.2801 3
      vertex 9.4 10.4981 3
    endloop
  endfacet
  facet normal -0.751822 0.659367 0
    outer loop
      vertex 5.51994 9.72628 3
      vertex 5.77868 10.0213 7
      vertex 5.77868 10.0213 3
    endloop
  endfacet
  facet normal -0.751822 0.659367 0
    outer loop
      vertex 5.77868 10.0213 7
      vertex 5.51994 9.72628 3
      vertex 5.51994 9.72628 7
    endloop
  endfacet
  facet normal 0.831485 0.555547 0
    outer loop
      vertex 10.4981 9.4 7
      vertex 10.2801 9.72628 3
      vertex 10.2801 9.72628 7
    endloop
  endfacet
  facet normal 0.831485 0.555547 0
    outer loop
      vertex 10.2801 9.72628 3
      vertex 10.4981 9.4 7
      vertex 10.4981 9.4 3
    endloop
  endfacet
  facet normal 0.997853 0.0654906 0
    outer loop
      vertex 10.9 7.9 7
      vertex 10.8743 8.29158 3
      vertex 10.8743 8.29158 7
    endloop
  endfacet
  facet normal 0.997853 0.0654906 0
    outer loop
      vertex 10.8743 8.29158 3
      vertex 10.9 7.9 7
      vertex 10.9 7.9 3
    endloop
  endfacet
  facet normal -0.659428 0.751768 0
    outer loop
      vertex 6.07372 10.2801 3
      vertex 5.77868 10.0213 7
      vertex 6.07372 10.2801 7
    endloop
  endfacet
  facet normal -0.659428 0.751768 0
    outer loop
      vertex 5.77868 10.0213 7
      vertex 6.07372 10.2801 3
      vertex 5.77868 10.0213 3
    endloop
  endfacet
  facet normal 0.997853 -0.0654906 0
    outer loop
      vertex 10.8743 7.50842 7
      vertex 10.9 7.9 3
      vertex 10.9 7.9 7
    endloop
  endfacet
  facet normal 0.997853 -0.0654906 0
    outer loop
      vertex 10.9 7.9 3
      vertex 10.8743 7.50842 7
      vertex 10.8743 7.50842 3
    endloop
  endfacet
  facet normal 0.659453 0.751746 -0
    outer loop
      vertex 10.0213 10.0213 3
      vertex 9.72628 10.2801 7
      vertex 10.0213 10.0213 7
    endloop
  endfacet
  facet normal 0.659453 0.751746 0
    outer loop
      vertex 9.72628 10.2801 7
      vertex 10.0213 10.0213 3
      vertex 9.72628 10.2801 3
    endloop
  endfacet
  facet normal 0.946882 -0.321582 0
    outer loop
      vertex 10.6716 6.75195 7
      vertex 10.7978 7.12354 3
      vertex 10.7978 7.12354 7
    endloop
  endfacet
  facet normal 0.946882 -0.321582 0
    outer loop
      vertex 10.7978 7.12354 3
      vertex 10.6716 6.75195 7
      vertex 10.6716 6.75195 3
    endloop
  endfacet
  facet normal 0.946882 0.321582 0
    outer loop
      vertex 10.7978 8.67646 7
      vertex 10.6716 9.04805 3
      vertex 10.6716 9.04805 7
    endloop
  endfacet
  facet normal 0.946882 0.321582 0
    outer loop
      vertex 10.6716 9.04805 3
      vertex 10.7978 8.67646 7
      vertex 10.7978 8.67646 3
    endloop
  endfacet
  facet normal 0.659367 -0.751822 0
    outer loop
      vertex 9.72628 5.51994 3
      vertex 10.0213 5.77868 7
      vertex 9.72628 5.51994 7
    endloop
  endfacet
  facet normal 0.659367 -0.751822 0
    outer loop
      vertex 10.0213 5.77868 7
      vertex 9.72628 5.51994 3
      vertex 10.0213 5.77868 3
    endloop
  endfacet
  facet normal 0.321582 0.946882 -0
    outer loop
      vertex 9.04805 10.6716 3
      vertex 8.67646 10.7978 7
      vertex 9.04805 10.6716 7
    endloop
  endfacet
  facet normal 0.321582 0.946882 0
    outer loop
      vertex 8.67646 10.7978 7
      vertex 9.04805 10.6716 3
      vertex 8.67646 10.7978 3
    endloop
  endfacet
  facet normal 0.751768 -0.659428 0
    outer loop
      vertex 10.0213 5.77868 7
      vertex 10.2801 6.07372 3
      vertex 10.2801 6.07372 7
    endloop
  endfacet
  facet normal 0.751768 -0.659428 0
    outer loop
      vertex 10.2801 6.07372 3
      vertex 10.0213 5.77868 7
      vertex 10.0213 5.77868 3
    endloop
  endfacet
  facet normal -0.321582 0.946882 0
    outer loop
      vertex 7.12354 10.7978 3
      vertex 6.75195 10.6716 7
      vertex 7.12354 10.7978 7
    endloop
  endfacet
  facet normal -0.321582 0.946882 0
    outer loop
      vertex 6.75195 10.6716 7
      vertex 7.12354 10.7978 3
      vertex 6.75195 10.6716 3
    endloop
  endfacet
  facet normal 0.980813 -0.19495 0
    outer loop
      vertex 10.7978 7.12354 7
      vertex 10.8743 7.50842 3
      vertex 10.8743 7.50842 7
    endloop
  endfacet
  facet normal 0.980813 -0.19495 0
    outer loop
      vertex 10.8743 7.50842 3
      vertex 10.7978 7.12354 7
      vertex 10.7978 7.12354 3
    endloop
  endfacet
  facet normal 0.896936 -0.44216 0
    outer loop
      vertex 10.4981 6.4 7
      vertex 10.6716 6.75195 3
      vertex 10.6716 6.75195 7
    endloop
  endfacet
  facet normal 0.896936 -0.44216 0
    outer loop
      vertex 10.6716 6.75195 3
      vertex 10.4981 6.4 7
      vertex 10.4981 6.4 3
    endloop
  endfacet
  facet normal 0.19495 0.980813 -0
    outer loop
      vertex 8.67646 10.7978 3
      vertex 8.29158 10.8743 7
      vertex 8.67646 10.7978 7
    endloop
  endfacet
  facet normal 0.19495 0.980813 0
    outer loop
      vertex 8.29158 10.8743 7
      vertex 8.67646 10.7978 3
      vertex 8.29158 10.8743 3
    endloop
  endfacet
  facet normal -0.555547 0.831485 0
    outer loop
      vertex 6.4 10.4981 3
      vertex 6.07372 10.2801 7
      vertex 6.4 10.4981 7
    endloop
  endfacet
  facet normal -0.555547 0.831485 0
    outer loop
      vertex 6.07372 10.2801 7
      vertex 6.4 10.4981 3
      vertex 6.07372 10.2801 3
    endloop
  endfacet
  facet normal 0.0654906 0.997853 -0
    outer loop
      vertex 8.29158 10.8743 3
      vertex 7.9 10.9 7
      vertex 8.29158 10.8743 7
    endloop
  endfacet
  facet normal 0.0654906 0.997853 0
    outer loop
      vertex 7.9 10.9 7
      vertex 8.29158 10.8743 3
      vertex 7.9 10.9 3
    endloop
  endfacet
  facet normal 0 0 1
    outer loop
      vertex 8.95 7.9 7
      vertex 10.9 7.9 7
      vertex 10.8743 8.29158 7
    endloop
  endfacet
  facet normal 0 0 1
    outer loop
      vertex 8.94102 8.03705 7
      vertex 10.8743 8.29158 7
      vertex 10.7978 8.67646 7
    endloop
  endfacet
  facet normal 0 0 1
    outer loop
      vertex 10.9 7.9 7
      vertex 8.95 7.9 7
      vertex 10.8743 7.50842 7
    endloop
  endfacet
  facet normal 0 0 1
    outer loop
      vertex 8.91422 8.17176 7
      vertex 10.7978 8.67646 7
      vertex 10.6716 9.04805 7
    endloop
  endfacet
  facet normal -0 0 1
    outer loop
      vertex 8.94102 7.76295 7
      vertex 10.8743 7.50842 7
      vertex 8.95 7.9 7
    endloop
  endfacet
  facet normal 0 0 1
    outer loop
      vertex 8.87007 8.30182 7
      vertex 10.6716 9.04805 7
      vertex 10.4981 9.4 7
    endloop
  endfacet
  facet normal 0 0 1
    outer loop
      vertex 10.8743 7.50842 7
      vertex 8.94102 7.76295 7
      vertex 10.7978 7.12354 7
    endloop
  endfacet
  facet normal 0 0 1
    outer loop
      vertex 8.80933 8.425 7
      vertex 10.4981 9.4 7
      vertex 10.2801 9.72628 7
    endloop
  endfacet
  facet normal -0 0 1
    outer loop
      vertex 8.91422 7.62824 7
      vertex 10.7978 7.12354 7
      vertex 8.94102 7.76295 7
    endloop
  endfacet
  facet normal 0 0 1
    outer loop
      vertex 8.73302 8.5392 7
      vertex 10.2801 9.72628 7
      vertex 10.0213 10.0213 7
    endloop
  endfacet
  facet normal 0 0 1
    outer loop
      vertex 10.7978 7.12354 7
      vertex 8.91422 7.62824 7
      vertex 10.6716 6.75195 7
    endloop
  endfacet
  facet normal 0 0 1
    outer loop
      vertex 8.64246 8.64246 7
      vertex 10.0213 10.0213 7
      vertex 9.72628 10.2801 7
    endloop
  endfacet
  facet normal -0 0 1
    outer loop
      vertex 8.87007 7.49818 7
      vertex 10.6716 6.75195 7
      vertex 8.91422 7.62824 7
    endloop
  endfacet
  facet normal 0 0 1
    outer loop
      vertex 8.5392 8.73302 7
      vertex 9.72628 10.2801 7
      vertex 9.4 10.4981 7
    endloop
  endfacet
  facet normal 0 0 1
    outer loop
      vertex 10.6716 6.75195 7
      vertex 8.87007 7.49818 7
      vertex 10.4981 6.4 7
    endloop
  endfacet
  facet normal 0 0 1
    outer loop
      vertex 8.425 8.80933 7
      vertex 9.4 10.4981 7
      vertex 9.04805 10.6716 7
    endloop
  endfacet
  facet normal -0 0 1
    outer loop
      vertex 8.80933 7.375 7
      vertex 10.4981 6.4 7
      vertex 8.87007 7.49818 7
    endloop
  endfacet
  facet normal 0 0 1
    outer loop
      vertex 10.4981 6.4 7
      vertex 8.80933 7.375 7
      vertex 10.2801 6.07372 7
    endloop
  endfacet
  facet normal 0 0 1
    outer loop
      vertex 10.8743 8.29158 7
      vertex 8.94102 8.03705 7
      vertex 8.95 7.9 7
    endloop
  endfacet
  facet normal 0 0 1
    outer loop
      vertex 10.7978 8.67646 7
      vertex 8.91422 8.17176 7
      vertex 8.94102 8.03705 7
    endloop
  endfacet
  facet normal 0 0 1
    outer loop
      vertex 10.6716 9.04805 7
      vertex 8.87007 8.30182 7
      vertex 8.91422 8.17176 7
    endloop
  endfacet
  facet normal 0 0 1
    outer loop
      vertex 10.4981 9.4 7
      vertex 8.80933 8.425 7
      vertex 8.87007 8.30182 7
    endloop
  endfacet
  facet normal 0 0 1
    outer loop
      vertex 10.2801 9.72628 7
      vertex 8.73302 8.5392 7
      vertex 8.80933 8.425 7
    endloop
  endfacet
  facet normal 0 0 1
    outer loop
      vertex 8.30182 8.87007 7
      vertex 9.04805 10.6716 7
      vertex 8.67646 10.7978 7
    endloop
  endfacet
  facet normal 0 0 1
    outer loop
      vertex 10.0213 10.0213 7
      vertex 8.64246 8.64246 7
      vertex 8.73302 8.5392 7
    endloop
  endfacet
  facet normal 0 0 1
    outer loop
      vertex 9.72628 10.2801 7
      vertex 8.5392 8.73302 7
      vertex 8.64246 8.64246 7
    endloop
  endfacet
  facet normal 0 0 1
    outer loop
      vertex 9.4 10.4981 7
      vertex 8.425 8.80933 7
      vertex 8.5392 8.73302 7
    endloop
  endfacet
  facet normal 0 0 1
    outer loop
      vertex 9.04805 10.6716 7
      vertex 8.30182 8.87007 7
      vertex 8.425 8.80933 7
    endloop
  endfacet
  facet normal 0 0 1
    outer loop
      vertex 8.17176 8.91422 7
      vertex 8.67646 10.7978 7
      vertex 8.29158 10.8743 7
    endloop
  endfacet
  facet normal 0 0 1
    outer loop
      vertex 8.67646 10.7978 7
      vertex 8.17176 8.91422 7
      vertex 8.30182 8.87007 7
    endloop
  endfacet
  facet normal 0 0 1
    outer loop
      vertex 8.29158 10.8743 7
      vertex 8.03705 8.94102 7
      vertex 8.17176 8.91422 7
    endloop
  endfacet
  facet normal 0 0 1
    outer loop
      vertex 7.9 10.9 7
      vertex 8.03705 8.94102 7
      vertex 8.29158 10.8743 7
    endloop
  endfacet
  facet normal 0 0 1
    outer loop
      vertex 7.9 10.9 7
      vertex 7.9 8.95 7
      vertex 8.03705 8.94102 7
    endloop
  endfacet
  facet normal 0 0 1
    outer loop
      vertex 7.9 10.9 7
      vertex 7.76295 8.94102 7
      vertex 7.9 8.95 7
    endloop
  endfacet
  facet normal -0 0 1
    outer loop
      vertex 7.50842 10.8743 7
      vertex 7.76295 8.94102 7
      vertex 7.9 10.9 7
    endloop
  endfacet
  facet normal 0 0 1
    outer loop
      vertex 7.76295 8.94102 7
      vertex 7.50842 10.8743 7
      vertex 7.62824 8.91422 7
    endloop
  endfacet
  facet normal -0 0 1
    outer loop
      vertex 7.12354 10.7978 7
      vertex 7.62824 8.91422 7
      vertex 7.50842 10.8743 7
    endloop
  endfacet
  facet normal 0 0 1
    outer loop
      vertex 7.62824 8.91422 7
      vertex 7.12354 10.7978 7
      vertex 7.49818 8.87007 7
    endloop
  endfacet
  facet normal -0 0 1
    outer loop
      vertex 6.75195 10.6716 7
      vertex 7.49818 8.87007 7
      vertex 7.12354 10.7978 7
    endloop
  endfacet
  facet normal 0 0 1
    outer loop
      vertex 7.49818 8.87007 7
      vertex 6.75195 10.6716 7
      vertex 7.375 8.80933 7
    endloop
  endfacet
  facet normal -0 0 1
    outer loop
      vertex 6.4 10.4981 7
      vertex 7.375 8.80933 7
      vertex 6.75195 10.6716 7
    endloop
  endfacet
  facet normal 0 0 1
    outer loop
      vertex 7.375 8.80933 7
      vertex 6.4 10.4981 7
      vertex 7.2608 8.73302 7
    endloop
  endfacet
  facet normal -0 0 1
    outer loop
      vertex 6.07372 10.2801 7
      vertex 7.2608 8.73302 7
      vertex 6.4 10.4981 7
    endloop
  endfacet
  facet normal 0 0 1
    outer loop
      vertex 7.2608 8.73302 7
      vertex 6.07372 10.2801 7
      vertex 7.15754 8.64246 7
    endloop
  endfacet
  facet normal -0 0 1
    outer loop
      vertex 5.77868 10.0213 7
      vertex 7.15754 8.64246 7
      vertex 6.07372 10.2801 7
    endloop
  endfacet
  facet normal 0 0 1
    outer loop
      vertex 7.15754 8.64246 7
      vertex 5.77868 10.0213 7
      vertex 7.06698 8.5392 7
    endloop
  endfacet
  facet normal -0 0 1
    outer loop
      vertex 5.51994 9.72628 7
      vertex 7.06698 8.5392 7
      vertex 5.77868 10.0213 7
    endloop
  endfacet
  facet normal 0 0 1
    outer loop
      vertex 7.06698 8.5392 7
      vertex 5.51994 9.72628 7
      vertex 6.99067 8.425 7
    endloop
  endfacet
  facet normal -0 0 1
    outer loop
      vertex 5.30192 9.4 7
      vertex 6.99067 8.425 7
      vertex 5.51994 9.72628 7
    endloop
  endfacet
  facet normal 0 0 1
    outer loop
      vertex 6.99067 8.425 7
      vertex 5.30192 9.4 7
      vertex 6.97834 8.4 7
    endloop
  endfacet
  facet normal -0 0 1
    outer loop
      vertex 5.12836 9.04805 7
      vertex 6.97834 8.4 7
      vertex 5.30192 9.4 7
    endloop
  endfacet
  facet normal -0 0 1
    outer loop
      vertex 5.00222 8.67646 7
      vertex 6.97834 8.4 7
      vertex 5.12836 9.04805 7
    endloop
  endfacet
  facet normal 0 0 1
    outer loop
      vertex 6.97834 8.4 7
      vertex 5.00222 8.67646 7
      vertex 4.94723 8.4 7
    endloop
  endfacet
  facet normal -0 0 1
    outer loop
      vertex 8.73302 7.2608 7
      vertex 10.2801 6.07372 7
      vertex 8.80933 7.375 7
    endloop
  endfacet
  facet normal 0 0 1
    outer loop
      vertex 10.2801 6.07372 7
      vertex 8.73302 7.2608 7
      vertex 10.0213 5.77868 7
    endloop
  endfacet
  facet normal -0 0 1
    outer loop
      vertex 8.64246 7.15754 7
      vertex 10.0213 5.77868 7
      vertex 8.73302 7.2608 7
    endloop
  endfacet
  facet normal 0 0 1
    outer loop
      vertex 10.0213 5.77868 7
      vertex 8.64246 7.15754 7
      vertex 9.72628 5.51994 7
    endloop
  endfacet
  facet normal -0 0 1
    outer loop
      vertex 8.5392 7.06698 7
      vertex 9.72628 5.51994 7
      vertex 8.64246 7.15754 7
    endloop
  endfacet
  facet normal 0 0 1
    outer loop
      vertex 9.72628 5.51994 7
      vertex 8.5392 7.06698 7
      vertex 9.4 5.30192 7
    endloop
  endfacet
  facet normal -0 0 1
    outer loop
      vertex 8.425 6.99067 7
      vertex 9.4 5.30192 7
      vertex 8.5392 7.06698 7
    endloop
  endfacet
  facet normal -0 0 1
    outer loop
      vertex 8.4 6.97834 7
      vertex 9.4 5.30192 7
      vertex 8.425 6.99067 7
    endloop
  endfacet
  facet normal 0 0 1
    outer loop
      vertex 9.4 5.30192 7
      vertex 8.4 6.97834 7
      vertex 9.04805 5.12836 7
    endloop
  endfacet
  facet normal 0 0 1
    outer loop
      vertex 9.04805 5.12836 7
      vertex 8.4 6.97834 7
      vertex 8.67646 5.00222 7
    endloop
  endfacet
  facet normal 0 0 1
    outer loop
      vertex 8.67646 5.00222 7
      vertex 8.4 6.97834 7
      vertex 8.4 4.94723 7
    endloop
  endfacet
  facet normal -0.896936 -0.44216 0
    outer loop
      vertex 63.3019 6.4 3
      vertex 63.1284 6.75195 7
      vertex 63.1284 6.75195 3
    endloop
  endfacet
  facet normal -0.896936 -0.44216 0
    outer loop
      vertex 63.1284 6.75195 7
      vertex 63.3019 6.4 3
      vertex 63.3019 6.4 7
    endloop
  endfacet
  facet normal 0.442233 -0.8969 0
    outer loop
      vertex 67.048 5.12836 3
      vertex 67.4 5.30192 7
      vertex 67.048 5.12836 7
    endloop
  endfacet
  facet normal 0.442233 -0.8969 0
    outer loop
      vertex 67.4 5.30192 7
      vertex 67.048 5.12836 3
      vertex 67.4 5.30192 3
    endloop
  endfacet
  facet normal 0.980813 0.19495 0
    outer loop
      vertex 68.8743 8.29158 7
      vertex 68.7978 8.67646 3
      vertex 68.7978 8.67646 7
    endloop
  endfacet
  facet normal 0.980813 0.19495 0
    outer loop
      vertex 68.7978 8.67646 3
      vertex 68.8743 8.29158 7
      vertex 68.8743 8.29158 3
    endloop
  endfacet
  facet normal 0.997853 0.0654906 0
    outer loop
      vertex 68.9 7.9 7
      vertex 68.8743 8.29158 3
      vertex 68.8743 8.29158 7
    endloop
  endfacet
  facet normal 0.997853 0.0654906 0
    outer loop
      vertex 68.8743 8.29158 3
      vertex 68.9 7.9 7
      vertex 68.9 7.9 3
    endloop
  endfacet
  facet normal 0.946882 0.321582 0
    outer loop
      vertex 68.7978 8.67646 7
      vertex 68.6716 9.04805 3
      vertex 68.6716 9.04805 7
    endloop
  endfacet
  facet normal 0.946882 0.321582 0
    outer loop
      vertex 68.6716 9.04805 3
      vertex 68.7978 8.67646 7
      vertex 68.7978 8.67646 3
    endloop
  endfacet
  facet normal 0.751768 -0.659428 0
    outer loop
      vertex 68.0213 5.77868 7
      vertex 68.2801 6.07372 3
      vertex 68.2801 6.07372 7
    endloop
  endfacet
  facet normal 0.751768 -0.659428 0
    outer loop
      vertex 68.2801 6.07372 3
      vertex 68.0213 5.77868 7
      vertex 68.0213 5.77868 3
    endloop
  endfacet
  facet normal -0.555523 0.831501 0
    outer loop
      vertex 64.4 10.4981 3
      vertex 64.0737 10.2801 7
      vertex 64.4 10.4981 7
    endloop
  endfacet
  facet normal -0.555523 0.831501 0
    outer loop
      vertex 64.0737 10.2801 7
      vertex 64.4 10.4981 3
      vertex 64.0737 10.2801 3
    endloop
  endfacet
  facet normal 0.321651 0.946858 -0
    outer loop
      vertex 67.048 10.6716 3
      vertex 66.6765 10.7978 7
      vertex 67.048 10.6716 7
    endloop
  endfacet
  facet normal 0.321651 0.946858 0
    outer loop
      vertex 66.6765 10.7978 7
      vertex 67.048 10.6716 3
      vertex 66.6765 10.7978 3
    endloop
  endfacet
  facet normal 0.555523 0.831501 -0
    outer loop
      vertex 67.7263 10.2801 3
      vertex 67.4 10.4981 7
      vertex 67.7263 10.2801 7
    endloop
  endfacet
  facet normal 0.555523 0.831501 0
    outer loop
      vertex 67.4 10.4981 7
      vertex 67.7263 10.2801 3
      vertex 67.4 10.4981 3
    endloop
  endfacet
  facet normal 0.321514 -0.946905 0
    outer loop
      vertex 66.6765 5.00222 3
      vertex 67.048 5.12836 7
      vertex 66.6765 5.00222 7
    endloop
  endfacet
  facet normal 0.321514 -0.946905 0
    outer loop
      vertex 67.048 5.12836 7
      vertex 66.6765 5.00222 3
      vertex 67.048 5.12836 3
    endloop
  endfacet
  facet normal 0.896936 0.44216 0
    outer loop
      vertex 68.6716 9.04805 7
      vertex 68.4981 9.4 3
      vertex 68.4981 9.4 7
    endloop
  endfacet
  facet normal 0.896936 0.44216 0
    outer loop
      vertex 68.4981 9.4 3
      vertex 68.6716 9.04805 7
      vertex 68.6716 9.04805 3
    endloop
  endfacet
  facet normal -0.19494 0.980815 0
    outer loop
      vertex 65.5084 10.8743 3
      vertex 65.1235 10.7978 7
      vertex 65.5084 10.8743 7
    endloop
  endfacet
  facet normal -0.19494 0.980815 0
    outer loop
      vertex 65.1235 10.7978 7
      vertex 65.5084 10.8743 3
      vertex 65.1235 10.7978 3
    endloop
  endfacet
  facet normal 0.946882 -0.321582 0
    outer loop
      vertex 68.6716 6.75195 7
      vertex 68.7978 7.12354 3
      vertex 68.7978 7.12354 7
    endloop
  endfacet
  facet normal 0.946882 -0.321582 0
    outer loop
      vertex 68.7978 7.12354 3
      vertex 68.6716 6.75195 7
      vertex 68.6716 6.75195 3
    endloop
  endfacet
  facet normal -0.555558 -0.831477 0
    outer loop
      vertex 64.0737 5.51994 3
      vertex 64.4 5.30192 7
      vertex 64.0737 5.51994 7
    endloop
  endfacet
  facet normal -0.555558 -0.831477 -0
    outer loop
      vertex 64.4 5.30192 7
      vertex 64.0737 5.51994 3
      vertex 64.4 5.30192 3
    endloop
  endfacet
  facet normal -0.659478 0.751724 0
    outer loop
      vertex 64.0737 10.2801 3
      vertex 63.7787 10.0213 7
      vertex 64.0737 10.2801 7
    endloop
  endfacet
  facet normal -0.659478 0.751724 0
    outer loop
      vertex 63.7787 10.0213 7
      vertex 64.0737 10.2801 3
      vertex 63.7787 10.0213 3
    endloop
  endfacet
  facet normal -0.980813 0.19495 0
    outer loop
      vertex 62.9257 8.29158 3
      vertex 63.0022 8.67646 7
      vertex 63.0022 8.67646 3
    endloop
  endfacet
  facet normal -0.980813 0.19495 0
    outer loop
      vertex 63.0022 8.67646 7
      vertex 62.9257 8.29158 3
      vertex 62.9257 8.29158 7
    endloop
  endfacet
  facet normal -0.321651 0.946858 0
    outer loop
      vertex 65.1235 10.7978 3
      vertex 64.752 10.6716 7
      vertex 65.1235 10.7978 7
    endloop
  endfacet
  facet normal -0.321651 0.946858 0
    outer loop
      vertex 64.752 10.6716 7
      vertex 65.1235 10.7978 3
      vertex 64.752 10.6716 3
    endloop
  endfacet
  facet normal 0.659392 -0.751799 0
    outer loop
      vertex 67.7263 5.51994 3
      vertex 68.0213 5.77868 7
      vertex 67.7263 5.51994 7
    endloop
  endfacet
  facet normal 0.659392 -0.751799 0
    outer loop
      vertex 68.0213 5.77868 7
      vertex 67.7263 5.51994 3
      vertex 68.0213 5.77868 3
    endloop
  endfacet
  facet normal -0.946882 -0.321582 0
    outer loop
      vertex 63.1284 6.75195 3
      vertex 63.0022 7.12354 7
      vertex 63.0022 7.12354 3
    endloop
  endfacet
  facet normal -0.946882 -0.321582 0
    outer loop
      vertex 63.0022 7.12354 7
      vertex 63.1284 6.75195 3
      vertex 63.1284 6.75195 7
    endloop
  endfacet
  facet normal 0.831485 0.555547 0
    outer loop
      vertex 68.4981 9.4 7
      vertex 68.2801 9.72628 3
      vertex 68.2801 9.72628 7
    endloop
  endfacet
  facet normal 0.831485 0.555547 0
    outer loop
      vertex 68.2801 9.72628 3
      vertex 68.4981 9.4 7
      vertex 68.4981 9.4 3
    endloop
  endfacet
  facet normal 0.195087 -0.980786 0
    outer loop
      vertex 66.2916 4.92566 3
      vertex 66.6765 5.00222 7
      vertex 66.2916 4.92566 7
    endloop
  endfacet
  facet normal 0.195087 -0.980786 0
    outer loop
      vertex 66.6765 5.00222 7
      vertex 66.2916 4.92566 3
      vertex 66.6765 5.00222 3
    endloop
  endfacet
  facet normal -0.980813 -0.19495 0
    outer loop
      vertex 63.0022 7.12354 3
      vertex 62.9257 7.50842 7
      vertex 62.9257 7.50842 3
    endloop
  endfacet
  facet normal -0.980813 -0.19495 0
    outer loop
      vertex 62.9257 7.50842 7
      vertex 63.0022 7.12354 3
      vertex 63.0022 7.12354 7
    endloop
  endfacet
  facet normal 0.659478 0.751724 -0
    outer loop
      vertex 68.0213 10.0213 3
      vertex 67.7263 10.2801 7
      vertex 68.0213 10.0213 7
    endloop
  endfacet
  facet normal 0.659478 0.751724 0
    outer loop
      vertex 67.7263 10.2801 7
      vertex 68.0213 10.0213 3
      vertex 67.7263 10.2801 3
    endloop
  endfacet
  facet normal 0.997853 -0.0654906 0
    outer loop
      vertex 68.8743 7.50842 7
      vertex 68.9 7.9 3
      vertex 68.9 7.9 7
    endloop
  endfacet
  facet normal 0.997853 -0.0654906 0
    outer loop
      vertex 68.9 7.9 3
      vertex 68.8743 7.50842 7
      vertex 68.8743 7.50842 3
    endloop
  endfacet
  facet normal 0.980813 -0.19495 0
    outer loop
      vertex 68.7978 7.12354 7
      vertex 68.8743 7.50842 3
      vertex 68.8743 7.50842 7
    endloop
  endfacet
  facet normal 0.980813 -0.19495 0
    outer loop
      vertex 68.8743 7.50842 3
      vertex 68.7978 7.12354 7
      vertex 68.7978 7.12354 3
    endloop
  endfacet
  facet normal 0.555558 -0.831477 0
    outer loop
      vertex 67.4 5.30192 3
      vertex 67.7263 5.51994 7
      vertex 67.4 5.30192 7
    endloop
  endfacet
  facet normal 0.555558 -0.831477 0
    outer loop
      vertex 67.7263 5.51994 7
      vertex 67.4 5.30192 3
      vertex 67.7263 5.51994 3
    endloop
  endfacet
  facet normal 0.19494 0.980815 -0
    outer loop
      vertex 66.6765 10.7978 3
      vertex 66.2916 10.8743 7
      vertex 66.6765 10.7978 7
    endloop
  endfacet
  facet normal 0.19494 0.980815 0
    outer loop
      vertex 66.2916 10.8743 7
      vertex 66.6765 10.7978 3
      vertex 66.2916 10.8743 3
    endloop
  endfacet
  facet normal 0.751746 0.659453 0
    outer loop
      vertex 68.2801 9.72628 7
      vertex 68.0213 10.0213 3
      vertex 68.0213 10.0213 7
    endloop
  endfacet
  facet normal 0.751746 0.659453 0
    outer loop
      vertex 68.0213 10.0213 3
      vertex 68.2801 9.72628 7
      vertex 68.2801 9.72628 3
    endloop
  endfacet
  facet normal 0.0654873 0.997853 -0
    outer loop
      vertex 66.2916 10.8743 3
      vertex 65.9 10.9 7
      vertex 66.2916 10.8743 7
    endloop
  endfacet
  facet normal 0.0654873 0.997853 0
    outer loop
      vertex 65.9 10.9 7
      vertex 66.2916 10.8743 3
      vertex 65.9 10.9 3
    endloop
  endfacet
  facet normal -0.946882 0.321582 0
    outer loop
      vertex 63.0022 8.67646 3
      vertex 63.1284 9.04805 7
      vertex 63.1284 9.04805 3
    endloop
  endfacet
  facet normal -0.946882 0.321582 0
    outer loop
      vertex 63.1284 9.04805 7
      vertex 63.0022 8.67646 3
      vertex 63.0022 8.67646 7
    endloop
  endfacet
  facet normal -0.0653858 -0.99786 0
    outer loop
      vertex 65.5084 4.92566 3
      vertex 65.9 4.9 7
      vertex 65.5084 4.92566 7
    endloop
  endfacet
  facet normal -0.0653858 -0.99786 -0
    outer loop
      vertex 65.9 4.9 7
      vertex 65.5084 4.92566 3
      vertex 65.9 4.9 3
    endloop
  endfacet
  facet normal 0.44211 0.896961 -0
    outer loop
      vertex 67.4 10.4981 3
      vertex 67.048 10.6716 7
      vertex 67.4 10.4981 7
    endloop
  endfacet
  facet normal 0.44211 0.896961 0
    outer loop
      vertex 67.048 10.6716 7
      vertex 67.4 10.4981 3
      vertex 67.048 10.6716 3
    endloop
  endfacet
  facet normal -0.997853 -0.0654906 0
    outer loop
      vertex 62.9257 7.50842 3
      vertex 62.9 7.9 7
      vertex 62.9 7.9 3
    endloop
  endfacet
  facet normal -0.997853 -0.0654906 0
    outer loop
      vertex 62.9 7.9 7
      vertex 62.9257 7.50842 3
      vertex 62.9257 7.50842 7
    endloop
  endfacet
  facet normal -0.659392 -0.751799 0
    outer loop
      vertex 63.7787 5.77868 3
      vertex 64.0737 5.51994 7
      vertex 63.7787 5.77868 7
    endloop
  endfacet
  facet normal -0.659392 -0.751799 -0
    outer loop
      vertex 64.0737 5.51994 7
      vertex 63.7787 5.77868 3
      vertex 64.0737 5.51994 3
    endloop
  endfacet
  facet normal 0.831485 -0.555547 0
    outer loop
      vertex 68.2801 6.07372 7
      vertex 68.4981 6.4 3
      vertex 68.4981 6.4 7
    endloop
  endfacet
  facet normal 0.831485 -0.555547 0
    outer loop
      vertex 68.4981 6.4 3
      vertex 68.2801 6.07372 7
      vertex 68.2801 6.07372 3
    endloop
  endfacet
  facet normal -0.751768 -0.659428 0
    outer loop
      vertex 63.7787 5.77868 3
      vertex 63.5199 6.07372 7
      vertex 63.5199 6.07372 3
    endloop
  endfacet
  facet normal -0.751768 -0.659428 0
    outer loop
      vertex 63.5199 6.07372 7
      vertex 63.7787 5.77868 3
      vertex 63.7787 5.77868 7
    endloop
  endfacet
  facet normal 0.896936 -0.44216 0
    outer loop
      vertex 68.4981 6.4 7
      vertex 68.6716 6.75195 3
      vertex 68.6716 6.75195 7
    endloop
  endfacet
  facet normal 0.896936 -0.44216 0
    outer loop
      vertex 68.6716 6.75195 3
      vertex 68.4981 6.4 7
      vertex 68.4981 6.4 3
    endloop
  endfacet
  facet normal -0.997853 0.0654906 0
    outer loop
      vertex 62.9 7.9 3
      vertex 62.9257 8.29158 7
      vertex 62.9257 8.29158 3
    endloop
  endfacet
  facet normal -0.997853 0.0654906 0
    outer loop
      vertex 62.9257 8.29158 7
      vertex 62.9 7.9 3
      vertex 62.9 7.9 7
    endloop
  endfacet
  facet normal -0.195087 -0.980786 0
    outer loop
      vertex 65.1235 5.00222 3
      vertex 65.5084 4.92566 7
      vertex 65.1235 5.00222 7
    endloop
  endfacet
  facet normal -0.195087 -0.980786 -0
    outer loop
      vertex 65.5084 4.92566 7
      vertex 65.1235 5.00222 3
      vertex 65.5084 4.92566 3
    endloop
  endfacet
  facet normal 0.0653858 -0.99786 0
    outer loop
      vertex 65.9 4.9 3
      vertex 66.2916 4.92566 7
      vertex 65.9 4.9 7
    endloop
  endfacet
  facet normal 0.0653858 -0.99786 0
    outer loop
      vertex 66.2916 4.92566 7
      vertex 65.9 4.9 3
      vertex 66.2916 4.92566 3
    endloop
  endfacet
  facet normal -0.44211 0.896961 0
    outer loop
      vertex 64.752 10.6716 3
      vertex 64.4 10.4981 7
      vertex 64.752 10.6716 7
    endloop
  endfacet
  facet normal -0.44211 0.896961 0
    outer loop
      vertex 64.4 10.4981 7
      vertex 64.752 10.6716 3
      vertex 64.4 10.4981 3
    endloop
  endfacet
  facet normal -0.321514 -0.946905 0
    outer loop
      vertex 64.752 5.12836 3
      vertex 65.1235 5.00222 7
      vertex 64.752 5.12836 7
    endloop
  endfacet
  facet normal -0.321514 -0.946905 -0
    outer loop
      vertex 65.1235 5.00222 7
      vertex 64.752 5.12836 3
      vertex 65.1235 5.00222 3
    endloop
  endfacet
  facet normal -0.751746 0.659453 0
    outer loop
      vertex 63.5199 9.72628 3
      vertex 63.7787 10.0213 7
      vertex 63.7787 10.0213 3
    endloop
  endfacet
  facet normal -0.751746 0.659453 0
    outer loop
      vertex 63.7787 10.0213 7
      vertex 63.5199 9.72628 3
      vertex 63.5199 9.72628 7
    endloop
  endfacet
  facet normal -0.831485 -0.555547 0
    outer loop
      vertex 63.5199 6.07372 3
      vertex 63.3019 6.4 7
      vertex 63.3019 6.4 3
    endloop
  endfacet
  facet normal -0.831485 -0.555547 0
    outer loop
      vertex 63.3019 6.4 7
      vertex 63.5199 6.07372 3
      vertex 63.5199 6.07372 7
    endloop
  endfacet
  facet normal -0.0654873 0.997853 0
    outer loop
      vertex 65.9 10.9 3
      vertex 65.5084 10.8743 7
      vertex 65.9 10.9 7
    endloop
  endfacet
  facet normal -0.0654873 0.997853 0
    outer loop
      vertex 65.5084 10.8743 7
      vertex 65.9 10.9 3
      vertex 65.5084 10.8743 3
    endloop
  endfacet
  facet normal -0.442233 -0.8969 0
    outer loop
      vertex 64.4 5.30192 3
      vertex 64.752 5.12836 7
      vertex 64.4 5.30192 7
    endloop
  endfacet
  facet normal -0.442233 -0.8969 -0
    outer loop
      vertex 64.752 5.12836 7
      vertex 64.4 5.30192 3
      vertex 64.752 5.12836 3
    endloop
  endfacet
  facet normal -0.896936 0.44216 0
    outer loop
      vertex 63.1284 9.04805 3
      vertex 63.3019 9.4 7
      vertex 63.3019 9.4 3
    endloop
  endfacet
  facet normal -0.896936 0.44216 0
    outer loop
      vertex 63.3019 9.4 7
      vertex 63.1284 9.04805 3
      vertex 63.1284 9.04805 7
    endloop
  endfacet
  facet normal -0.831485 0.555547 0
    outer loop
      vertex 63.3019 9.4 3
      vertex 63.5199 9.72628 7
      vertex 63.5199 9.72628 3
    endloop
  endfacet
  facet normal -0.831485 0.555547 0
    outer loop
      vertex 63.5199 9.72628 7
      vertex 63.3019 9.4 3
      vertex 63.3019 9.4 7
    endloop
  endfacet
  facet normal 0 0 1
    outer loop
      vertex 66.95 7.9 7
      vertex 68.9 7.9 7
      vertex 68.8743 8.29158 7
    endloop
  endfacet
  facet normal 0 0 1
    outer loop
      vertex 66.941 8.03705 7
      vertex 68.8743 8.29158 7
      vertex 68.7978 8.67646 7
    endloop
  endfacet
  facet normal 0 0 1
    outer loop
      vertex 68.9 7.9 7
      vertex 66.95 7.9 7
      vertex 68.8743 7.50842 7
    endloop
  endfacet
  facet normal 0 0 1
    outer loop
      vertex 66.9142 8.17176 7
      vertex 68.7978 8.67646 7
      vertex 68.6716 9.04805 7
    endloop
  endfacet
  facet normal -0 0 1
    outer loop
      vertex 66.941 7.76295 7
      vertex 68.8743 7.50842 7
      vertex 66.95 7.9 7
    endloop
  endfacet
  facet normal 0 0 1
    outer loop
      vertex 66.8701 8.30182 7
      vertex 68.6716 9.04805 7
      vertex 68.4981 9.4 7
    endloop
  endfacet
  facet normal 0 0 1
    outer loop
      vertex 68.8743 7.50842 7
      vertex 66.941 7.76295 7
      vertex 68.7978 7.12354 7
    endloop
  endfacet
  facet normal 0 0 1
    outer loop
      vertex 66.8093 8.425 7
      vertex 68.4981 9.4 7
      vertex 68.2801 9.72628 7
    endloop
  endfacet
  facet normal -0 0 1
    outer loop
      vertex 66.9142 7.62824 7
      vertex 68.7978 7.12354 7
      vertex 66.941 7.76295 7
    endloop
  endfacet
  facet normal 0 0 1
    outer loop
      vertex 66.733 8.5392 7
      vertex 68.2801 9.72628 7
      vertex 68.0213 10.0213 7
    endloop
  endfacet
  facet normal 0 0 1
    outer loop
      vertex 68.7978 7.12354 7
      vertex 66.9142 7.62824 7
      vertex 68.6716 6.75195 7
    endloop
  endfacet
  facet normal 0 0 1
    outer loop
      vertex 66.6425 8.64246 7
      vertex 68.0213 10.0213 7
      vertex 67.7263 10.2801 7
    endloop
  endfacet
  facet normal -0 0 1
    outer loop
      vertex 66.8701 7.49818 7
      vertex 68.6716 6.75195 7
      vertex 66.9142 7.62824 7
    endloop
  endfacet
  facet normal 0 0 1
    outer loop
      vertex 66.5392 8.73302 7
      vertex 67.7263 10.2801 7
      vertex 67.4 10.4981 7
    endloop
  endfacet
  facet normal 0 0 1
    outer loop
      vertex 68.6716 6.75195 7
      vertex 66.8701 7.49818 7
      vertex 68.4981 6.4 7
    endloop
  endfacet
  facet normal 0 0 1
    outer loop
      vertex 66.425 8.80933 7
      vertex 67.4 10.4981 7
      vertex 67.048 10.6716 7
    endloop
  endfacet
  facet normal -0 0 1
    outer loop
      vertex 66.8093 7.375 7
      vertex 68.4981 6.4 7
      vertex 66.8701 7.49818 7
    endloop
  endfacet
  facet normal 0 0 1
    outer loop
      vertex 68.4981 6.4 7
      vertex 66.8093 7.375 7
      vertex 68.2801 6.07372 7
    endloop
  endfacet
  facet normal 0 0 1
    outer loop
      vertex 68.8743 8.29158 7
      vertex 66.941 8.03705 7
      vertex 66.95 7.9 7
    endloop
  endfacet
  facet normal 0 0 1
    outer loop
      vertex 68.7978 8.67646 7
      vertex 66.9142 8.17176 7
      vertex 66.941 8.03705 7
    endloop
  endfacet
  facet normal 0 0 1
    outer loop
      vertex 68.6716 9.04805 7
      vertex 66.8701 8.30182 7
      vertex 66.9142 8.17176 7
    endloop
  endfacet
  facet normal 0 0 1
    outer loop
      vertex 68.4981 9.4 7
      vertex 66.8093 8.425 7
      vertex 66.8701 8.30182 7
    endloop
  endfacet
  facet normal 0 0 1
    outer loop
      vertex 68.2801 9.72628 7
      vertex 66.733 8.5392 7
      vertex 66.8093 8.425 7
    endloop
  endfacet
  facet normal 0 0 1
    outer loop
      vertex 66.3018 8.87007 7
      vertex 67.048 10.6716 7
      vertex 66.6765 10.7978 7
    endloop
  endfacet
  facet normal 0 0 1
    outer loop
      vertex 68.0213 10.0213 7
      vertex 66.6425 8.64246 7
      vertex 66.733 8.5392 7
    endloop
  endfacet
  facet normal 0 0 1
    outer loop
      vertex 67.7263 10.2801 7
      vertex 66.5392 8.73302 7
      vertex 66.6425 8.64246 7
    endloop
  endfacet
  facet normal 0 0 1
    outer loop
      vertex 67.4 10.4981 7
      vertex 66.425 8.80933 7
      vertex 66.5392 8.73302 7
    endloop
  endfacet
  facet normal 0 0 1
    outer loop
      vertex 67.048 10.6716 7
      vertex 66.3018 8.87007 7
      vertex 66.425 8.80933 7
    endloop
  endfacet
  facet normal 0 0 1
    outer loop
      vertex 66.1718 8.91422 7
      vertex 66.6765 10.7978 7
      vertex 66.2916 10.8743 7
    endloop
  endfacet
  facet normal 0 0 1
    outer loop
      vertex 66.6765 10.7978 7
      vertex 66.1718 8.91422 7
      vertex 66.3018 8.87007 7
    endloop
  endfacet
  facet normal 0 0 1
    outer loop
      vertex 66.2916 10.8743 7
      vertex 66.037 8.94102 7
      vertex 66.1718 8.91422 7
    endloop
  endfacet
  facet normal 0 0 1
    outer loop
      vertex 65.9 10.9 7
      vertex 66.037 8.94102 7
      vertex 66.2916 10.8743 7
    endloop
  endfacet
  facet normal 0 0 1
    outer loop
      vertex 65.9 10.9 7
      vertex 65.9 8.95 7
      vertex 66.037 8.94102 7
    endloop
  endfacet
  facet normal 0 0 1
    outer loop
      vertex 65.9 10.9 7
      vertex 65.7629 8.94102 7
      vertex 65.9 8.95 7
    endloop
  endfacet
  facet normal -0 0 1
    outer loop
      vertex 65.5084 10.8743 7
      vertex 65.7629 8.94102 7
      vertex 65.9 10.9 7
    endloop
  endfacet
  facet normal 0 0 1
    outer loop
      vertex 65.7629 8.94102 7
      vertex 65.5084 10.8743 7
      vertex 65.6282 8.91422 7
    endloop
  endfacet
  facet normal -0 0 1
    outer loop
      vertex 65.1235 10.7978 7
      vertex 65.6282 8.91422 7
      vertex 65.5084 10.8743 7
    endloop
  endfacet
  facet normal 0 0 1
    outer loop
      vertex 65.6282 8.91422 7
      vertex 65.1235 10.7978 7
      vertex 65.4982 8.87007 7
    endloop
  endfacet
  facet normal -0 0 1
    outer loop
      vertex 64.752 10.6716 7
      vertex 65.4982 8.87007 7
      vertex 65.1235 10.7978 7
    endloop
  endfacet
  facet normal 0 0 1
    outer loop
      vertex 65.4982 8.87007 7
      vertex 64.752 10.6716 7
      vertex 65.375 8.80933 7
    endloop
  endfacet
  facet normal -0 0 1
    outer loop
      vertex 64.4 10.4981 7
      vertex 65.375 8.80933 7
      vertex 64.752 10.6716 7
    endloop
  endfacet
  facet normal 0 0 1
    outer loop
      vertex 65.375 8.80933 7
      vertex 64.4 10.4981 7
      vertex 65.2608 8.73302 7
    endloop
  endfacet
  facet normal -0 0 1
    outer loop
      vertex 64.0737 10.2801 7
      vertex 65.2608 8.73302 7
      vertex 64.4 10.4981 7
    endloop
  endfacet
  facet normal 0 0 1
    outer loop
      vertex 65.2608 8.73302 7
      vertex 64.0737 10.2801 7
      vertex 65.1575 8.64246 7
    endloop
  endfacet
  facet normal -0 0 1
    outer loop
      vertex 63.7787 10.0213 7
      vertex 65.1575 8.64246 7
      vertex 64.0737 10.2801 7
    endloop
  endfacet
  facet normal 0 0 1
    outer loop
      vertex 65.1575 8.64246 7
      vertex 63.7787 10.0213 7
      vertex 65.067 8.5392 7
    endloop
  endfacet
  facet normal 0 0 1
    outer loop
      vertex 65.067 8.5392 7
      vertex 63.5199 9.72628 7
      vertex 64.9907 8.425 7
    endloop
  endfacet
  facet normal -0 0 1
    outer loop
      vertex 63.5199 9.72628 7
      vertex 65.067 8.5392 7
      vertex 63.7787 10.0213 7
    endloop
  endfacet
  facet normal -0 0 1
    outer loop
      vertex 66.733 7.2608 7
      vertex 68.2801 6.07372 7
      vertex 66.8093 7.375 7
    endloop
  endfacet
  facet normal 0 0 1
    outer loop
      vertex 68.2801 6.07372 7
      vertex 66.733 7.2608 7
      vertex 68.0213 5.77868 7
    endloop
  endfacet
  facet normal -0 0 1
    outer loop
      vertex 66.6425 7.15754 7
      vertex 68.0213 5.77868 7
      vertex 66.733 7.2608 7
    endloop
  endfacet
  facet normal 0 0 1
    outer loop
      vertex 68.0213 5.77868 7
      vertex 66.6425 7.15754 7
      vertex 67.7263 5.51994 7
    endloop
  endfacet
  facet normal -0 0 1
    outer loop
      vertex 66.5392 7.06698 7
      vertex 67.7263 5.51994 7
      vertex 66.6425 7.15754 7
    endloop
  endfacet
  facet normal 0 0 1
    outer loop
      vertex 67.7263 5.51994 7
      vertex 66.5392 7.06698 7
      vertex 67.4 5.30192 7
    endloop
  endfacet
  facet normal -0 0 1
    outer loop
      vertex 66.425 6.99067 7
      vertex 67.4 5.30192 7
      vertex 66.5392 7.06698 7
    endloop
  endfacet
  facet normal 0 0 1
    outer loop
      vertex 67.4 5.30192 7
      vertex 66.425 6.99067 7
      vertex 67.048 5.12836 7
    endloop
  endfacet
  facet normal -0 0 1
    outer loop
      vertex 66.3018 6.92993 7
      vertex 67.048 5.12836 7
      vertex 66.425 6.99067 7
    endloop
  endfacet
  facet normal 0 0 1
    outer loop
      vertex 67.048 5.12836 7
      vertex 66.3018 6.92993 7
      vertex 66.6765 5.00222 7
    endloop
  endfacet
  facet normal -0 0 1
    outer loop
      vertex 66.1718 6.88578 7
      vertex 66.6765 5.00222 7
      vertex 66.3018 6.92993 7
    endloop
  endfacet
  facet normal 0 0 1
    outer loop
      vertex 66.6765 5.00222 7
      vertex 66.1718 6.88578 7
      vertex 66.2916 4.92566 7
    endloop
  endfacet
  facet normal -0 0 1
    outer loop
      vertex 66.037 6.85898 7
      vertex 66.2916 4.92566 7
      vertex 66.1718 6.88578 7
    endloop
  endfacet
  facet normal -0 0 1
    outer loop
      vertex 65.9 6.85 7
      vertex 66.2916 4.92566 7
      vertex 66.037 6.85898 7
    endloop
  endfacet
  facet normal 0 0 1
    outer loop
      vertex 65.9 6.85 7
      vertex 65.9 4.9 7
      vertex 66.2916 4.92566 7
    endloop
  endfacet
  facet normal 0 0 1
    outer loop
      vertex 65.7629 6.85898 7
      vertex 65.9 4.9 7
      vertex 65.9 6.85 7
    endloop
  endfacet
  facet normal 0 0 1
    outer loop
      vertex 65.5084 4.92566 7
      vertex 65.7629 6.85898 7
      vertex 65.6282 6.88578 7
    endloop
  endfacet
  facet normal 0 0 1
    outer loop
      vertex 65.7629 6.85898 7
      vertex 65.5084 4.92566 7
      vertex 65.9 4.9 7
    endloop
  endfacet
  facet normal 0 0 1
    outer loop
      vertex 65.1235 5.00222 7
      vertex 65.6282 6.88578 7
      vertex 65.4982 6.92993 7
    endloop
  endfacet
  facet normal 0 0 1
    outer loop
      vertex 64.752 5.12836 7
      vertex 65.4982 6.92993 7
      vertex 65.375 6.99067 7
    endloop
  endfacet
  facet normal 0 0 1
    outer loop
      vertex 64.4 5.30192 7
      vertex 65.375 6.99067 7
      vertex 65.2608 7.06698 7
    endloop
  endfacet
  facet normal 0 0 1
    outer loop
      vertex 64.0737 5.51994 7
      vertex 65.2608 7.06698 7
      vertex 65.1575 7.15754 7
    endloop
  endfacet
  facet normal 0 0 1
    outer loop
      vertex 65.6282 6.88578 7
      vertex 65.1235 5.00222 7
      vertex 65.5084 4.92566 7
    endloop
  endfacet
  facet normal 0 0 1
    outer loop
      vertex 63.7787 5.77868 7
      vertex 65.1575 7.15754 7
      vertex 65.067 7.2608 7
    endloop
  endfacet
  facet normal 0 0 1
    outer loop
      vertex 63.5199 6.07372 7
      vertex 65.067 7.2608 7
      vertex 64.9907 7.375 7
    endloop
  endfacet
  facet normal 0 0 1
    outer loop
      vertex 63.3019 6.4 7
      vertex 64.9907 7.375 7
      vertex 64.9299 7.49818 7
    endloop
  endfacet
  facet normal 0 0 1
    outer loop
      vertex 63.1284 6.75195 7
      vertex 64.9299 7.49818 7
      vertex 64.8858 7.62824 7
    endloop
  endfacet
  facet normal 0 0 1
    outer loop
      vertex 63.0022 7.12354 7
      vertex 64.8858 7.62824 7
      vertex 64.859 7.76295 7
    endloop
  endfacet
  facet normal 0 0 1
    outer loop
      vertex 65.4982 6.92993 7
      vertex 64.752 5.12836 7
      vertex 65.1235 5.00222 7
    endloop
  endfacet
  facet normal 0 0 1
    outer loop
      vertex 62.9257 7.50842 7
      vertex 64.859 7.76295 7
      vertex 64.85 7.9 7
    endloop
  endfacet
  facet normal -0 0 1
    outer loop
      vertex 63.3019 9.4 7
      vertex 64.9907 8.425 7
      vertex 63.5199 9.72628 7
    endloop
  endfacet
  facet normal 0 0 1
    outer loop
      vertex 64.9907 8.425 7
      vertex 63.3019 9.4 7
      vertex 64.9299 8.30182 7
    endloop
  endfacet
  facet normal 0 0 1
    outer loop
      vertex 65.375 6.99067 7
      vertex 64.4 5.30192 7
      vertex 64.752 5.12836 7
    endloop
  endfacet
  facet normal -0 0 1
    outer loop
      vertex 63.1284 9.04805 7
      vertex 64.9299 8.30182 7
      vertex 63.3019 9.4 7
    endloop
  endfacet
  facet normal 0 0 1
    outer loop
      vertex 65.2608 7.06698 7
      vertex 64.0737 5.51994 7
      vertex 64.4 5.30192 7
    endloop
  endfacet
  facet normal 0 0 1
    outer loop
      vertex 64.9299 8.30182 7
      vertex 63.1284 9.04805 7
      vertex 64.8858 8.17176 7
    endloop
  endfacet
  facet normal 0 0 1
    outer loop
      vertex 65.1575 7.15754 7
      vertex 63.7787 5.77868 7
      vertex 64.0737 5.51994 7
    endloop
  endfacet
  facet normal -0 0 1
    outer loop
      vertex 63.0022 8.67646 7
      vertex 64.8858 8.17176 7
      vertex 63.1284 9.04805 7
    endloop
  endfacet
  facet normal 0 0 1
    outer loop
      vertex 65.067 7.2608 7
      vertex 63.5199 6.07372 7
      vertex 63.7787 5.77868 7
    endloop
  endfacet
  facet normal 0 0 1
    outer loop
      vertex 64.8858 8.17176 7
      vertex 63.0022 8.67646 7
      vertex 64.859 8.03705 7
    endloop
  endfacet
  facet normal 0 0 1
    outer loop
      vertex 64.9907 7.375 7
      vertex 63.3019 6.4 7
      vertex 63.5199 6.07372 7
    endloop
  endfacet
  facet normal -0 0 1
    outer loop
      vertex 62.9257 8.29158 7
      vertex 64.859 8.03705 7
      vertex 63.0022 8.67646 7
    endloop
  endfacet
  facet normal 0 0 1
    outer loop
      vertex 64.9299 7.49818 7
      vertex 63.1284 6.75195 7
      vertex 63.3019 6.4 7
    endloop
  endfacet
  facet normal 0 0 1
    outer loop
      vertex 64.859 8.03705 7
      vertex 62.9257 8.29158 7
      vertex 64.85 7.9 7
    endloop
  endfacet
  facet normal 0 0 1
    outer loop
      vertex 64.8858 7.62824 7
      vertex 63.0022 7.12354 7
      vertex 63.1284 6.75195 7
    endloop
  endfacet
  facet normal 0 0 1
    outer loop
      vertex 62.9 7.9 7
      vertex 64.85 7.9 7
      vertex 62.9257 8.29158 7
    endloop
  endfacet
  facet normal 0 0 1
    outer loop
      vertex 64.859 7.76295 7
      vertex 62.9257 7.50842 7
      vertex 63.0022 7.12354 7
    endloop
  endfacet
  facet normal 0 0 1
    outer loop
      vertex 64.85 7.9 7
      vertex 62.9 7.9 7
      vertex 62.9257 7.50842 7
    endloop
  endfacet
  facet normal -0.89685 -0.442334 0
    outer loop
      vertex 5.30192 55.4 3
      vertex 5.12836 55.7519 7
      vertex 5.12836 55.7519 3
    endloop
  endfacet
  facet normal -0.89685 -0.442334 0
    outer loop
      vertex 5.12836 55.7519 7
      vertex 5.30192 55.4 3
      vertex 5.30192 55.4 7
    endloop
  endfacet
  facet normal 0.44216 -0.896936 0
    outer loop
      vertex 9.04805 54.1284 3
      vertex 9.4 54.3019 7
      vertex 9.04805 54.1284 7
    endloop
  endfacet
  facet normal 0.44216 -0.896936 0
    outer loop
      vertex 9.4 54.3019 7
      vertex 9.04805 54.1284 3
      vertex 9.4 54.3019 3
    endloop
  endfacet
  facet normal 0.980815 0.19494 0
    outer loop
      vertex 10.8743 57.2916 7
      vertex 10.7978 57.6765 3
      vertex 10.7978 57.6765 7
    endloop
  endfacet
  facet normal 0.980815 0.19494 0
    outer loop
      vertex 10.7978 57.6765 3
      vertex 10.8743 57.2916 7
      vertex 10.8743 57.2916 3
    endloop
  endfacet
  facet normal 0.997853 0.0654873 0
    outer loop
      vertex 10.9 56.9 7
      vertex 10.8743 57.2916 3
      vertex 10.8743 57.2916 7
    endloop
  endfacet
  facet normal 0.997853 0.0654873 0
    outer loop
      vertex 10.8743 57.2916 3
      vertex 10.9 56.9 7
      vertex 10.9 56.9 3
    endloop
  endfacet
  facet normal 0.946858 0.321651 0
    outer loop
      vertex 10.7978 57.6765 7
      vertex 10.6716 58.048 3
      vertex 10.6716 58.048 7
    endloop
  endfacet
  facet normal 0.946858 0.321651 0
    outer loop
      vertex 10.6716 58.048 3
      vertex 10.7978 57.6765 7
      vertex 10.7978 57.6765 3
    endloop
  endfacet
  facet normal 0.751724 -0.659478 0
    outer loop
      vertex 10.0213 54.7787 7
      vertex 10.2801 55.0737 3
      vertex 10.2801 55.0737 7
    endloop
  endfacet
  facet normal 0.751724 -0.659478 0
    outer loop
      vertex 10.2801 55.0737 3
      vertex 10.0213 54.7787 7
      vertex 10.0213 54.7787 3
    endloop
  endfacet
  facet normal 0.321582 0.946882 -0
    outer loop
      vertex 9.04805 59.6716 3
      vertex 8.67646 59.7978 7
      vertex 9.04805 59.6716 7
    endloop
  endfacet
  facet normal 0.321582 0.946882 0
    outer loop
      vertex 8.67646 59.7978 7
      vertex 9.04805 59.6716 3
      vertex 8.67646 59.7978 3
    endloop
  endfacet
  facet normal 0.555547 0.831485 -0
    outer loop
      vertex 9.72628 59.2801 3
      vertex 9.4 59.4981 7
      vertex 9.72628 59.2801 7
    endloop
  endfacet
  facet normal 0.555547 0.831485 0
    outer loop
      vertex 9.4 59.4981 7
      vertex 9.72628 59.2801 3
      vertex 9.4 59.4981 3
    endloop
  endfacet
  facet normal 0.321582 -0.946882 0
    outer loop
      vertex 8.67646 54.0022 3
      vertex 9.04805 54.1284 7
      vertex 8.67646 54.0022 7
    endloop
  endfacet
  facet normal 0.321582 -0.946882 0
    outer loop
      vertex 9.04805 54.1284 7
      vertex 8.67646 54.0022 3
      vertex 9.04805 54.1284 3
    endloop
  endfacet
  facet normal 0.896961 0.44211 0
    outer loop
      vertex 10.6716 58.048 7
      vertex 10.4981 58.4 3
      vertex 10.4981 58.4 7
    endloop
  endfacet
  facet normal 0.896961 0.44211 0
    outer loop
      vertex 10.4981 58.4 3
      vertex 10.6716 58.048 7
      vertex 10.6716 58.048 3
    endloop
  endfacet
  facet normal 0.946885 -0.321574 0
    outer loop
      vertex 10.6716 55.7519 7
      vertex 10.7978 56.1235 3
      vertex 10.7978 56.1235 7
    endloop
  endfacet
  facet normal 0.946885 -0.321574 0
    outer loop
      vertex 10.7978 56.1235 3
      vertex 10.6716 55.7519 7
      vertex 10.6716 55.7519 3
    endloop
  endfacet
  facet normal -0.555547 -0.831485 0
    outer loop
      vertex 6.07372 54.5199 3
      vertex 6.4 54.3019 7
      vertex 6.07372 54.5199 7
    endloop
  endfacet
  facet normal -0.555547 -0.831485 -0
    outer loop
      vertex 6.4 54.3019 7
      vertex 6.07372 54.5199 3
      vertex 6.4 54.3019 3
    endloop
  endfacet
  facet normal 0.659453 -0.751746 0
    outer loop
      vertex 9.72628 54.5199 3
      vertex 10.0213 54.7787 7
      vertex 9.72628 54.5199 7
    endloop
  endfacet
  facet normal 0.659453 -0.751746 0
    outer loop
      vertex 10.0213 54.7787 7
      vertex 9.72628 54.5199 3
      vertex 10.0213 54.7787 3
    endloop
  endfacet
  facet normal -0.946931 -0.321437 0
    outer loop
      vertex 5.12836 55.7519 3
      vertex 5.00222 56.1235 7
      vertex 5.00222 56.1235 3
    endloop
  endfacet
  facet normal -0.946931 -0.321437 0
    outer loop
      vertex 5.00222 56.1235 7
      vertex 5.12836 55.7519 3
      vertex 5.12836 55.7519 7
    endloop
  endfacet
  facet normal 0.831501 0.555523 0
    outer loop
      vertex 10.4981 58.4 7
      vertex 10.2801 58.7263 3
      vertex 10.2801 58.7263 7
    endloop
  endfacet
  facet normal 0.831501 0.555523 0
    outer loop
      vertex 10.2801 58.7263 3
      vertex 10.4981 58.4 7
      vertex 10.4981 58.4 3
    endloop
  endfacet
  facet normal 0.19495 -0.980813 0
    outer loop
      vertex 8.29158 53.9257 3
      vertex 8.67646 54.0022 7
      vertex 8.29158 53.9257 7
    endloop
  endfacet
  facet normal 0.19495 -0.980813 0
    outer loop
      vertex 8.67646 54.0022 7
      vertex 8.29158 53.9257 3
      vertex 8.67646 54.0022 3
    endloop
  endfacet
  facet normal -0.980792 -0.195059 0
    outer loop
      vertex 5.00222 56.1235 3
      vertex 4.94723 56.4 7
      vertex 4.94723 56.4 3
    endloop
  endfacet
  facet normal -0.980792 -0.195059 0
    outer loop
      vertex 4.94723 56.4 7
      vertex 5.00222 56.1235 3
      vertex 5.00222 56.1235 7
    endloop
  endfacet
  facet normal 0.659453 0.751746 -0
    outer loop
      vertex 10.0213 59.0213 3
      vertex 9.72628 59.2801 7
      vertex 10.0213 59.0213 7
    endloop
  endfacet
  facet normal 0.659453 0.751746 0
    outer loop
      vertex 9.72628 59.2801 7
      vertex 10.0213 59.0213 3
      vertex 9.72628 59.2801 3
    endloop
  endfacet
  facet normal 0.997853 -0.0654873 0
    outer loop
      vertex 10.8743 56.5084 7
      vertex 10.9 56.9 3
      vertex 10.9 56.9 7
    endloop
  endfacet
  facet normal 0.997853 -0.0654873 0
    outer loop
      vertex 10.9 56.9 3
      vertex 10.8743 56.5084 7
      vertex 10.8743 56.5084 3
    endloop
  endfacet
  facet normal 0.980815 -0.19494 0
    outer loop
      vertex 10.7978 56.1235 7
      vertex 10.8743 56.5084 3
      vertex 10.8743 56.5084 7
    endloop
  endfacet
  facet normal 0.980815 -0.19494 0
    outer loop
      vertex 10.8743 56.5084 3
      vertex 10.7978 56.1235 7
      vertex 10.7978 56.1235 3
    endloop
  endfacet
  facet normal 0.555547 -0.831485 0
    outer loop
      vertex 9.4 54.3019 3
      vertex 9.72628 54.5199 7
      vertex 9.4 54.3019 7
    endloop
  endfacet
  facet normal 0.555547 -0.831485 0
    outer loop
      vertex 9.72628 54.5199 7
      vertex 9.4 54.3019 3
      vertex 9.72628 54.5199 3
    endloop
  endfacet
  facet normal 0.19512 0.980779 -0
    outer loop
      vertex 8.67646 59.7978 3
      vertex 8.4 59.8528 7
      vertex 8.67646 59.7978 7
    endloop
  endfacet
  facet normal 0.19512 0.980779 0
    outer loop
      vertex 8.4 59.8528 7
      vertex 8.67646 59.7978 3
      vertex 8.4 59.8528 3
    endloop
  endfacet
  facet normal 0.751724 0.659478 0
    outer loop
      vertex 10.2801 58.7263 7
      vertex 10.0213 59.0213 3
      vertex 10.0213 59.0213 7
    endloop
  endfacet
  facet normal 0.751724 0.659478 0
    outer loop
      vertex 10.0213 59.0213 3
      vertex 10.2801 58.7263 7
      vertex 10.2801 58.7263 3
    endloop
  endfacet
  facet normal -0.0654906 -0.997853 0
    outer loop
      vertex 7.50842 53.9257 3
      vertex 7.9 53.9 7
      vertex 7.50842 53.9257 7
    endloop
  endfacet
  facet normal -0.0654906 -0.997853 -0
    outer loop
      vertex 7.9 53.9 7
      vertex 7.50842 53.9257 3
      vertex 7.9 53.9 3
    endloop
  endfacet
  facet normal 0.44216 0.896936 -0
    outer loop
      vertex 9.4 59.4981 3
      vertex 9.04805 59.6716 7
      vertex 9.4 59.4981 7
    endloop
  endfacet
  facet normal 0.44216 0.896936 0
    outer loop
      vertex 9.04805 59.6716 7
      vertex 9.4 59.4981 3
      vertex 9.04805 59.6716 3
    endloop
  endfacet
  facet normal -0.659428 -0.751768 0
    outer loop
      vertex 5.77868 54.7787 3
      vertex 6.07372 54.5199 7
      vertex 5.77868 54.7787 7
    endloop
  endfacet
  facet normal -0.659428 -0.751768 -0
    outer loop
      vertex 6.07372 54.5199 7
      vertex 5.77868 54.7787 3
      vertex 6.07372 54.5199 3
    endloop
  endfacet
  facet normal 0.831501 -0.555523 0
    outer loop
      vertex 10.2801 55.0737 7
      vertex 10.4981 55.4 3
      vertex 10.4981 55.4 7
    endloop
  endfacet
  facet normal 0.831501 -0.555523 0
    outer loop
      vertex 10.4981 55.4 3
      vertex 10.2801 55.0737 7
      vertex 10.2801 55.0737 3
    endloop
  endfacet
  facet normal -0.751799 -0.659392 0
    outer loop
      vertex 5.77868 54.7787 3
      vertex 5.51994 55.0737 7
      vertex 5.51994 55.0737 3
    endloop
  endfacet
  facet normal -0.751799 -0.659392 0
    outer loop
      vertex 5.51994 55.0737 7
      vertex 5.77868 54.7787 3
      vertex 5.77868 54.7787 7
    endloop
  endfacet
  facet normal -0.19495 -0.980813 0
    outer loop
      vertex 7.12354 54.0022 3
      vertex 7.50842 53.9257 7
      vertex 7.12354 54.0022 7
    endloop
  endfacet
  facet normal -0.19495 -0.980813 -0
    outer loop
      vertex 7.50842 53.9257 7
      vertex 7.12354 54.0022 3
      vertex 7.50842 53.9257 3
    endloop
  endfacet
  facet normal 0.0654906 -0.997853 0
    outer loop
      vertex 7.9 53.9 3
      vertex 8.29158 53.9257 7
      vertex 7.9 53.9 7
    endloop
  endfacet
  facet normal 0.0654906 -0.997853 0
    outer loop
      vertex 8.29158 53.9257 7
      vertex 7.9 53.9 3
      vertex 8.29158 53.9257 3
    endloop
  endfacet
  facet normal -0.321582 -0.946882 0
    outer loop
      vertex 6.75195 54.1284 3
      vertex 7.12354 54.0022 7
      vertex 6.75195 54.1284 7
    endloop
  endfacet
  facet normal -0.321582 -0.946882 -0
    outer loop
      vertex 7.12354 54.0022 7
      vertex 6.75195 54.1284 3
      vertex 7.12354 54.0022 3
    endloop
  endfacet
  facet normal -0.831477 -0.555558 0
    outer loop
      vertex 5.51994 55.0737 3
      vertex 5.30192 55.4 7
      vertex 5.30192 55.4 3
    endloop
  endfacet
  facet normal -0.831477 -0.555558 0
    outer loop
      vertex 5.30192 55.4 7
      vertex 5.51994 55.0737 3
      vertex 5.51994 55.0737 7
    endloop
  endfacet
  facet normal -0.44216 -0.896936 0
    outer loop
      vertex 6.4 54.3019 3
      vertex 6.75195 54.1284 7
      vertex 6.4 54.3019 7
    endloop
  endfacet
  facet normal -0.44216 -0.896936 -0
    outer loop
      vertex 6.75195 54.1284 7
      vertex 6.4 54.3019 3
      vertex 6.75195 54.1284 3
    endloop
  endfacet
  facet normal 0.896911 -0.442211 0
    outer loop
      vertex 10.4981 55.4 7
      vertex 10.6716 55.7519 3
      vertex 10.6716 55.7519 7
    endloop
  endfacet
  facet normal 0.896911 -0.442211 0
    outer loop
      vertex 10.6716 55.7519 3
      vertex 10.4981 55.4 7
      vertex 10.4981 55.4 3
    endloop
  endfacet
  facet normal 0 0 1
    outer loop
      vertex 8.95 56.9 7
      vertex 10.9 56.9 7
      vertex 10.8743 57.2916 7
    endloop
  endfacet
  facet normal 0 0 1
    outer loop
      vertex 8.94102 57.0371 7
      vertex 10.8743 57.2916 7
      vertex 10.7978 57.6765 7
    endloop
  endfacet
  facet normal 0 0 1
    outer loop
      vertex 10.9 56.9 7
      vertex 8.95 56.9 7
      vertex 10.8743 56.5084 7
    endloop
  endfacet
  facet normal 0 0 1
    outer loop
      vertex 8.91422 57.1718 7
      vertex 10.7978 57.6765 7
      vertex 10.6716 58.048 7
    endloop
  endfacet
  facet normal -0 0 1
    outer loop
      vertex 8.94102 56.7629 7
      vertex 10.8743 56.5084 7
      vertex 8.95 56.9 7
    endloop
  endfacet
  facet normal 0 0 1
    outer loop
      vertex 8.87007 57.3018 7
      vertex 10.6716 58.048 7
      vertex 10.4981 58.4 7
    endloop
  endfacet
  facet normal 0 0 1
    outer loop
      vertex 10.8743 56.5084 7
      vertex 8.94102 56.7629 7
      vertex 10.7978 56.1235 7
    endloop
  endfacet
  facet normal 0 0 1
    outer loop
      vertex 8.80933 57.425 7
      vertex 10.4981 58.4 7
      vertex 10.2801 58.7263 7
    endloop
  endfacet
  facet normal -0 0 1
    outer loop
      vertex 8.91422 56.6282 7
      vertex 10.7978 56.1235 7
      vertex 8.94102 56.7629 7
    endloop
  endfacet
  facet normal 0 0 1
    outer loop
      vertex 8.73302 57.5392 7
      vertex 10.2801 58.7263 7
      vertex 10.0213 59.0213 7
    endloop
  endfacet
  facet normal 0 0 1
    outer loop
      vertex 10.7978 56.1235 7
      vertex 8.91422 56.6282 7
      vertex 10.6716 55.7519 7
    endloop
  endfacet
  facet normal 0 0 1
    outer loop
      vertex 8.64246 57.6425 7
      vertex 10.0213 59.0213 7
      vertex 9.72628 59.2801 7
    endloop
  endfacet
  facet normal -0 0 1
    outer loop
      vertex 8.87007 56.4982 7
      vertex 10.6716 55.7519 7
      vertex 8.91422 56.6282 7
    endloop
  endfacet
  facet normal 0 0 1
    outer loop
      vertex 8.5392 57.733 7
      vertex 9.72628 59.2801 7
      vertex 9.4 59.4981 7
    endloop
  endfacet
  facet normal 0 0 1
    outer loop
      vertex 10.6716 55.7519 7
      vertex 8.87007 56.4982 7
      vertex 10.4981 55.4 7
    endloop
  endfacet
  facet normal 0 0 1
    outer loop
      vertex 8.4 57.8217 7
      vertex 9.4 59.4981 7
      vertex 9.04805 59.6716 7
    endloop
  endfacet
  facet normal -0 0 1
    outer loop
      vertex 8.80933 56.375 7
      vertex 10.4981 55.4 7
      vertex 8.87007 56.4982 7
    endloop
  endfacet
  facet normal 0 0 1
    outer loop
      vertex 10.4981 55.4 7
      vertex 8.80933 56.375 7
      vertex 10.2801 55.0737 7
    endloop
  endfacet
  facet normal 0 0 1
    outer loop
      vertex 10.8743 57.2916 7
      vertex 8.94102 57.0371 7
      vertex 8.95 56.9 7
    endloop
  endfacet
  facet normal 0 0 1
    outer loop
      vertex 10.7978 57.6765 7
      vertex 8.91422 57.1718 7
      vertex 8.94102 57.0371 7
    endloop
  endfacet
  facet normal 0 0 1
    outer loop
      vertex 10.6716 58.048 7
      vertex 8.87007 57.3018 7
      vertex 8.91422 57.1718 7
    endloop
  endfacet
  facet normal 0 0 1
    outer loop
      vertex 10.4981 58.4 7
      vertex 8.80933 57.425 7
      vertex 8.87007 57.3018 7
    endloop
  endfacet
  facet normal 0 0 1
    outer loop
      vertex 10.2801 58.7263 7
      vertex 8.73302 57.5392 7
      vertex 8.80933 57.425 7
    endloop
  endfacet
  facet normal 0 0 1
    outer loop
      vertex 8.4 57.8217 7
      vertex 9.04805 59.6716 7
      vertex 8.67646 59.7978 7
    endloop
  endfacet
  facet normal 0 0 1
    outer loop
      vertex 10.0213 59.0213 7
      vertex 8.64246 57.6425 7
      vertex 8.73302 57.5392 7
    endloop
  endfacet
  facet normal 0 0 1
    outer loop
      vertex 9.72628 59.2801 7
      vertex 8.5392 57.733 7
      vertex 8.64246 57.6425 7
    endloop
  endfacet
  facet normal 0 0 1
    outer loop
      vertex 9.4 59.4981 7
      vertex 8.425 57.8093 7
      vertex 8.5392 57.733 7
    endloop
  endfacet
  facet normal 0 0 1
    outer loop
      vertex 8.4 57.8217 7
      vertex 8.67646 59.7978 7
      vertex 8.4 59.8528 7
    endloop
  endfacet
  facet normal 0 0 1
    outer loop
      vertex 9.4 59.4981 7
      vertex 8.4 57.8217 7
      vertex 8.425 57.8093 7
    endloop
  endfacet
  facet normal -0 0 1
    outer loop
      vertex 8.73302 56.2608 7
      vertex 10.2801 55.0737 7
      vertex 8.80933 56.375 7
    endloop
  endfacet
  facet normal 0 0 1
    outer loop
      vertex 10.2801 55.0737 7
      vertex 8.73302 56.2608 7
      vertex 10.0213 54.7787 7
    endloop
  endfacet
  facet normal -0 0 1
    outer loop
      vertex 8.64246 56.1575 7
      vertex 10.0213 54.7787 7
      vertex 8.73302 56.2608 7
    endloop
  endfacet
  facet normal 0 0 1
    outer loop
      vertex 10.0213 54.7787 7
      vertex 8.64246 56.1575 7
      vertex 9.72628 54.5199 7
    endloop
  endfacet
  facet normal -0 0 1
    outer loop
      vertex 8.5392 56.067 7
      vertex 9.72628 54.5199 7
      vertex 8.64246 56.1575 7
    endloop
  endfacet
  facet normal 0 0 1
    outer loop
      vertex 9.72628 54.5199 7
      vertex 8.5392 56.067 7
      vertex 9.4 54.3019 7
    endloop
  endfacet
  facet normal -0 0 1
    outer loop
      vertex 8.425 55.9907 7
      vertex 9.4 54.3019 7
      vertex 8.5392 56.067 7
    endloop
  endfacet
  facet normal 0 0 1
    outer loop
      vertex 9.4 54.3019 7
      vertex 8.425 55.9907 7
      vertex 9.04805 54.1284 7
    endloop
  endfacet
  facet normal -0 0 1
    outer loop
      vertex 8.30182 55.9299 7
      vertex 9.04805 54.1284 7
      vertex 8.425 55.9907 7
    endloop
  endfacet
  facet normal 0 0 1
    outer loop
      vertex 9.04805 54.1284 7
      vertex 8.30182 55.9299 7
      vertex 8.67646 54.0022 7
    endloop
  endfacet
  facet normal -0 0 1
    outer loop
      vertex 8.17176 55.8858 7
      vertex 8.67646 54.0022 7
      vertex 8.30182 55.9299 7
    endloop
  endfacet
  facet normal 0 0 1
    outer loop
      vertex 8.67646 54.0022 7
      vertex 8.17176 55.8858 7
      vertex 8.29158 53.9257 7
    endloop
  endfacet
  facet normal -0 0 1
    outer loop
      vertex 8.03705 55.859 7
      vertex 8.29158 53.9257 7
      vertex 8.17176 55.8858 7
    endloop
  endfacet
  facet normal -0 0 1
    outer loop
      vertex 7.9 55.85 7
      vertex 8.29158 53.9257 7
      vertex 8.03705 55.859 7
    endloop
  endfacet
  facet normal 0 0 1
    outer loop
      vertex 7.9 55.85 7
      vertex 7.9 53.9 7
      vertex 8.29158 53.9257 7
    endloop
  endfacet
  facet normal 0 0 1
    outer loop
      vertex 7.76295 55.859 7
      vertex 7.9 53.9 7
      vertex 7.9 55.85 7
    endloop
  endfacet
  facet normal 0 0 1
    outer loop
      vertex 7.50842 53.9257 7
      vertex 7.76295 55.859 7
      vertex 7.62824 55.8858 7
    endloop
  endfacet
  facet normal 0 0 1
    outer loop
      vertex 7.76295 55.859 7
      vertex 7.50842 53.9257 7
      vertex 7.9 53.9 7
    endloop
  endfacet
  facet normal 0 0 1
    outer loop
      vertex 7.12354 54.0022 7
      vertex 7.62824 55.8858 7
      vertex 7.49818 55.9299 7
    endloop
  endfacet
  facet normal 0 0 1
    outer loop
      vertex 6.75195 54.1284 7
      vertex 7.49818 55.9299 7
      vertex 7.375 55.9907 7
    endloop
  endfacet
  facet normal 0 0 1
    outer loop
      vertex 6.4 54.3019 7
      vertex 7.375 55.9907 7
      vertex 7.2608 56.067 7
    endloop
  endfacet
  facet normal 0 0 1
    outer loop
      vertex 6.07372 54.5199 7
      vertex 7.2608 56.067 7
      vertex 7.15754 56.1575 7
    endloop
  endfacet
  facet normal 0 0 1
    outer loop
      vertex 7.62824 55.8858 7
      vertex 7.12354 54.0022 7
      vertex 7.50842 53.9257 7
    endloop
  endfacet
  facet normal 0 0 1
    outer loop
      vertex 5.77868 54.7787 7
      vertex 7.15754 56.1575 7
      vertex 7.06698 56.2608 7
    endloop
  endfacet
  facet normal 0 0 1
    outer loop
      vertex 5.51994 55.0737 7
      vertex 7.06698 56.2608 7
      vertex 6.99067 56.375 7
    endloop
  endfacet
  facet normal 0 0 1
    outer loop
      vertex 5.30192 55.4 7
      vertex 6.99067 56.375 7
      vertex 6.97834 56.4 7
    endloop
  endfacet
  facet normal 0 0 1
    outer loop
      vertex 7.49818 55.9299 7
      vertex 6.75195 54.1284 7
      vertex 7.12354 54.0022 7
    endloop
  endfacet
  facet normal 0 0 1
    outer loop
      vertex 7.375 55.9907 7
      vertex 6.4 54.3019 7
      vertex 6.75195 54.1284 7
    endloop
  endfacet
  facet normal 0 0 1
    outer loop
      vertex 7.2608 56.067 7
      vertex 6.07372 54.5199 7
      vertex 6.4 54.3019 7
    endloop
  endfacet
  facet normal 0 0 1
    outer loop
      vertex 7.15754 56.1575 7
      vertex 5.77868 54.7787 7
      vertex 6.07372 54.5199 7
    endloop
  endfacet
  facet normal 0 0 1
    outer loop
      vertex 7.06698 56.2608 7
      vertex 5.51994 55.0737 7
      vertex 5.77868 54.7787 7
    endloop
  endfacet
  facet normal 0 0 1
    outer loop
      vertex 6.99067 56.375 7
      vertex 5.30192 55.4 7
      vertex 5.51994 55.0737 7
    endloop
  endfacet
  facet normal 0 0 1
    outer loop
      vertex 6.97834 56.4 7
      vertex 5.12836 55.7519 7
      vertex 5.30192 55.4 7
    endloop
  endfacet
  facet normal 0 0 1
    outer loop
      vertex 6.97834 56.4 7
      vertex 5.00222 56.1235 7
      vertex 5.12836 55.7519 7
    endloop
  endfacet
  facet normal 0 -0 1
    outer loop
      vertex 5.00222 56.1235 7
      vertex 6.97834 56.4 7
      vertex 4.94723 56.4 7
    endloop
  endfacet
  facet normal -0.896911 -0.442211 0
    outer loop
      vertex 63.3019 55.4 3
      vertex 63.1284 55.7519 7
      vertex 63.1284 55.7519 3
    endloop
  endfacet
  facet normal -0.896911 -0.442211 0
    outer loop
      vertex 63.1284 55.7519 7
      vertex 63.3019 55.4 3
      vertex 63.3019 55.4 7
    endloop
  endfacet
  facet normal 0.44211 -0.896961 0
    outer loop
      vertex 67.048 54.1284 3
      vertex 67.4 54.3019 7
      vertex 67.048 54.1284 7
    endloop
  endfacet
  facet normal 0.44211 -0.896961 0
    outer loop
      vertex 67.4 54.3019 7
      vertex 67.048 54.1284 3
      vertex 67.4 54.3019 3
    endloop
  endfacet
  facet normal 0.980815 0.19494 0
    outer loop
      vertex 68.8743 57.2916 7
      vertex 68.7978 57.6765 3
      vertex 68.7978 57.6765 7
    endloop
  endfacet
  facet normal 0.980815 0.19494 0
    outer loop
      vertex 68.7978 57.6765 3
      vertex 68.8743 57.2916 7
      vertex 68.8743 57.2916 3
    endloop
  endfacet
  facet normal 0.997853 0.0654873 0
    outer loop
      vertex 68.9 56.9 7
      vertex 68.8743 57.2916 3
      vertex 68.8743 57.2916 7
    endloop
  endfacet
  facet normal 0.997853 0.0654873 0
    outer loop
      vertex 68.8743 57.2916 3
      vertex 68.9 56.9 7
      vertex 68.9 56.9 3
    endloop
  endfacet
  facet normal 0.946858 0.321651 0
    outer loop
      vertex 68.7978 57.6765 7
      vertex 68.6716 58.048 3
      vertex 68.6716 58.048 7
    endloop
  endfacet
  facet normal 0.946858 0.321651 0
    outer loop
      vertex 68.6716 58.048 3
      vertex 68.7978 57.6765 7
      vertex 68.7978 57.6765 3
    endloop
  endfacet
  facet normal 0.751724 -0.659478 0
    outer loop
      vertex 68.0213 54.7787 7
      vertex 68.2801 55.0737 3
      vertex 68.2801 55.0737 7
    endloop
  endfacet
  facet normal 0.751724 -0.659478 0
    outer loop
      vertex 68.2801 55.0737 3
      vertex 68.0213 54.7787 7
      vertex 68.0213 54.7787 3
    endloop
  endfacet
  facet normal -0.555523 0.831501 0
    outer loop
      vertex 64.4 59.4981 3
      vertex 64.0737 59.2801 7
      vertex 64.4 59.4981 7
    endloop
  endfacet
  facet normal -0.555523 0.831501 0
    outer loop
      vertex 64.0737 59.2801 7
      vertex 64.4 59.4981 3
      vertex 64.0737 59.2801 3
    endloop
  endfacet
  facet normal 0.321651 0.946858 -0
    outer loop
      vertex 67.048 59.6716 3
      vertex 66.6765 59.7978 7
      vertex 67.048 59.6716 7
    endloop
  endfacet
  facet normal 0.321651 0.946858 0
    outer loop
      vertex 66.6765 59.7978 7
      vertex 67.048 59.6716 3
      vertex 66.6765 59.7978 3
    endloop
  endfacet
  facet normal 0.555523 0.831501 -0
    outer loop
      vertex 67.7263 59.2801 3
      vertex 67.4 59.4981 7
      vertex 67.7263 59.2801 7
    endloop
  endfacet
  facet normal 0.555523 0.831501 0
    outer loop
      vertex 67.4 59.4981 7
      vertex 67.7263 59.2801 3
      vertex 67.4 59.4981 3
    endloop
  endfacet
  facet normal 0.321651 -0.946858 0
    outer loop
      vertex 66.6765 54.0022 3
      vertex 67.048 54.1284 7
      vertex 66.6765 54.0022 7
    endloop
  endfacet
  facet normal 0.321651 -0.946858 0
    outer loop
      vertex 67.048 54.1284 7
      vertex 66.6765 54.0022 3
      vertex 67.048 54.1284 3
    endloop
  endfacet
  facet normal 0.896961 0.44211 0
    outer loop
      vertex 68.6716 58.048 7
      vertex 68.4981 58.4 3
      vertex 68.4981 58.4 7
    endloop
  endfacet
  facet normal 0.896961 0.44211 0
    outer loop
      vertex 68.4981 58.4 3
      vertex 68.6716 58.048 7
      vertex 68.6716 58.048 3
    endloop
  endfacet
  facet normal -0.19494 0.980815 0
    outer loop
      vertex 65.5084 59.8743 3
      vertex 65.1235 59.7978 7
      vertex 65.5084 59.8743 7
    endloop
  endfacet
  facet normal -0.19494 0.980815 0
    outer loop
      vertex 65.1235 59.7978 7
      vertex 65.5084 59.8743 3
      vertex 65.1235 59.7978 3
    endloop
  endfacet
  facet normal 0.946885 -0.321574 0
    outer loop
      vertex 68.6716 55.7519 7
      vertex 68.7978 56.1235 3
      vertex 68.7978 56.1235 7
    endloop
  endfacet
  facet normal 0.946885 -0.321574 0
    outer loop
      vertex 68.7978 56.1235 3
      vertex 68.6716 55.7519 7
      vertex 68.6716 55.7519 3
    endloop
  endfacet
  facet normal -0.555523 -0.831501 0
    outer loop
      vertex 64.0737 54.5199 3
      vertex 64.4 54.3019 7
      vertex 64.0737 54.5199 7
    endloop
  endfacet
  facet normal -0.555523 -0.831501 -0
    outer loop
      vertex 64.4 54.3019 7
      vertex 64.0737 54.5199 3
      vertex 64.4 54.3019 3
    endloop
  endfacet
  facet normal -0.659478 0.751724 0
    outer loop
      vertex 64.0737 59.2801 3
      vertex 63.7787 59.0213 7
      vertex 64.0737 59.2801 7
    endloop
  endfacet
  facet normal -0.659478 0.751724 0
    outer loop
      vertex 63.7787 59.0213 7
      vertex 64.0737 59.2801 3
      vertex 63.7787 59.0213 3
    endloop
  endfacet
  facet normal -0.980815 0.19494 0
    outer loop
      vertex 62.9257 57.2916 3
      vertex 63.0022 57.6765 7
      vertex 63.0022 57.6765 3
    endloop
  endfacet
  facet normal -0.980815 0.19494 0
    outer loop
      vertex 63.0022 57.6765 7
      vertex 62.9257 57.2916 3
      vertex 62.9257 57.2916 7
    endloop
  endfacet
  facet normal -0.321651 0.946858 0
    outer loop
      vertex 65.1235 59.7978 3
      vertex 64.752 59.6716 7
      vertex 65.1235 59.7978 7
    endloop
  endfacet
  facet normal -0.321651 0.946858 0
    outer loop
      vertex 64.752 59.6716 7
      vertex 65.1235 59.7978 3
      vertex 64.752 59.6716 3
    endloop
  endfacet
  facet normal 0.659478 -0.751724 0
    outer loop
      vertex 67.7263 54.5199 3
      vertex 68.0213 54.7787 7
      vertex 67.7263 54.5199 7
    endloop
  endfacet
  facet normal 0.659478 -0.751724 0
    outer loop
      vertex 68.0213 54.7787 7
      vertex 67.7263 54.5199 3
      vertex 68.0213 54.7787 3
    endloop
  endfacet
  facet normal -0.946885 -0.321574 0
    outer loop
      vertex 63.1284 55.7519 3
      vertex 63.0022 56.1235 7
      vertex 63.0022 56.1235 3
    endloop
  endfacet
  facet normal -0.946885 -0.321574 0
    outer loop
      vertex 63.0022 56.1235 7
      vertex 63.1284 55.7519 3
      vertex 63.1284 55.7519 7
    endloop
  endfacet
  facet normal 0.831501 0.555523 0
    outer loop
      vertex 68.4981 58.4 7
      vertex 68.2801 58.7263 3
      vertex 68.2801 58.7263 7
    endloop
  endfacet
  facet normal 0.831501 0.555523 0
    outer loop
      vertex 68.2801 58.7263 3
      vertex 68.4981 58.4 7
      vertex 68.4981 58.4 3
    endloop
  endfacet
  facet normal 0.19494 -0.980815 0
    outer loop
      vertex 66.2916 53.9257 3
      vertex 66.6765 54.0022 7
      vertex 66.2916 53.9257 7
    endloop
  endfacet
  facet normal 0.19494 -0.980815 0
    outer loop
      vertex 66.6765 54.0022 7
      vertex 66.2916 53.9257 3
      vertex 66.6765 54.0022 3
    endloop
  endfacet
  facet normal -0.980815 -0.19494 0
    outer loop
      vertex 63.0022 56.1235 3
      vertex 62.9257 56.5084 7
      vertex 62.9257 56.5084 3
    endloop
  endfacet
  facet normal -0.980815 -0.19494 0
    outer loop
      vertex 62.9257 56.5084 7
      vertex 63.0022 56.1235 3
      vertex 63.0022 56.1235 7
    endloop
  endfacet
  facet normal 0.659478 0.751724 -0
    outer loop
      vertex 68.0213 59.0213 3
      vertex 67.7263 59.2801 7
      vertex 68.0213 59.0213 7
    endloop
  endfacet
  facet normal 0.659478 0.751724 0
    outer loop
      vertex 67.7263 59.2801 7
      vertex 68.0213 59.0213 3
      vertex 67.7263 59.2801 3
    endloop
  endfacet
  facet normal 0.997853 -0.0654873 0
    outer loop
      vertex 68.8743 56.5084 7
      vertex 68.9 56.9 3
      vertex 68.9 56.9 7
    endloop
  endfacet
  facet normal 0.997853 -0.0654873 0
    outer loop
      vertex 68.9 56.9 3
      vertex 68.8743 56.5084 7
      vertex 68.8743 56.5084 3
    endloop
  endfacet
  facet normal 0.980815 -0.19494 0
    outer loop
      vertex 68.7978 56.1235 7
      vertex 68.8743 56.5084 3
      vertex 68.8743 56.5084 7
    endloop
  endfacet
  facet normal 0.980815 -0.19494 0
    outer loop
      vertex 68.8743 56.5084 3
      vertex 68.7978 56.1235 7
      vertex 68.7978 56.1235 3
    endloop
  endfacet
  facet normal 0.555523 -0.831501 0
    outer loop
      vertex 67.4 54.3019 3
      vertex 67.7263 54.5199 7
      vertex 67.4 54.3019 7
    endloop
  endfacet
  facet normal 0.555523 -0.831501 0
    outer loop
      vertex 67.7263 54.5199 7
      vertex 67.4 54.3019 3
      vertex 67.7263 54.5199 3
    endloop
  endfacet
  facet normal 0.19494 0.980815 -0
    outer loop
      vertex 66.6765 59.7978 3
      vertex 66.2916 59.8743 7
      vertex 66.6765 59.7978 7
    endloop
  endfacet
  facet normal 0.19494 0.980815 0
    outer loop
      vertex 66.2916 59.8743 7
      vertex 66.6765 59.7978 3
      vertex 66.2916 59.8743 3
    endloop
  endfacet
  facet normal 0.751724 0.659478 0
    outer loop
      vertex 68.2801 58.7263 7
      vertex 68.0213 59.0213 3
      vertex 68.0213 59.0213 7
    endloop
  endfacet
  facet normal 0.751724 0.659478 0
    outer loop
      vertex 68.0213 59.0213 3
      vertex 68.2801 58.7263 7
      vertex 68.2801 58.7263 3
    endloop
  endfacet
  facet normal 0.0654873 0.997853 -0
    outer loop
      vertex 66.2916 59.8743 3
      vertex 65.9 59.9 7
      vertex 66.2916 59.8743 7
    endloop
  endfacet
  facet normal 0.0654873 0.997853 0
    outer loop
      vertex 65.9 59.9 7
      vertex 66.2916 59.8743 3
      vertex 65.9 59.9 3
    endloop
  endfacet
  facet normal -0.946858 0.321651 0
    outer loop
      vertex 63.0022 57.6765 3
      vertex 63.1284 58.048 7
      vertex 63.1284 58.048 3
    endloop
  endfacet
  facet normal -0.946858 0.321651 0
    outer loop
      vertex 63.1284 58.048 7
      vertex 63.0022 57.6765 3
      vertex 63.0022 57.6765 7
    endloop
  endfacet
  facet normal -0.0654873 -0.997853 0
    outer loop
      vertex 65.5084 53.9257 3
      vertex 65.9 53.9 7
      vertex 65.5084 53.9257 7
    endloop
  endfacet
  facet normal -0.0654873 -0.997853 -0
    outer loop
      vertex 65.9 53.9 7
      vertex 65.5084 53.9257 3
      vertex 65.9 53.9 3
    endloop
  endfacet
  facet normal 0.44211 0.896961 -0
    outer loop
      vertex 67.4 59.4981 3
      vertex 67.048 59.6716 7
      vertex 67.4 59.4981 7
    endloop
  endfacet
  facet normal 0.44211 0.896961 0
    outer loop
      vertex 67.048 59.6716 7
      vertex 67.4 59.4981 3
      vertex 67.048 59.6716 3
    endloop
  endfacet
  facet normal -0.997853 -0.0654873 0
    outer loop
      vertex 62.9257 56.5084 3
      vertex 62.9 56.9 7
      vertex 62.9 56.9 3
    endloop
  endfacet
  facet normal -0.997853 -0.0654873 0
    outer loop
      vertex 62.9 56.9 7
      vertex 62.9257 56.5084 3
      vertex 62.9257 56.5084 7
    endloop
  endfacet
  facet normal -0.659478 -0.751724 0
    outer loop
      vertex 63.7787 54.7787 3
      vertex 64.0737 54.5199 7
      vertex 63.7787 54.7787 7
    endloop
  endfacet
  facet normal -0.659478 -0.751724 -0
    outer loop
      vertex 64.0737 54.5199 7
      vertex 63.7787 54.7787 3
      vertex 64.0737 54.5199 3
    endloop
  endfacet
  facet normal 0.831501 -0.555523 0
    outer loop
      vertex 68.2801 55.0737 7
      vertex 68.4981 55.4 3
      vertex 68.4981 55.4 7
    endloop
  endfacet
  facet normal 0.831501 -0.555523 0
    outer loop
      vertex 68.4981 55.4 3
      vertex 68.2801 55.0737 7
      vertex 68.2801 55.0737 3
    endloop
  endfacet
  facet normal -0.751724 -0.659478 0
    outer loop
      vertex 63.7787 54.7787 3
      vertex 63.5199 55.0737 7
      vertex 63.5199 55.0737 3
    endloop
  endfacet
  facet normal -0.751724 -0.659478 0
    outer loop
      vertex 63.5199 55.0737 7
      vertex 63.7787 54.7787 3
      vertex 63.7787 54.7787 7
    endloop
  endfacet
  facet normal 0.896911 -0.442211 0
    outer loop
      vertex 68.4981 55.4 7
      vertex 68.6716 55.7519 3
      vertex 68.6716 55.7519 7
    endloop
  endfacet
  facet normal 0.896911 -0.442211 0
    outer loop
      vertex 68.6716 55.7519 3
      vertex 68.4981 55.4 7
      vertex 68.4981 55.4 3
    endloop
  endfacet
  facet normal -0.997853 0.0654873 0
    outer loop
      vertex 62.9 56.9 3
      vertex 62.9257 57.2916 7
      vertex 62.9257 57.2916 3
    endloop
  endfacet
  facet normal -0.997853 0.0654873 0
    outer loop
      vertex 62.9257 57.2916 7
      vertex 62.9 56.9 3
      vertex 62.9 56.9 7
    endloop
  endfacet
  facet normal -0.19494 -0.980815 0
    outer loop
      vertex 65.1235 54.0022 3
      vertex 65.5084 53.9257 7
      vertex 65.1235 54.0022 7
    endloop
  endfacet
  facet normal -0.19494 -0.980815 -0
    outer loop
      vertex 65.5084 53.9257 7
      vertex 65.1235 54.0022 3
      vertex 65.5084 53.9257 3
    endloop
  endfacet
  facet normal 0.0654873 -0.997853 0
    outer loop
      vertex 65.9 53.9 3
      vertex 66.2916 53.9257 7
      vertex 65.9 53.9 7
    endloop
  endfacet
  facet normal 0.0654873 -0.997853 0
    outer loop
      vertex 66.2916 53.9257 7
      vertex 65.9 53.9 3
      vertex 66.2916 53.9257 3
    endloop
  endfacet
  facet normal -0.44211 0.896961 0
    outer loop
      vertex 64.752 59.6716 3
      vertex 64.4 59.4981 7
      vertex 64.752 59.6716 7
    endloop
  endfacet
  facet normal -0.44211 0.896961 0
    outer loop
      vertex 64.4 59.4981 7
      vertex 64.752 59.6716 3
      vertex 64.4 59.4981 3
    endloop
  endfacet
  facet normal -0.321651 -0.946858 0
    outer loop
      vertex 64.752 54.1284 3
      vertex 65.1235 54.0022 7
      vertex 64.752 54.1284 7
    endloop
  endfacet
  facet normal -0.321651 -0.946858 -0
    outer loop
      vertex 65.1235 54.0022 7
      vertex 64.752 54.1284 3
      vertex 65.1235 54.0022 3
    endloop
  endfacet
  facet normal -0.751724 0.659478 0
    outer loop
      vertex 63.5199 58.7263 3
      vertex 63.7787 59.0213 7
      vertex 63.7787 59.0213 3
    endloop
  endfacet
  facet normal -0.751724 0.659478 0
    outer loop
      vertex 63.7787 59.0213 7
      vertex 63.5199 58.7263 3
      vertex 63.5199 58.7263 7
    endloop
  endfacet
  facet normal -0.831501 -0.555523 0
    outer loop
      vertex 63.5199 55.0737 3
      vertex 63.3019 55.4 7
      vertex 63.3019 55.4 3
    endloop
  endfacet
  facet normal -0.831501 -0.555523 0
    outer loop
      vertex 63.3019 55.4 7
      vertex 63.5199 55.0737 3
      vertex 63.5199 55.0737 7
    endloop
  endfacet
  facet normal -0.0654873 0.997853 0
    outer loop
      vertex 65.9 59.9 3
      vertex 65.5084 59.8743 7
      vertex 65.9 59.9 7
    endloop
  endfacet
  facet normal -0.0654873 0.997853 0
    outer loop
      vertex 65.5084 59.8743 7
      vertex 65.9 59.9 3
      vertex 65.5084 59.8743 3
    endloop
  endfacet
  facet normal -0.44211 -0.896961 0
    outer loop
      vertex 64.4 54.3019 3
      vertex 64.752 54.1284 7
      vertex 64.4 54.3019 7
    endloop
  endfacet
  facet normal -0.44211 -0.896961 -0
    outer loop
      vertex 64.752 54.1284 7
      vertex 64.4 54.3019 3
      vertex 64.752 54.1284 3
    endloop
  endfacet
  facet normal -0.896961 0.44211 0
    outer loop
      vertex 63.1284 58.048 3
      vertex 63.3019 58.4 7
      vertex 63.3019 58.4 3
    endloop
  endfacet
  facet normal -0.896961 0.44211 0
    outer loop
      vertex 63.3019 58.4 7
      vertex 63.1284 58.048 3
      vertex 63.1284 58.048 7
    endloop
  endfacet
  facet normal -0.831501 0.555523 0
    outer loop
      vertex 63.3019 58.4 3
      vertex 63.5199 58.7263 7
      vertex 63.5199 58.7263 3
    endloop
  endfacet
  facet normal -0.831501 0.555523 0
    outer loop
      vertex 63.5199 58.7263 7
      vertex 63.3019 58.4 3
      vertex 63.3019 58.4 7
    endloop
  endfacet
  facet normal 0 0 1
    outer loop
      vertex 66.95 56.9 7
      vertex 68.9 56.9 7
      vertex 68.8743 57.2916 7
    endloop
  endfacet
  facet normal 0 0 1
    outer loop
      vertex 66.941 57.0371 7
      vertex 68.8743 57.2916 7
      vertex 68.7978 57.6765 7
    endloop
  endfacet
  facet normal 0 0 1
    outer loop
      vertex 68.9 56.9 7
      vertex 66.95 56.9 7
      vertex 68.8743 56.5084 7
    endloop
  endfacet
  facet normal 0 0 1
    outer loop
      vertex 66.9142 57.1718 7
      vertex 68.7978 57.6765 7
      vertex 68.6716 58.048 7
    endloop
  endfacet
  facet normal -0 0 1
    outer loop
      vertex 66.941 56.7629 7
      vertex 68.8743 56.5084 7
      vertex 66.95 56.9 7
    endloop
  endfacet
  facet normal 0 0 1
    outer loop
      vertex 66.8701 57.3018 7
      vertex 68.6716 58.048 7
      vertex 68.4981 58.4 7
    endloop
  endfacet
  facet normal 0 0 1
    outer loop
      vertex 68.8743 56.5084 7
      vertex 66.941 56.7629 7
      vertex 68.7978 56.1235 7
    endloop
  endfacet
  facet normal 0 0 1
    outer loop
      vertex 66.8093 57.425 7
      vertex 68.4981 58.4 7
      vertex 68.2801 58.7263 7
    endloop
  endfacet
  facet normal -0 0 1
    outer loop
      vertex 66.9142 56.6282 7
      vertex 68.7978 56.1235 7
      vertex 66.941 56.7629 7
    endloop
  endfacet
  facet normal 0 0 1
    outer loop
      vertex 66.733 57.5392 7
      vertex 68.2801 58.7263 7
      vertex 68.0213 59.0213 7
    endloop
  endfacet
  facet normal 0 0 1
    outer loop
      vertex 68.7978 56.1235 7
      vertex 66.9142 56.6282 7
      vertex 68.6716 55.7519 7
    endloop
  endfacet
  facet normal 0 0 1
    outer loop
      vertex 66.6425 57.6425 7
      vertex 68.0213 59.0213 7
      vertex 67.7263 59.2801 7
    endloop
  endfacet
  facet normal -0 0 1
    outer loop
      vertex 66.8701 56.4982 7
      vertex 68.6716 55.7519 7
      vertex 66.9142 56.6282 7
    endloop
  endfacet
  facet normal 0 0 1
    outer loop
      vertex 66.5392 57.733 7
      vertex 67.7263 59.2801 7
      vertex 67.4 59.4981 7
    endloop
  endfacet
  facet normal 0 0 1
    outer loop
      vertex 68.6716 55.7519 7
      vertex 66.8701 56.4982 7
      vertex 68.4981 55.4 7
    endloop
  endfacet
  facet normal 0 0 1
    outer loop
      vertex 66.425 57.8093 7
      vertex 67.4 59.4981 7
      vertex 67.048 59.6716 7
    endloop
  endfacet
  facet normal -0 0 1
    outer loop
      vertex 66.8093 56.375 7
      vertex 68.4981 55.4 7
      vertex 66.8701 56.4982 7
    endloop
  endfacet
  facet normal 0 0 1
    outer loop
      vertex 68.4981 55.4 7
      vertex 66.8093 56.375 7
      vertex 68.2801 55.0737 7
    endloop
  endfacet
  facet normal 0 0 1
    outer loop
      vertex 68.8743 57.2916 7
      vertex 66.941 57.0371 7
      vertex 66.95 56.9 7
    endloop
  endfacet
  facet normal 0 0 1
    outer loop
      vertex 68.7978 57.6765 7
      vertex 66.9142 57.1718 7
      vertex 66.941 57.0371 7
    endloop
  endfacet
  facet normal 0 0 1
    outer loop
      vertex 68.6716 58.048 7
      vertex 66.8701 57.3018 7
      vertex 66.9142 57.1718 7
    endloop
  endfacet
  facet normal 0 0 1
    outer loop
      vertex 68.4981 58.4 7
      vertex 66.8093 57.425 7
      vertex 66.8701 57.3018 7
    endloop
  endfacet
  facet normal 0 0 1
    outer loop
      vertex 68.2801 58.7263 7
      vertex 66.733 57.5392 7
      vertex 66.8093 57.425 7
    endloop
  endfacet
  facet normal 0 0 1
    outer loop
      vertex 66.3018 57.8701 7
      vertex 67.048 59.6716 7
      vertex 66.6765 59.7978 7
    endloop
  endfacet
  facet normal 0 0 1
    outer loop
      vertex 68.0213 59.0213 7
      vertex 66.6425 57.6425 7
      vertex 66.733 57.5392 7
    endloop
  endfacet
  facet normal 0 0 1
    outer loop
      vertex 67.7263 59.2801 7
      vertex 66.5392 57.733 7
      vertex 66.6425 57.6425 7
    endloop
  endfacet
  facet normal 0 0 1
    outer loop
      vertex 67.4 59.4981 7
      vertex 66.425 57.8093 7
      vertex 66.5392 57.733 7
    endloop
  endfacet
  facet normal 0 0 1
    outer loop
      vertex 67.048 59.6716 7
      vertex 66.3018 57.8701 7
      vertex 66.425 57.8093 7
    endloop
  endfacet
  facet normal 0 0 1
    outer loop
      vertex 66.1718 57.9142 7
      vertex 66.6765 59.7978 7
      vertex 66.2916 59.8743 7
    endloop
  endfacet
  facet normal 0 0 1
    outer loop
      vertex 66.6765 59.7978 7
      vertex 66.1718 57.9142 7
      vertex 66.3018 57.8701 7
    endloop
  endfacet
  facet normal 0 0 1
    outer loop
      vertex 66.2916 59.8743 7
      vertex 66.037 57.941 7
      vertex 66.1718 57.9142 7
    endloop
  endfacet
  facet normal 0 0 1
    outer loop
      vertex 65.9 59.9 7
      vertex 66.037 57.941 7
      vertex 66.2916 59.8743 7
    endloop
  endfacet
  facet normal 0 0 1
    outer loop
      vertex 65.9 59.9 7
      vertex 65.9 57.95 7
      vertex 66.037 57.941 7
    endloop
  endfacet
  facet normal 0 0 1
    outer loop
      vertex 65.9 59.9 7
      vertex 65.7629 57.941 7
      vertex 65.9 57.95 7
    endloop
  endfacet
  facet normal -0 0 1
    outer loop
      vertex 65.5084 59.8743 7
      vertex 65.7629 57.941 7
      vertex 65.9 59.9 7
    endloop
  endfacet
  facet normal 0 0 1
    outer loop
      vertex 65.7629 57.941 7
      vertex 65.5084 59.8743 7
      vertex 65.6282 57.9142 7
    endloop
  endfacet
  facet normal -0 0 1
    outer loop
      vertex 65.1235 59.7978 7
      vertex 65.6282 57.9142 7
      vertex 65.5084 59.8743 7
    endloop
  endfacet
  facet normal 0 0 1
    outer loop
      vertex 65.6282 57.9142 7
      vertex 65.1235 59.7978 7
      vertex 65.4982 57.8701 7
    endloop
  endfacet
  facet normal -0 0 1
    outer loop
      vertex 64.752 59.6716 7
      vertex 65.4982 57.8701 7
      vertex 65.1235 59.7978 7
    endloop
  endfacet
  facet normal 0 0 1
    outer loop
      vertex 65.4982 57.8701 7
      vertex 64.752 59.6716 7
      vertex 65.375 57.8093 7
    endloop
  endfacet
  facet normal -0 0 1
    outer loop
      vertex 64.4 59.4981 7
      vertex 65.375 57.8093 7
      vertex 64.752 59.6716 7
    endloop
  endfacet
  facet normal 0 0 1
    outer loop
      vertex 65.375 57.8093 7
      vertex 64.4 59.4981 7
      vertex 65.2608 57.733 7
    endloop
  endfacet
  facet normal -0 0 1
    outer loop
      vertex 64.0737 59.2801 7
      vertex 65.2608 57.733 7
      vertex 64.4 59.4981 7
    endloop
  endfacet
  facet normal 0 0 1
    outer loop
      vertex 65.2608 57.733 7
      vertex 64.0737 59.2801 7
      vertex 65.1575 57.6425 7
    endloop
  endfacet
  facet normal -0 0 1
    outer loop
      vertex 63.7787 59.0213 7
      vertex 65.1575 57.6425 7
      vertex 64.0737 59.2801 7
    endloop
  endfacet
  facet normal 0 0 1
    outer loop
      vertex 65.1575 57.6425 7
      vertex 63.7787 59.0213 7
      vertex 65.067 57.5392 7
    endloop
  endfacet
  facet normal 0 0 1
    outer loop
      vertex 65.067 57.5392 7
      vertex 63.5199 58.7263 7
      vertex 64.9907 57.425 7
    endloop
  endfacet
  facet normal -0 0 1
    outer loop
      vertex 63.5199 58.7263 7
      vertex 65.067 57.5392 7
      vertex 63.7787 59.0213 7
    endloop
  endfacet
  facet normal -0 0 1
    outer loop
      vertex 66.733 56.2608 7
      vertex 68.2801 55.0737 7
      vertex 66.8093 56.375 7
    endloop
  endfacet
  facet normal 0 0 1
    outer loop
      vertex 68.2801 55.0737 7
      vertex 66.733 56.2608 7
      vertex 68.0213 54.7787 7
    endloop
  endfacet
  facet normal -0 0 1
    outer loop
      vertex 66.6425 56.1575 7
      vertex 68.0213 54.7787 7
      vertex 66.733 56.2608 7
    endloop
  endfacet
  facet normal 0 0 1
    outer loop
      vertex 68.0213 54.7787 7
      vertex 66.6425 56.1575 7
      vertex 67.7263 54.5199 7
    endloop
  endfacet
  facet normal -0 0 1
    outer loop
      vertex 66.5392 56.067 7
      vertex 67.7263 54.5199 7
      vertex 66.6425 56.1575 7
    endloop
  endfacet
  facet normal 0 0 1
    outer loop
      vertex 67.7263 54.5199 7
      vertex 66.5392 56.067 7
      vertex 67.4 54.3019 7
    endloop
  endfacet
  facet normal -0 0 1
    outer loop
      vertex 66.425 55.9907 7
      vertex 67.4 54.3019 7
      vertex 66.5392 56.067 7
    endloop
  endfacet
  facet normal 0 0 1
    outer loop
      vertex 67.4 54.3019 7
      vertex 66.425 55.9907 7
      vertex 67.048 54.1284 7
    endloop
  endfacet
  facet normal -0 0 1
    outer loop
      vertex 66.3018 55.9299 7
      vertex 67.048 54.1284 7
      vertex 66.425 55.9907 7
    endloop
  endfacet
  facet normal 0 0 1
    outer loop
      vertex 67.048 54.1284 7
      vertex 66.3018 55.9299 7
      vertex 66.6765 54.0022 7
    endloop
  endfacet
  facet normal -0 0 1
    outer loop
      vertex 66.1718 55.8858 7
      vertex 66.6765 54.0022 7
      vertex 66.3018 55.9299 7
    endloop
  endfacet
  facet normal 0 0 1
    outer loop
      vertex 66.6765 54.0022 7
      vertex 66.1718 55.8858 7
      vertex 66.2916 53.9257 7
    endloop
  endfacet
  facet normal -0 0 1
    outer loop
      vertex 66.037 55.859 7
      vertex 66.2916 53.9257 7
      vertex 66.1718 55.8858 7
    endloop
  endfacet
  facet normal -0 0 1
    outer loop
      vertex 65.9 55.85 7
      vertex 66.2916 53.9257 7
      vertex 66.037 55.859 7
    endloop
  endfacet
  facet normal 0 0 1
    outer loop
      vertex 65.9 55.85 7
      vertex 65.9 53.9 7
      vertex 66.2916 53.9257 7
    endloop
  endfacet
  facet normal 0 0 1
    outer loop
      vertex 65.7629 55.859 7
      vertex 65.9 53.9 7
      vertex 65.9 55.85 7
    endloop
  endfacet
  facet normal 0 0 1
    outer loop
      vertex 65.5084 53.9257 7
      vertex 65.7629 55.859 7
      vertex 65.6282 55.8858 7
    endloop
  endfacet
  facet normal 0 0 1
    outer loop
      vertex 65.7629 55.859 7
      vertex 65.5084 53.9257 7
      vertex 65.9 53.9 7
    endloop
  endfacet
  facet normal 0 0 1
    outer loop
      vertex 65.1235 54.0022 7
      vertex 65.6282 55.8858 7
      vertex 65.4982 55.9299 7
    endloop
  endfacet
  facet normal 0 0 1
    outer loop
      vertex 64.752 54.1284 7
      vertex 65.4982 55.9299 7
      vertex 65.375 55.9907 7
    endloop
  endfacet
  facet normal 0 0 1
    outer loop
      vertex 64.4 54.3019 7
      vertex 65.375 55.9907 7
      vertex 65.2608 56.067 7
    endloop
  endfacet
  facet normal 0 0 1
    outer loop
      vertex 64.0737 54.5199 7
      vertex 65.2608 56.067 7
      vertex 65.1575 56.1575 7
    endloop
  endfacet
  facet normal 0 0 1
    outer loop
      vertex 65.6282 55.8858 7
      vertex 65.1235 54.0022 7
      vertex 65.5084 53.9257 7
    endloop
  endfacet
  facet normal 0 0 1
    outer loop
      vertex 63.7787 54.7787 7
      vertex 65.1575 56.1575 7
      vertex 65.067 56.2608 7
    endloop
  endfacet
  facet normal 0 0 1
    outer loop
      vertex 63.5199 55.0737 7
      vertex 65.067 56.2608 7
      vertex 64.9907 56.375 7
    endloop
  endfacet
  facet normal 0 0 1
    outer loop
      vertex 63.3019 55.4 7
      vertex 64.9907 56.375 7
      vertex 64.9299 56.4982 7
    endloop
  endfacet
  facet normal 0 0 1
    outer loop
      vertex 63.1284 55.7519 7
      vertex 64.9299 56.4982 7
      vertex 64.8858 56.6282 7
    endloop
  endfacet
  facet normal 0 0 1
    outer loop
      vertex 63.0022 56.1235 7
      vertex 64.8858 56.6282 7
      vertex 64.859 56.7629 7
    endloop
  endfacet
  facet normal 0 0 1
    outer loop
      vertex 65.4982 55.9299 7
      vertex 64.752 54.1284 7
      vertex 65.1235 54.0022 7
    endloop
  endfacet
  facet normal 0 0 1
    outer loop
      vertex 62.9257 56.5084 7
      vertex 64.859 56.7629 7
      vertex 64.85 56.9 7
    endloop
  endfacet
  facet normal -0 0 1
    outer loop
      vertex 63.3019 58.4 7
      vertex 64.9907 57.425 7
      vertex 63.5199 58.7263 7
    endloop
  endfacet
  facet normal 0 0 1
    outer loop
      vertex 64.9907 57.425 7
      vertex 63.3019 58.4 7
      vertex 64.9299 57.3018 7
    endloop
  endfacet
  facet normal 0 0 1
    outer loop
      vertex 65.375 55.9907 7
      vertex 64.4 54.3019 7
      vertex 64.752 54.1284 7
    endloop
  endfacet
  facet normal -0 0 1
    outer loop
      vertex 63.1284 58.048 7
      vertex 64.9299 57.3018 7
      vertex 63.3019 58.4 7
    endloop
  endfacet
  facet normal 0 0 1
    outer loop
      vertex 65.2608 56.067 7
      vertex 64.0737 54.5199 7
      vertex 64.4 54.3019 7
    endloop
  endfacet
  facet normal 0 0 1
    outer loop
      vertex 64.9299 57.3018 7
      vertex 63.1284 58.048 7
      vertex 64.8858 57.1718 7
    endloop
  endfacet
  facet normal 0 0 1
    outer loop
      vertex 65.1575 56.1575 7
      vertex 63.7787 54.7787 7
      vertex 64.0737 54.5199 7
    endloop
  endfacet
  facet normal -0 0 1
    outer loop
      vertex 63.0022 57.6765 7
      vertex 64.8858 57.1718 7
      vertex 63.1284 58.048 7
    endloop
  endfacet
  facet normal 0 0 1
    outer loop
      vertex 65.067 56.2608 7
      vertex 63.5199 55.0737 7
      vertex 63.7787 54.7787 7
    endloop
  endfacet
  facet normal 0 0 1
    outer loop
      vertex 64.8858 57.1718 7
      vertex 63.0022 57.6765 7
      vertex 64.859 57.0371 7
    endloop
  endfacet
  facet normal 0 0 1
    outer loop
      vertex 64.9907 56.375 7
      vertex 63.3019 55.4 7
      vertex 63.5199 55.0737 7
    endloop
  endfacet
  facet normal -0 0 1
    outer loop
      vertex 62.9257 57.2916 7
      vertex 64.859 57.0371 7
      vertex 63.0022 57.6765 7
    endloop
  endfacet
  facet normal 0 0 1
    outer loop
      vertex 64.9299 56.4982 7
      vertex 63.1284 55.7519 7
      vertex 63.3019 55.4 7
    endloop
  endfacet
  facet normal 0 0 1
    outer loop
      vertex 64.859 57.0371 7
      vertex 62.9257 57.2916 7
      vertex 64.85 56.9 7
    endloop
  endfacet
  facet normal 0 0 1
    outer loop
      vertex 64.8858 56.6282 7
      vertex 63.0022 56.1235 7
      vertex 63.1284 55.7519 7
    endloop
  endfacet
  facet normal 0 0 1
    outer loop
      vertex 62.9 56.9 7
      vertex 64.85 56.9 7
      vertex 62.9257 57.2916 7
    endloop
  endfacet
  facet normal 0 0 1
    outer loop
      vertex 64.859 56.7629 7
      vertex 62.9257 56.5084 7
      vertex 63.0022 56.1235 7
    endloop
  endfacet
  facet normal 0 0 1
    outer loop
      vertex 64.85 56.9 7
      vertex 62.9 56.9 7
      vertex 62.9257 56.5084 7
    endloop
  endfacet
  facet normal -1 0 0
    outer loop
      vertex 0 46.4 0
      vertex 0 64.8 3
      vertex 0 64.8 0
    endloop
  endfacet
  facet normal -1 -0 0
    outer loop
      vertex 0 64.8 3
      vertex 0 46.4 0
      vertex 0 46.4 3
    endloop
  endfacet
  facet normal -1 0 0
    outer loop
      vertex 0 0 0
      vertex 0 18.4 3
      vertex 0 18.4 0
    endloop
  endfacet
  facet normal -1 -0 0
    outer loop
      vertex 0 18.4 3
      vertex 0 0 0
      vertex 0 0 3
    endloop
  endfacet
  facet normal 1 -0 0
    outer loop
      vertex 0 18.4 4
      vertex 0 46.4 3
      vertex 0 46.4 4
    endloop
  endfacet
  facet normal 1 0 0
    outer loop
      vertex 0 46.4 3
      vertex 0 18.4 4
      vertex 0 18.4 3
    endloop
  endfacet
  facet normal 0 0 1
    outer loop
      vertex 0 46.4 4
      vertex -3 32.4 4
      vertex 0 18.4 4
    endloop
  endfacet
  facet normal 0 0 1
    outer loop
      vertex 0 46.4 4
      vertex -3.03423 32.9221 4
      vertex -3 32.4 4
    endloop
  endfacet
  facet normal 0 0 1
    outer loop
      vertex 0 46.4 4
      vertex -3.13631 33.4353 4
      vertex -3.03423 32.9221 4
    endloop
  endfacet
  facet normal 0 0 1
    outer loop
      vertex 0 46.4 4
      vertex -3.30449 33.9307 4
      vertex -3.13631 33.4353 4
    endloop
  endfacet
  facet normal 0 0 1
    outer loop
      vertex 0 46.4 4
      vertex -3.5359 34.4 4
      vertex -3.30449 33.9307 4
    endloop
  endfacet
  facet normal 0 0 1
    outer loop
      vertex 0 46.4 4
      vertex -3.8266 34.835 4
      vertex -3.5359 34.4 4
    endloop
  endfacet
  facet normal -0 0 1
    outer loop
      vertex -5 38.4 4
      vertex -3.8266 34.835 4
      vertex 0 46.4 4
    endloop
  endfacet
  facet normal 0 0 1
    outer loop
      vertex -3.8266 34.835 4
      vertex -5 38.4 4
      vertex -4.17159 35.2284 4
    endloop
  endfacet
  facet normal 0 0 1
    outer loop
      vertex -4.17159 35.2284 4
      vertex -5 38.4 4
      vertex -4.56496 35.5734 4
    endloop
  endfacet
  facet normal 0 0 1
    outer loop
      vertex 0 46.4 4
      vertex -5.01712 38.661 4
      vertex -5 38.4 4
    endloop
  endfacet
  facet normal 0 0 1
    outer loop
      vertex 0 46.4 4
      vertex -5.06816 38.9176 4
      vertex -5.01712 38.661 4
    endloop
  endfacet
  facet normal 0 0 1
    outer loop
      vertex 0 46.4 4
      vertex -5.15225 39.1654 4
      vertex -5.06816 38.9176 4
    endloop
  endfacet
  facet normal 0 0 1
    outer loop
      vertex 0 46.4 4
      vertex -5.26796 39.4 4
      vertex -5.15225 39.1654 4
    endloop
  endfacet
  facet normal 0 0 1
    outer loop
      vertex 0 46.4 4
      vertex -5.4133 39.6175 4
      vertex -5.26796 39.4 4
    endloop
  endfacet
  facet normal 0 0 1
    outer loop
      vertex 0 46.4 4
      vertex -5.5858 39.8142 4
      vertex -5.4133 39.6175 4
    endloop
  endfacet
  facet normal 0 0 1
    outer loop
      vertex 0 46.4 4
      vertex -5.78249 39.9867 4
      vertex -5.5858 39.8142 4
    endloop
  endfacet
  facet normal 0 0 1
    outer loop
      vertex 0 46.4 4
      vertex -6 40.132 4
      vertex -5.78249 39.9867 4
    endloop
  endfacet
  facet normal 0 0 1
    outer loop
      vertex 0 46.4 4
      vertex -6.23463 40.2477 4
      vertex -6 40.132 4
    endloop
  endfacet
  facet normal 0 0 1
    outer loop
      vertex 0 46.4 4
      vertex -6.48238 40.3318 4
      vertex -6.23463 40.2477 4
    endloop
  endfacet
  facet normal 0 0 1
    outer loop
      vertex 0 46.4 4
      vertex -6.73895 40.3829 4
      vertex -6.48238 40.3318 4
    endloop
  endfacet
  facet normal 0 0 1
    outer loop
      vertex 0 46.4 4
      vertex -7 40.4 4
      vertex -6.73895 40.3829 4
    endloop
  endfacet
  facet normal -0 0 1
    outer loop
      vertex -14 46.4 4
      vertex -7 40.4 4
      vertex 0 46.4 4
    endloop
  endfacet
  facet normal 0 0 1
    outer loop
      vertex -7 40.4 4
      vertex -14 46.4 4
      vertex -7.26105 40.3829 4
    endloop
  endfacet
  facet normal 0 0 1
    outer loop
      vertex -7.26105 40.3829 4
      vertex -14 46.4 4
      vertex -7.51762 40.3318 4
    endloop
  endfacet
  facet normal 0 0 1
    outer loop
      vertex -7.51762 40.3318 4
      vertex -14 46.4 4
      vertex -7.76537 40.2477 4
    endloop
  endfacet
  facet normal 0 0 1
    outer loop
      vertex -7.76537 40.2477 4
      vertex -14 46.4 4
      vertex -8 40.132 4
    endloop
  endfacet
  facet normal 0 0 1
    outer loop
      vertex -9 38.4 4
      vertex -9.43504 35.5734 4
      vertex -9 35.8641 4
    endloop
  endfacet
  facet normal 0 0 1
    outer loop
      vertex -10.1734 34.835 4
      vertex -9 38.4 4
      vertex -8.98288 38.661 4
    endloop
  endfacet
  facet normal 0 0 1
    outer loop
      vertex -9 38.4 4
      vertex -9.82841 35.2284 4
      vertex -9.43504 35.5734 4
    endloop
  endfacet
  facet normal 0 0 1
    outer loop
      vertex -14 46.4 4
      vertex -8.98288 38.661 4
      vertex -8.93184 38.9176 4
    endloop
  endfacet
  facet normal 0 0 1
    outer loop
      vertex -9 38.4 4
      vertex -10.1734 34.835 4
      vertex -9.82841 35.2284 4
    endloop
  endfacet
  facet normal 0 0 1
    outer loop
      vertex -8.98288 38.661 4
      vertex -14 46.4 4
      vertex -10.1734 34.835 4
    endloop
  endfacet
  facet normal 0 0 1
    outer loop
      vertex -10.1734 34.835 4
      vertex -14 46.4 4
      vertex -10.4641 34.4 4
    endloop
  endfacet
  facet normal 0 0 1
    outer loop
      vertex -14 46.4 4
      vertex -8.93184 38.9176 4
      vertex -8.84775 39.1654 4
    endloop
  endfacet
  facet normal 0 0 1
    outer loop
      vertex -10.9658 32.9221 4
      vertex -14 46.4 4
      vertex -11 32.4 4
    endloop
  endfacet
  facet normal 0 0 1
    outer loop
      vertex -10.8637 33.4353 4
      vertex -14 46.4 4
      vertex -10.9658 32.9221 4
    endloop
  endfacet
  facet normal 0 0 1
    outer loop
      vertex -10.6955 33.9307 4
      vertex -14 46.4 4
      vertex -10.8637 33.4353 4
    endloop
  endfacet
  facet normal 0 0 1
    outer loop
      vertex -10.4641 34.4 4
      vertex -14 46.4 4
      vertex -10.6955 33.9307 4
    endloop
  endfacet
  facet normal 0 0 1
    outer loop
      vertex -8.73204 39.4 4
      vertex -14 46.4 4
      vertex -8.84775 39.1654 4
    endloop
  endfacet
  facet normal 0 0 1
    outer loop
      vertex -8.5867 39.6175 4
      vertex -14 46.4 4
      vertex -8.73204 39.4 4
    endloop
  endfacet
  facet normal 0 0 1
    outer loop
      vertex -8.4142 39.8142 4
      vertex -14 46.4 4
      vertex -8.5867 39.6175 4
    endloop
  endfacet
  facet normal 0 0 1
    outer loop
      vertex -8.21751 39.9867 4
      vertex -14 46.4 4
      vertex -8.4142 39.8142 4
    endloop
  endfacet
  facet normal 0 0 1
    outer loop
      vertex -8 40.132 4
      vertex -14 46.4 4
      vertex -8.21751 39.9867 4
    endloop
  endfacet
  facet normal -0 0 1
    outer loop
      vertex -3.03423 31.8779 4
      vertex 0 18.4 4
      vertex -3 32.4 4
    endloop
  endfacet
  facet normal -0 0 1
    outer loop
      vertex -3.13631 31.3647 4
      vertex 0 18.4 4
      vertex -3.03423 31.8779 4
    endloop
  endfacet
  facet normal -0 0 1
    outer loop
      vertex -3.30449 30.8693 4
      vertex 0 18.4 4
      vertex -3.13631 31.3647 4
    endloop
  endfacet
  facet normal -0 0 1
    outer loop
      vertex -3.5359 30.4 4
      vertex 0 18.4 4
      vertex -3.30449 30.8693 4
    endloop
  endfacet
  facet normal -0 0 1
    outer loop
      vertex -3.8266 29.965 4
      vertex 0 18.4 4
      vertex -3.5359 30.4 4
    endloop
  endfacet
  facet normal -0 0 1
    outer loop
      vertex -4.17159 29.5716 4
      vertex 0 18.4 4
      vertex -3.8266 29.965 4
    endloop
  endfacet
  facet normal -0 0 1
    outer loop
      vertex -4.56496 29.2266 4
      vertex 0 18.4 4
      vertex -4.17159 29.5716 4
    endloop
  endfacet
  facet normal -0 0 1
    outer loop
      vertex -5 28.9359 4
      vertex 0 18.4 4
      vertex -4.56496 29.2266 4
    endloop
  endfacet
  facet normal -0 0 1
    outer loop
      vertex -5.46927 28.7045 4
      vertex 0 18.4 4
      vertex -5 28.9359 4
    endloop
  endfacet
  facet normal -0 0 1
    outer loop
      vertex -5.96474 28.5363 4
      vertex 0 18.4 4
      vertex -5.46927 28.7045 4
    endloop
  endfacet
  facet normal -0 0 1
    outer loop
      vertex -6.47791 28.4342 4
      vertex 0 18.4 4
      vertex -5.96474 28.5363 4
    endloop
  endfacet
  facet normal -0 0 1
    outer loop
      vertex -7 28.4 4
      vertex 0 18.4 4
      vertex -6.47791 28.4342 4
    endloop
  endfacet
  facet normal 0 0 1
    outer loop
      vertex -14 18.4 4
      vertex -7 28.4 4
      vertex -7.52209 28.4342 4
    endloop
  endfacet
  facet normal 0 0 1
    outer loop
      vertex -14 18.4 4
      vertex -7.52209 28.4342 4
      vertex -8.03526 28.5363 4
    endloop
  endfacet
  facet normal 0 0 1
    outer loop
      vertex -14 18.4 4
      vertex -8.03526 28.5363 4
      vertex -8.53073 28.7045 4
    endloop
  endfacet
  facet normal 0 0 1
    outer loop
      vertex -14 18.4 4
      vertex -8.53073 28.7045 4
      vertex -9 28.9359 4
    endloop
  endfacet
  facet normal 0 0 1
    outer loop
      vertex -14 18.4 4
      vertex -9 28.9359 4
      vertex -9.43504 29.2266 4
    endloop
  endfacet
  facet normal 0 0 1
    outer loop
      vertex -14 18.4 4
      vertex -9.43504 29.2266 4
      vertex -9.82841 29.5716 4
    endloop
  endfacet
  facet normal 0 0 1
    outer loop
      vertex -14 18.4 4
      vertex -11 32.4 4
      vertex -14 46.4 4
    endloop
  endfacet
  facet normal 0 0 1
    outer loop
      vertex -11 32.4 4
      vertex -14 18.4 4
      vertex -10.9658 31.8779 4
    endloop
  endfacet
  facet normal 0 0 1
    outer loop
      vertex -7 28.4 4
      vertex -14 18.4 4
      vertex 0 18.4 4
    endloop
  endfacet
  facet normal 0 0 1
    outer loop
      vertex -10.1734 29.965 4
      vertex -14 18.4 4
      vertex -9.82841 29.5716 4
    endloop
  endfacet
  facet normal 0 0 1
    outer loop
      vertex -10.4641 30.4 4
      vertex -14 18.4 4
      vertex -10.1734 29.965 4
    endloop
  endfacet
  facet normal 0 0 1
    outer loop
      vertex -10.6955 30.8693 4
      vertex -14 18.4 4
      vertex -10.4641 30.4 4
    endloop
  endfacet
  facet normal 0 0 1
    outer loop
      vertex -10.8637 31.3647 4
      vertex -14 18.4 4
      vertex -10.6955 30.8693 4
    endloop
  endfacet
  facet normal 0 0 1
    outer loop
      vertex -10.9658 31.8779 4
      vertex -14 18.4 4
      vertex -10.8637 31.3647 4
    endloop
  endfacet
  facet normal 0 0 1
    outer loop
      vertex -4.56496 35.5734 4
      vertex -5 38.4 4
      vertex -5 35.8641 4
    endloop
  endfacet
  facet normal -1 0 0
    outer loop
      vertex -14 18.4 0
      vertex -14 46.4 4
      vertex -14 46.4 0
    endloop
  endfacet
  facet normal -1 -0 0
    outer loop
      vertex -14 46.4 4
      vertex -14 18.4 0
      vertex -14 18.4 4
    endloop
  endfacet
  facet normal 0 1 -0
    outer loop
      vertex 0 46.4 3
      vertex -14 46.4 4
      vertex 0 46.4 4
    endloop
  endfacet
  facet normal 0 1 0
    outer loop
      vertex -14 46.4 0
      vertex 0 46.4 3
      vertex 0 46.4 0
    endloop
  endfacet
  facet normal 0 1 0
    outer loop
      vertex 0 46.4 3
      vertex -14 46.4 0
      vertex -14 46.4 4
    endloop
  endfacet
  facet normal 0 -1 0
    outer loop
      vertex -14 18.4 4
      vertex 0 18.4 3
      vertex 0 18.4 4
    endloop
  endfacet
  facet normal 0 -1 0
    outer loop
      vertex -14 18.4 0
      vertex 0 18.4 3
      vertex -14 18.4 4
    endloop
  endfacet
  facet normal 0 -1 -0
    outer loop
      vertex 0 18.4 3
      vertex -14 18.4 0
      vertex 0 18.4 0
    endloop
  endfacet
  facet normal 1 -0 0
    outer loop
      vertex 107.8 18.4 4
      vertex 107.8 46.4 0
      vertex 107.8 46.4 4
    endloop
  endfacet
  facet normal 1 0 0
    outer loop
      vertex 107.8 46.4 0
      vertex 107.8 18.4 4
      vertex 107.8 18.4 0
    endloop
  endfacet
  facet normal 0 0 1
    outer loop
      vertex 107.8 46.4 4
      vertex 104.8 32.4 4
      vertex 107.8 18.4 4
    endloop
  endfacet
  facet normal 0 0 1
    outer loop
      vertex 107.8 46.4 4
      vertex 104.766 32.9221 4
      vertex 104.8 32.4 4
    endloop
  endfacet
  facet normal 0 0 1
    outer loop
      vertex 107.8 46.4 4
      vertex 104.664 33.4353 4
      vertex 104.766 32.9221 4
    endloop
  endfacet
  facet normal 0 0 1
    outer loop
      vertex 107.8 46.4 4
      vertex 104.496 33.9307 4
      vertex 104.664 33.4353 4
    endloop
  endfacet
  facet normal 0 0 1
    outer loop
      vertex 107.8 46.4 4
      vertex 104.264 34.4 4
      vertex 104.496 33.9307 4
    endloop
  endfacet
  facet normal 0 0 1
    outer loop
      vertex 107.8 46.4 4
      vertex 103.973 34.835 4
      vertex 104.264 34.4 4
    endloop
  endfacet
  facet normal -0 0 1
    outer loop
      vertex 102.8 38.4 4
      vertex 103.973 34.835 4
      vertex 107.8 46.4 4
    endloop
  endfacet
  facet normal 0 0 1
    outer loop
      vertex 103.973 34.835 4
      vertex 102.8 38.4 4
      vertex 103.628 35.2284 4
    endloop
  endfacet
  facet normal 0 0 1
    outer loop
      vertex 103.628 35.2284 4
      vertex 102.8 38.4 4
      vertex 103.235 35.5734 4
    endloop
  endfacet
  facet normal 0 0 1
    outer loop
      vertex 107.8 46.4 4
      vertex 102.783 38.661 4
      vertex 102.8 38.4 4
    endloop
  endfacet
  facet normal 0 0 1
    outer loop
      vertex 107.8 46.4 4
      vertex 102.732 38.9176 4
      vertex 102.783 38.661 4
    endloop
  endfacet
  facet normal 0 0 1
    outer loop
      vertex 107.8 46.4 4
      vertex 102.648 39.1654 4
      vertex 102.732 38.9176 4
    endloop
  endfacet
  facet normal 0 0 1
    outer loop
      vertex 107.8 46.4 4
      vertex 102.532 39.4 4
      vertex 102.648 39.1654 4
    endloop
  endfacet
  facet normal 0 0 1
    outer loop
      vertex 107.8 46.4 4
      vertex 102.387 39.6175 4
      vertex 102.532 39.4 4
    endloop
  endfacet
  facet normal 0 0 1
    outer loop
      vertex 107.8 46.4 4
      vertex 102.214 39.8142 4
      vertex 102.387 39.6175 4
    endloop
  endfacet
  facet normal 0 0 1
    outer loop
      vertex 107.8 46.4 4
      vertex 102.018 39.9867 4
      vertex 102.214 39.8142 4
    endloop
  endfacet
  facet normal 0 0 1
    outer loop
      vertex 107.8 46.4 4
      vertex 101.8 40.132 4
      vertex 102.018 39.9867 4
    endloop
  endfacet
  facet normal 0 0 1
    outer loop
      vertex 107.8 46.4 4
      vertex 101.565 40.2477 4
      vertex 101.8 40.132 4
    endloop
  endfacet
  facet normal 0 0 1
    outer loop
      vertex 107.8 46.4 4
      vertex 101.318 40.3318 4
      vertex 101.565 40.2477 4
    endloop
  endfacet
  facet normal 0 0 1
    outer loop
      vertex 107.8 46.4 4
      vertex 101.061 40.3829 4
      vertex 101.318 40.3318 4
    endloop
  endfacet
  facet normal 0 0 1
    outer loop
      vertex 107.8 46.4 4
      vertex 100.8 40.4 4
      vertex 101.061 40.3829 4
    endloop
  endfacet
  facet normal -0 0 1
    outer loop
      vertex 93.8 46.4 4
      vertex 100.8 40.4 4
      vertex 107.8 46.4 4
    endloop
  endfacet
  facet normal 0 0 1
    outer loop
      vertex 100.8 40.4 4
      vertex 93.8 46.4 4
      vertex 100.539 40.3829 4
    endloop
  endfacet
  facet normal 0 0 1
    outer loop
      vertex 100.539 40.3829 4
      vertex 93.8 46.4 4
      vertex 100.282 40.3318 4
    endloop
  endfacet
  facet normal 0 0 1
    outer loop
      vertex 100.282 40.3318 4
      vertex 93.8 46.4 4
      vertex 100.035 40.2477 4
    endloop
  endfacet
  facet normal 0 0 1
    outer loop
      vertex 100.035 40.2477 4
      vertex 93.8 46.4 4
      vertex 99.8 40.132 4
    endloop
  endfacet
  facet normal 0 0 1
    outer loop
      vertex 98.8 38.4 4
      vertex 98.365 35.5734 4
      vertex 98.8 35.8641 4
    endloop
  endfacet
  facet normal 0 0 1
    outer loop
      vertex 97.6266 34.835 4
      vertex 98.8 38.4 4
      vertex 98.8171 38.661 4
    endloop
  endfacet
  facet normal 0 0 1
    outer loop
      vertex 98.8 38.4 4
      vertex 97.9716 35.2284 4
      vertex 98.365 35.5734 4
    endloop
  endfacet
  facet normal 0 0 1
    outer loop
      vertex 93.8 46.4 4
      vertex 98.8171 38.661 4
      vertex 98.8682 38.9176 4
    endloop
  endfacet
  facet normal 0 0 1
    outer loop
      vertex 98.8 38.4 4
      vertex 97.6266 34.835 4
      vertex 97.9716 35.2284 4
    endloop
  endfacet
  facet normal 0 0 1
    outer loop
      vertex 98.8171 38.661 4
      vertex 93.8 46.4 4
      vertex 97.6266 34.835 4
    endloop
  endfacet
  facet normal 0 0 1
    outer loop
      vertex 97.6266 34.835 4
      vertex 93.8 46.4 4
      vertex 97.3359 34.4 4
    endloop
  endfacet
  facet normal 0 0 1
    outer loop
      vertex 93.8 46.4 4
      vertex 98.8682 38.9176 4
      vertex 98.9523 39.1654 4
    endloop
  endfacet
  facet normal 0 0 1
    outer loop
      vertex 96.8342 32.9221 4
      vertex 93.8 46.4 4
      vertex 96.8 32.4 4
    endloop
  endfacet
  facet normal 0 0 1
    outer loop
      vertex 96.9363 33.4353 4
      vertex 93.8 46.4 4
      vertex 96.8342 32.9221 4
    endloop
  endfacet
  facet normal 0 0 1
    outer loop
      vertex 97.1045 33.9307 4
      vertex 93.8 46.4 4
      vertex 96.9363 33.4353 4
    endloop
  endfacet
  facet normal 0 0 1
    outer loop
      vertex 97.3359 34.4 4
      vertex 93.8 46.4 4
      vertex 97.1045 33.9307 4
    endloop
  endfacet
  facet normal 0 0 1
    outer loop
      vertex 99.068 39.4 4
      vertex 93.8 46.4 4
      vertex 98.9523 39.1654 4
    endloop
  endfacet
  facet normal 0 0 1
    outer loop
      vertex 99.2133 39.6175 4
      vertex 93.8 46.4 4
      vertex 99.068 39.4 4
    endloop
  endfacet
  facet normal 0 0 1
    outer loop
      vertex 99.3858 39.8142 4
      vertex 93.8 46.4 4
      vertex 99.2133 39.6175 4
    endloop
  endfacet
  facet normal 0 0 1
    outer loop
      vertex 99.5825 39.9867 4
      vertex 93.8 46.4 4
      vertex 99.3858 39.8142 4
    endloop
  endfacet
  facet normal 0 0 1
    outer loop
      vertex 99.8 40.132 4
      vertex 93.8 46.4 4
      vertex 99.5825 39.9867 4
    endloop
  endfacet
  facet normal -0 0 1
    outer loop
      vertex 104.766 31.8779 4
      vertex 107.8 18.4 4
      vertex 104.8 32.4 4
    endloop
  endfacet
  facet normal -0 0 1
    outer loop
      vertex 104.664 31.3647 4
      vertex 107.8 18.4 4
      vertex 104.766 31.8779 4
    endloop
  endfacet
  facet normal -0 0 1
    outer loop
      vertex 104.496 30.8693 4
      vertex 107.8 18.4 4
      vertex 104.664 31.3647 4
    endloop
  endfacet
  facet normal -0 0 1
    outer loop
      vertex 104.264 30.4 4
      vertex 107.8 18.4 4
      vertex 104.496 30.8693 4
    endloop
  endfacet
  facet normal -0 0 1
    outer loop
      vertex 103.973 29.965 4
      vertex 107.8 18.4 4
      vertex 104.264 30.4 4
    endloop
  endfacet
  facet normal -0 0 1
    outer loop
      vertex 103.628 29.5716 4
      vertex 107.8 18.4 4
      vertex 103.973 29.965 4
    endloop
  endfacet
  facet normal -0 0 1
    outer loop
      vertex 103.235 29.2266 4
      vertex 107.8 18.4 4
      vertex 103.628 29.5716 4
    endloop
  endfacet
  facet normal -0 0 1
    outer loop
      vertex 102.8 28.9359 4
      vertex 107.8 18.4 4
      vertex 103.235 29.2266 4
    endloop
  endfacet
  facet normal -0 0 1
    outer loop
      vertex 102.331 28.7045 4
      vertex 107.8 18.4 4
      vertex 102.8 28.9359 4
    endloop
  endfacet
  facet normal -0 0 1
    outer loop
      vertex 101.835 28.5363 4
      vertex 107.8 18.4 4
      vertex 102.331 28.7045 4
    endloop
  endfacet
  facet normal -0 0 1
    outer loop
      vertex 101.322 28.4342 4
      vertex 107.8 18.4 4
      vertex 101.835 28.5363 4
    endloop
  endfacet
  facet normal -0 0 1
    outer loop
      vertex 100.8 28.4 4
      vertex 107.8 18.4 4
      vertex 101.322 28.4342 4
    endloop
  endfacet
  facet normal 0 0 1
    outer loop
      vertex 93.8 18.4 4
      vertex 100.8 28.4 4
      vertex 100.278 28.4342 4
    endloop
  endfacet
  facet normal 0 0 1
    outer loop
      vertex 93.8 18.4 4
      vertex 100.278 28.4342 4
      vertex 99.7647 28.5363 4
    endloop
  endfacet
  facet normal 0 0 1
    outer loop
      vertex 93.8 18.4 4
      vertex 99.7647 28.5363 4
      vertex 99.2693 28.7045 4
    endloop
  endfacet
  facet normal 0 0 1
    outer loop
      vertex 93.8 18.4 4
      vertex 99.2693 28.7045 4
      vertex 98.8 28.9359 4
    endloop
  endfacet
  facet normal 0 0 1
    outer loop
      vertex 93.8 18.4 4
      vertex 98.8 28.9359 4
      vertex 98.365 29.2266 4
    endloop
  endfacet
  facet normal 0 0 1
    outer loop
      vertex 93.8 18.4 4
      vertex 98.365 29.2266 4
      vertex 97.9716 29.5716 4
    endloop
  endfacet
  facet normal 0 0 1
    outer loop
      vertex 93.8 18.4 4
      vertex 96.8 32.4 4
      vertex 93.8 46.4 4
    endloop
  endfacet
  facet normal 0 0 1
    outer loop
      vertex 96.8 32.4 4
      vertex 93.8 18.4 4
      vertex 96.8342 31.8779 4
    endloop
  endfacet
  facet normal 0 0 1
    outer loop
      vertex 100.8 28.4 4
      vertex 93.8 18.4 4
      vertex 107.8 18.4 4
    endloop
  endfacet
  facet normal 0 0 1
    outer loop
      vertex 97.6266 29.965 4
      vertex 93.8 18.4 4
      vertex 97.9716 29.5716 4
    endloop
  endfacet
  facet normal 0 0 1
    outer loop
      vertex 97.3359 30.4 4
      vertex 93.8 18.4 4
      vertex 97.6266 29.965 4
    endloop
  endfacet
  facet normal 0 0 1
    outer loop
      vertex 97.1045 30.8693 4
      vertex 93.8 18.4 4
      vertex 97.3359 30.4 4
    endloop
  endfacet
  facet normal 0 0 1
    outer loop
      vertex 96.9363 31.3647 4
      vertex 93.8 18.4 4
      vertex 97.1045 30.8693 4
    endloop
  endfacet
  facet normal 0 0 1
    outer loop
      vertex 96.8342 31.8779 4
      vertex 93.8 18.4 4
      vertex 96.9363 31.3647 4
    endloop
  endfacet
  facet normal 0 0 1
    outer loop
      vertex 103.235 35.5734 4
      vertex 102.8 38.4 4
      vertex 102.8 35.8641 4
    endloop
  endfacet
  facet normal 1 -0 0
    outer loop
      vertex 93.8 46.4 3
      vertex 93.8 64.8 0
      vertex 93.8 64.8 3
    endloop
  endfacet
  facet normal 1 0 0
    outer loop
      vertex 93.8 64.8 0
      vertex 93.8 46.4 3
      vertex 93.8 46.4 0
    endloop
  endfacet
  facet normal 1 -0 0
    outer loop
      vertex 93.8 0 3
      vertex 93.8 18.4 0
      vertex 93.8 18.4 3
    endloop
  endfacet
  facet normal 1 0 0
    outer loop
      vertex 93.8 18.4 0
      vertex 93.8 0 3
      vertex 93.8 0 0
    endloop
  endfacet
  facet normal -1 0 0
    outer loop
      vertex 93.8 18.4 3
      vertex 93.8 46.4 4
      vertex 93.8 46.4 3
    endloop
  endfacet
  facet normal -1 -0 0
    outer loop
      vertex 93.8 46.4 4
      vertex 93.8 18.4 3
      vertex 93.8 18.4 4
    endloop
  endfacet
  facet normal 0 1 0
    outer loop
      vertex 107.8 46.4 4
      vertex 93.8 46.4 3
      vertex 93.8 46.4 4
    endloop
  endfacet
  facet normal 0 1 -0
    outer loop
      vertex 107.8 46.4 0
      vertex 93.8 46.4 3
      vertex 107.8 46.4 4
    endloop
  endfacet
  facet normal 0 1 0
    outer loop
      vertex 93.8 46.4 3
      vertex 107.8 46.4 0
      vertex 93.8 46.4 0
    endloop
  endfacet
  facet normal 0 -1 0
    outer loop
      vertex 93.8 18.4 3
      vertex 107.8 18.4 4
      vertex 93.8 18.4 4
    endloop
  endfacet
  facet normal 0 -1 0
    outer loop
      vertex 107.8 18.4 0
      vertex 93.8 18.4 3
      vertex 93.8 18.4 0
    endloop
  endfacet
  facet normal 0 -1 0
    outer loop
      vertex 93.8 18.4 3
      vertex 107.8 18.4 0
      vertex 107.8 18.4 4
    endloop
  endfacet
  facet normal -0 0 1
    outer loop
      vertex 9.04805 54.1284 3
      vertex 9.4 39.4 3
      vertex 9.4 54.3019 3
    endloop
  endfacet
  facet normal -0 0 1
    outer loop
      vertex 8.67646 54.0022 3
      vertex 9.4 39.4 3
      vertex 9.04805 54.1284 3
    endloop
  endfacet
  facet normal -0 0 1
    outer loop
      vertex 8.29158 53.9257 3
      vertex 9.4 39.4 3
      vertex 8.67646 54.0022 3
    endloop
  endfacet
  facet normal -0 0 1
    outer loop
      vertex 7.9 53.9 3
      vertex 9.4 39.4 3
      vertex 8.29158 53.9257 3
    endloop
  endfacet
  facet normal 0 0 1
    outer loop
      vertex 0 46.4 3
      vertex 7.9 53.9 3
      vertex 7.50842 53.9257 3
    endloop
  endfacet
  facet normal 0 0 1
    outer loop
      vertex 0 46.4 3
      vertex 7.50842 53.9257 3
      vertex 7.12354 54.0022 3
    endloop
  endfacet
  facet normal 0 0 1
    outer loop
      vertex 0 46.4 3
      vertex 7.12354 54.0022 3
      vertex 6.75195 54.1284 3
    endloop
  endfacet
  facet normal 0 0 1
    outer loop
      vertex 0 46.4 3
      vertex 6.75195 54.1284 3
      vertex 6.4 54.3019 3
    endloop
  endfacet
  facet normal 0 0 1
    outer loop
      vertex 0 46.4 3
      vertex 6.4 54.3019 3
      vertex 6.07372 54.5199 3
    endloop
  endfacet
  facet normal 0 0 1
    outer loop
      vertex 0 46.4 3
      vertex 6.07372 54.5199 3
      vertex 5.77868 54.7787 3
    endloop
  endfacet
  facet normal 0 0 1
    outer loop
      vertex 2.4 56.4 3
      vertex 5.77868 54.7787 3
      vertex 5.51994 55.0737 3
    endloop
  endfacet
  facet normal 0 0 1
    outer loop
      vertex 2.4 56.4 3
      vertex 5.51994 55.0737 3
      vertex 5.30192 55.4 3
    endloop
  endfacet
  facet normal 0 0 1
    outer loop
      vertex 2.4 56.4 3
      vertex 5.30192 55.4 3
      vertex 5.12836 55.7519 3
    endloop
  endfacet
  facet normal 0 0 1
    outer loop
      vertex 2.4 56.4 3
      vertex 5.12836 55.7519 3
      vertex 5.00222 56.1235 3
    endloop
  endfacet
  facet normal -0 0 1
    outer loop
      vertex 2.4 56.4 3
      vertex 5.00222 56.1235 3
      vertex 4.94723 56.4 3
    endloop
  endfacet
  facet normal 0 0 1
    outer loop
      vertex 5.77868 54.7787 3
      vertex 2.4 56.4 3
      vertex 0 46.4 3
    endloop
  endfacet
  facet normal 0 0 1
    outer loop
      vertex 7.9 53.9 3
      vertex 0 46.4 3
      vertex 9.4 39.4 3
    endloop
  endfacet
  facet normal 0 0 1
    outer loop
      vertex 63.1284 55.7519 3
      vertex 9.4 39.4 3
      vertex 63.3019 55.4 3
    endloop
  endfacet
  facet normal 0 0 1
    outer loop
      vertex 63.5199 9.72628 3
      vertex 10.8743 8.29158 3
      vertex 10.9 7.9 3
    endloop
  endfacet
  facet normal 0 0 1
    outer loop
      vertex 63.5199 55.0737 3
      vertex 9.4 39.4 3
      vertex 63.5199 9.72628 3
    endloop
  endfacet
  facet normal -0 0 1
    outer loop
      vertex 9.4 25.4 3
      vertex 63.5199 9.72628 3
      vertex 9.4 39.4 3
    endloop
  endfacet
  facet normal 0 0 1
    outer loop
      vertex 63.3019 55.4 3
      vertex 9.4 39.4 3
      vertex 63.5199 55.0737 3
    endloop
  endfacet
  facet normal 0 -0 1
    outer loop
      vertex 10.6716 9.04805 3
      vertex 63.5199 9.72628 3
      vertex 9.4 25.4 3
    endloop
  endfacet
  facet normal 0 0 1
    outer loop
      vertex 9.4 39.4 3
      vertex 10.6716 55.7519 3
      vertex 10.4981 55.4 3
    endloop
  endfacet
  facet normal 0 0 1
    outer loop
      vertex 63.5199 9.72628 3
      vertex 10.7978 8.67646 3
      vertex 10.8743 8.29158 3
    endloop
  endfacet
  facet normal 0 0 1
    outer loop
      vertex 9.4 39.4 3
      vertex 10.4981 55.4 3
      vertex 10.2801 55.0737 3
    endloop
  endfacet
  facet normal 0 0 1
    outer loop
      vertex 63.5199 9.72628 3
      vertex 10.6716 9.04805 3
      vertex 10.7978 8.67646 3
    endloop
  endfacet
  facet normal 0 0 1
    outer loop
      vertex 9.4 39.4 3
      vertex 10.2801 55.0737 3
      vertex 10.0213 54.7787 3
    endloop
  endfacet
  facet normal 0 0 1
    outer loop
      vertex 10.6716 9.04805 3
      vertex 9.4 25.4 3
      vertex 10.4981 9.4 3
    endloop
  endfacet
  facet normal 0 0 1
    outer loop
      vertex 9.4 39.4 3
      vertex 10.0213 54.7787 3
      vertex 9.72628 54.5199 3
    endloop
  endfacet
  facet normal 0 0 1
    outer loop
      vertex 10.4981 9.4 3
      vertex 9.4 25.4 3
      vertex 10.2801 9.72628 3
    endloop
  endfacet
  facet normal 0 0 1
    outer loop
      vertex 9.4 39.4 3
      vertex 9.72628 54.5199 3
      vertex 9.4 54.3019 3
    endloop
  endfacet
  facet normal 0 0 1
    outer loop
      vertex 10.2801 9.72628 3
      vertex 9.4 25.4 3
      vertex 10.0213 10.0213 3
    endloop
  endfacet
  facet normal 0 0 1
    outer loop
      vertex 10.0213 10.0213 3
      vertex 9.4 25.4 3
      vertex 9.72628 10.2801 3
    endloop
  endfacet
  facet normal 0 0 1
    outer loop
      vertex 9.4 25.4 3
      vertex 9.4 10.4981 3
      vertex 9.72628 10.2801 3
    endloop
  endfacet
  facet normal 0 0 1
    outer loop
      vertex 9.4 25.4 3
      vertex 9.04805 10.6716 3
      vertex 9.4 10.4981 3
    endloop
  endfacet
  facet normal 0 0 1
    outer loop
      vertex 9.4 25.4 3
      vertex 8.67646 10.7978 3
      vertex 9.04805 10.6716 3
    endloop
  endfacet
  facet normal 0 0 1
    outer loop
      vertex 9.4 25.4 3
      vertex 8.29158 10.8743 3
      vertex 8.67646 10.7978 3
    endloop
  endfacet
  facet normal 0 0 1
    outer loop
      vertex 9.4 25.4 3
      vertex 7.9 10.9 3
      vertex 8.29158 10.8743 3
    endloop
  endfacet
  facet normal -0 0 1
    outer loop
      vertex 0 18.4 3
      vertex 7.9 10.9 3
      vertex 9.4 25.4 3
    endloop
  endfacet
  facet normal 0 0 1
    outer loop
      vertex 7.9 10.9 3
      vertex 0 18.4 3
      vertex 7.50842 10.8743 3
    endloop
  endfacet
  facet normal 0 0 1
    outer loop
      vertex 7.50842 10.8743 3
      vertex 0 18.4 3
      vertex 7.12354 10.7978 3
    endloop
  endfacet
  facet normal 0 0 1
    outer loop
      vertex 7.12354 10.7978 3
      vertex 0 18.4 3
      vertex 6.75195 10.6716 3
    endloop
  endfacet
  facet normal 0 0 1
    outer loop
      vertex 6.75195 10.6716 3
      vertex 0 18.4 3
      vertex 6.4 10.4981 3
    endloop
  endfacet
  facet normal 0 0 1
    outer loop
      vertex 6.4 10.4981 3
      vertex 0 18.4 3
      vertex 6.07372 10.2801 3
    endloop
  endfacet
  facet normal 0 0 1
    outer loop
      vertex 6.07372 10.2801 3
      vertex 0 18.4 3
      vertex 5.77868 10.0213 3
    endloop
  endfacet
  facet normal 0 -0 1
    outer loop
      vertex 2.4 8.4 3
      vertex 5.77868 10.0213 3
      vertex 0 18.4 3
    endloop
  endfacet
  facet normal 0 0 1
    outer loop
      vertex 5.77868 10.0213 3
      vertex 2.4 8.4 3
      vertex 5.51994 9.72628 3
    endloop
  endfacet
  facet normal 0 0 1
    outer loop
      vertex 5.51994 9.72628 3
      vertex 2.4 8.4 3
      vertex 5.30192 9.4 3
    endloop
  endfacet
  facet normal 0 0 1
    outer loop
      vertex 5.00222 8.67646 3
      vertex 2.4 8.4 3
      vertex 4.94723 8.4 3
    endloop
  endfacet
  facet normal 0 0 1
    outer loop
      vertex 5.30192 9.4 3
      vertex 2.4 8.4 3
      vertex 5.12836 9.04805 3
    endloop
  endfacet
  facet normal 0 0 1
    outer loop
      vertex 5.12836 9.04805 3
      vertex 2.4 8.4 3
      vertex 5.00222 8.67646 3
    endloop
  endfacet
  facet normal 0 0 1
    outer loop
      vertex 0 18.4 3
      vertex 9.4 25.4 3
      vertex 1.4 25.4 3
    endloop
  endfacet
  facet normal 0 0 1
    outer loop
      vertex 68.4981 55.4 3
      vertex 85.4 56.4 3
      vertex 68.6716 55.7519 3
    endloop
  endfacet
  facet normal 0 0 1
    outer loop
      vertex 93.8 18.4 3
      vertex 68.8743 8.29158 3
      vertex 68.9 7.9 3
    endloop
  endfacet
  facet normal 0 0 1
    outer loop
      vertex 68.2801 55.0737 3
      vertex 85.4 56.4 3
      vertex 68.4981 55.4 3
    endloop
  endfacet
  facet normal 0 0 1
    outer loop
      vertex 93.8 18.4 3
      vertex 68.7978 8.67646 3
      vertex 68.8743 8.29158 3
    endloop
  endfacet
  facet normal 0 0 1
    outer loop
      vertex 68.0213 54.7787 3
      vertex 85.4 56.4 3
      vertex 68.2801 55.0737 3
    endloop
  endfacet
  facet normal 0 0 1
    outer loop
      vertex 93.8 18.4 3
      vertex 68.6716 9.04805 3
      vertex 68.7978 8.67646 3
    endloop
  endfacet
  facet normal 0 0 1
    outer loop
      vertex 67.7263 54.5199 3
      vertex 85.4 56.4 3
      vertex 68.0213 54.7787 3
    endloop
  endfacet
  facet normal 0 0 1
    outer loop
      vertex 93.8 18.4 3
      vertex 68.4981 9.4 3
      vertex 68.6716 9.04805 3
    endloop
  endfacet
  facet normal 0 0 1
    outer loop
      vertex 85.4 56.4 3
      vertex 67.7263 54.5199 3
      vertex 93.8 46.4 3
    endloop
  endfacet
  facet normal 0 0 1
    outer loop
      vertex 93.8 18.4 3
      vertex 68.2801 9.72628 3
      vertex 68.4981 9.4 3
    endloop
  endfacet
  facet normal -0 0 1
    outer loop
      vertex 67.4 54.3019 3
      vertex 93.8 46.4 3
      vertex 67.7263 54.5199 3
    endloop
  endfacet
  facet normal 0 0 1
    outer loop
      vertex 93.8 18.4 3
      vertex 68.0213 10.0213 3
      vertex 68.2801 9.72628 3
    endloop
  endfacet
  facet normal -0 0 1
    outer loop
      vertex 67.048 54.1284 3
      vertex 93.8 46.4 3
      vertex 67.4 54.3019 3
    endloop
  endfacet
  facet normal 0 0 1
    outer loop
      vertex 93.8 18.4 3
      vertex 67.7263 10.2801 3
      vertex 68.0213 10.0213 3
    endloop
  endfacet
  facet normal 0 0 1
    outer loop
      vertex 93.8 46.4 3
      vertex 67.048 54.1284 3
      vertex 93.8 18.4 3
    endloop
  endfacet
  facet normal 0 0 1
    outer loop
      vertex 93.8 18.4 3
      vertex 67.4 10.4981 3
      vertex 67.7263 10.2801 3
    endloop
  endfacet
  facet normal 0 0 1
    outer loop
      vertex 67.048 10.6716 3
      vertex 93.8 18.4 3
      vertex 67.048 54.1284 3
    endloop
  endfacet
  facet normal 0 0 1
    outer loop
      vertex 93.8 18.4 3
      vertex 67.048 10.6716 3
      vertex 67.4 10.4981 3
    endloop
  endfacet
  facet normal -0 0 1
    outer loop
      vertex 66.6765 54.0022 3
      vertex 67.048 10.6716 3
      vertex 67.048 54.1284 3
    endloop
  endfacet
  facet normal 0 0 1
    outer loop
      vertex 66.6765 54.0022 3
      vertex 66.6765 10.7978 3
      vertex 67.048 10.6716 3
    endloop
  endfacet
  facet normal -0 0 1
    outer loop
      vertex 66.2916 53.9257 3
      vertex 66.6765 10.7978 3
      vertex 66.6765 54.0022 3
    endloop
  endfacet
  facet normal 0 0 1
    outer loop
      vertex 66.2916 53.9257 3
      vertex 66.2916 10.8743 3
      vertex 66.6765 10.7978 3
    endloop
  endfacet
  facet normal -0 0 1
    outer loop
      vertex 65.9 53.9 3
      vertex 66.2916 10.8743 3
      vertex 66.2916 53.9257 3
    endloop
  endfacet
  facet normal 0 0 1
    outer loop
      vertex 65.9 53.9 3
      vertex 65.9 10.9 3
      vertex 66.2916 10.8743 3
    endloop
  endfacet
  facet normal 0 0 1
    outer loop
      vertex 65.5084 53.9257 3
      vertex 65.9 10.9 3
      vertex 65.9 53.9 3
    endloop
  endfacet
  facet normal 0 0 1
    outer loop
      vertex 65.5084 53.9257 3
      vertex 65.5084 10.8743 3
      vertex 65.9 10.9 3
    endloop
  endfacet
  facet normal 0 0 1
    outer loop
      vertex 65.1235 54.0022 3
      vertex 65.5084 10.8743 3
      vertex 65.5084 53.9257 3
    endloop
  endfacet
  facet normal 0 0 1
    outer loop
      vertex 65.1235 54.0022 3
      vertex 65.1235 10.7978 3
      vertex 65.5084 10.8743 3
    endloop
  endfacet
  facet normal 0 0 1
    outer loop
      vertex 64.752 54.1284 3
      vertex 65.1235 10.7978 3
      vertex 65.1235 54.0022 3
    endloop
  endfacet
  facet normal 0 0 1
    outer loop
      vertex 64.752 54.1284 3
      vertex 64.752 10.6716 3
      vertex 65.1235 10.7978 3
    endloop
  endfacet
  facet normal 0 0 1
    outer loop
      vertex 64.4 54.3019 3
      vertex 64.752 10.6716 3
      vertex 64.752 54.1284 3
    endloop
  endfacet
  facet normal 0 0 1
    outer loop
      vertex 64.4 54.3019 3
      vertex 64.4 10.4981 3
      vertex 64.752 10.6716 3
    endloop
  endfacet
  facet normal 0 0 1
    outer loop
      vertex 64.0737 54.5199 3
      vertex 64.4 10.4981 3
      vertex 64.4 54.3019 3
    endloop
  endfacet
  facet normal 0 0 1
    outer loop
      vertex 64.0737 54.5199 3
      vertex 64.0737 10.2801 3
      vertex 64.4 10.4981 3
    endloop
  endfacet
  facet normal 0 0 1
    outer loop
      vertex 63.7787 54.7787 3
      vertex 64.0737 10.2801 3
      vertex 64.0737 54.5199 3
    endloop
  endfacet
  facet normal 0 0 1
    outer loop
      vertex 63.7787 54.7787 3
      vertex 63.7787 10.0213 3
      vertex 64.0737 10.2801 3
    endloop
  endfacet
  facet normal 0 0 1
    outer loop
      vertex 63.5199 55.0737 3
      vertex 63.7787 10.0213 3
      vertex 63.7787 54.7787 3
    endloop
  endfacet
  facet normal 0 0 1
    outer loop
      vertex 63.5199 55.0737 3
      vertex 63.5199 9.72628 3
      vertex 63.7787 10.0213 3
    endloop
  endfacet
  facet normal 0 0 1
    outer loop
      vertex 63.0022 56.1235 3
      vertex 10.7978 56.1235 3
      vertex 63.1284 55.7519 3
    endloop
  endfacet
  facet normal 0 0 1
    outer loop
      vertex 10.6716 55.7519 3
      vertex 63.1284 55.7519 3
      vertex 10.7978 56.1235 3
    endloop
  endfacet
  facet normal 0 0 1
    outer loop
      vertex 10.7978 56.1235 3
      vertex 63.0022 56.1235 3
      vertex 10.8743 56.5084 3
    endloop
  endfacet
  facet normal 0 0 1
    outer loop
      vertex 9.4 39.4 3
      vertex 63.1284 55.7519 3
      vertex 10.6716 55.7519 3
    endloop
  endfacet
  facet normal 0 0 1
    outer loop
      vertex 62.9257 56.5084 3
      vertex 10.8743 56.5084 3
      vertex 63.0022 56.1235 3
    endloop
  endfacet
  facet normal 0 0 1
    outer loop
      vertex 63.5199 9.72628 3
      vertex 10.9 7.9 3
      vertex 63.3019 9.4 3
    endloop
  endfacet
  facet normal 0 0 1
    outer loop
      vertex 10.8743 56.5084 3
      vertex 62.9257 56.5084 3
      vertex 10.9 56.9 3
    endloop
  endfacet
  facet normal 0 0 1
    outer loop
      vertex 63.3019 9.4 3
      vertex 10.9 7.9 3
      vertex 63.1284 9.04805 3
    endloop
  endfacet
  facet normal -0 0 1
    outer loop
      vertex 10.9 56.9 3
      vertex 62.9257 56.5084 3
      vertex 62.9 56.9 3
    endloop
  endfacet
  facet normal 0 0 1
    outer loop
      vertex 63.1284 9.04805 3
      vertex 10.9 7.9 3
      vertex 63.0022 8.67646 3
    endloop
  endfacet
  facet normal 0 0 1
    outer loop
      vertex 68.7978 56.1235 3
      vertex 85.4 56.4 3
      vertex 68.8743 56.5084 3
    endloop
  endfacet
  facet normal 0 0 1
    outer loop
      vertex 93.8 18.4 3
      vertex 85.4 8.4 3
      vertex 91.4 8.4 3
    endloop
  endfacet
  facet normal -0 0 1
    outer loop
      vertex 91.4 56.4 3
      vertex 93.8 46.4 3
      vertex 93.8 64.8 3
    endloop
  endfacet
  facet normal -0 0 1
    outer loop
      vertex 85.4 56.4 3
      vertex 93.8 46.4 3
      vertex 91.4 56.4 3
    endloop
  endfacet
  facet normal 0 0 1
    outer loop
      vertex 91.4 56.4 3
      vertex 93.8 64.8 3
      vertex 91.4 62.4 3
    endloop
  endfacet
  facet normal 0 0 1
    outer loop
      vertex 93.8 64.8 3
      vertex 85.4 62.4 3
      vertex 91.4 62.4 3
    endloop
  endfacet
  facet normal -0 0 1
    outer loop
      vertex 68.7978 57.6765 3
      vertex 85.4 56.4 3
      vertex 85.4 62.4 3
    endloop
  endfacet
  facet normal 0 0 1
    outer loop
      vertex 68.6716 55.7519 3
      vertex 85.4 56.4 3
      vertex 68.7978 56.1235 3
    endloop
  endfacet
  facet normal 0 0 1
    outer loop
      vertex 93.8 18.4 3
      vertex 68.9 7.9 3
      vertex 85.4 8.4 3
    endloop
  endfacet
  facet normal 0 0 1
    outer loop
      vertex 85.4 56.4 3
      vertex 68.8743 57.2916 3
      vertex 68.9 56.9 3
    endloop
  endfacet
  facet normal 0 0 1
    outer loop
      vertex 85.4 56.4 3
      vertex 68.7978 57.6765 3
      vertex 68.8743 57.2916 3
    endloop
  endfacet
  facet normal 0 0 1
    outer loop
      vertex 65.9 59.9 3
      vertex 85.4 62.4 3
      vertex 93.8 64.8 3
    endloop
  endfacet
  facet normal 0 0 1
    outer loop
      vertex 85.4 62.4 3
      vertex 68.6716 58.048 3
      vertex 68.7978 57.6765 3
    endloop
  endfacet
  facet normal 0 0 1
    outer loop
      vertex 85.4 62.4 3
      vertex 68.4981 58.4 3
      vertex 68.6716 58.048 3
    endloop
  endfacet
  facet normal 0 0 1
    outer loop
      vertex 85.4 62.4 3
      vertex 68.2801 58.7263 3
      vertex 68.4981 58.4 3
    endloop
  endfacet
  facet normal 0 0 1
    outer loop
      vertex 85.4 62.4 3
      vertex 68.0213 59.0213 3
      vertex 68.2801 58.7263 3
    endloop
  endfacet
  facet normal 0 0 1
    outer loop
      vertex 85.4 62.4 3
      vertex 67.7263 59.2801 3
      vertex 68.0213 59.0213 3
    endloop
  endfacet
  facet normal 0 0 1
    outer loop
      vertex 85.4 62.4 3
      vertex 67.4 59.4981 3
      vertex 67.7263 59.2801 3
    endloop
  endfacet
  facet normal 0 0 1
    outer loop
      vertex 85.4 62.4 3
      vertex 67.048 59.6716 3
      vertex 67.4 59.4981 3
    endloop
  endfacet
  facet normal 0 0 1
    outer loop
      vertex 85.4 62.4 3
      vertex 66.6765 59.7978 3
      vertex 67.048 59.6716 3
    endloop
  endfacet
  facet normal 0 0 1
    outer loop
      vertex 85.4 62.4 3
      vertex 66.2916 59.8743 3
      vertex 66.6765 59.7978 3
    endloop
  endfacet
  facet normal 0 0 1
    outer loop
      vertex 85.4 62.4 3
      vertex 65.9 59.9 3
      vertex 66.2916 59.8743 3
    endloop
  endfacet
  facet normal 0 0 1
    outer loop
      vertex 93.8 64.8 3
      vertex 65.5084 59.8743 3
      vertex 65.9 59.9 3
    endloop
  endfacet
  facet normal 0 0 1
    outer loop
      vertex 63.0022 8.67646 3
      vertex 10.9 7.9 3
      vertex 62.9257 8.29158 3
    endloop
  endfacet
  facet normal 0 0 1
    outer loop
      vertex 62.9257 57.2916 3
      vertex 10.9 56.9 3
      vertex 62.9 56.9 3
    endloop
  endfacet
  facet normal 0 0 1
    outer loop
      vertex 10.8743 57.2916 3
      vertex 62.9257 57.2916 3
      vertex 63.0022 57.6765 3
    endloop
  endfacet
  facet normal 0 0 1
    outer loop
      vertex 10.7978 57.6765 3
      vertex 63.0022 57.6765 3
      vertex 63.1284 58.048 3
    endloop
  endfacet
  facet normal 0 0 1
    outer loop
      vertex 10.6716 58.048 3
      vertex 63.1284 58.048 3
      vertex 63.3019 58.4 3
    endloop
  endfacet
  facet normal 0 0 1
    outer loop
      vertex 8.4 62.4 3
      vertex 63.3019 58.4 3
      vertex 63.5199 58.7263 3
    endloop
  endfacet
  facet normal 0 0 1
    outer loop
      vertex 8.4 62.4 3
      vertex 63.5199 58.7263 3
      vertex 63.7787 59.0213 3
    endloop
  endfacet
  facet normal 0 0 1
    outer loop
      vertex 8.4 62.4 3
      vertex 63.7787 59.0213 3
      vertex 64.0737 59.2801 3
    endloop
  endfacet
  facet normal 0 0 1
    outer loop
      vertex 8.4 62.4 3
      vertex 64.0737 59.2801 3
      vertex 64.4 59.4981 3
    endloop
  endfacet
  facet normal 0 0 1
    outer loop
      vertex 8.4 62.4 3
      vertex 64.4 59.4981 3
      vertex 64.752 59.6716 3
    endloop
  endfacet
  facet normal 0 0 1
    outer loop
      vertex 8.4 62.4 3
      vertex 64.752 59.6716 3
      vertex 65.1235 59.7978 3
    endloop
  endfacet
  facet normal 0 0 1
    outer loop
      vertex 8.4 62.4 3
      vertex 65.1235 59.7978 3
      vertex 65.5084 59.8743 3
    endloop
  endfacet
  facet normal -0 0 1
    outer loop
      vertex 0 64.8 3
      vertex 65.5084 59.8743 3
      vertex 93.8 64.8 3
    endloop
  endfacet
  facet normal 0 0 1
    outer loop
      vertex 62.9257 57.2916 3
      vertex 10.8743 57.2916 3
      vertex 10.9 56.9 3
    endloop
  endfacet
  facet normal 0 0 1
    outer loop
      vertex 63.0022 57.6765 3
      vertex 10.7978 57.6765 3
      vertex 10.8743 57.2916 3
    endloop
  endfacet
  facet normal 0 0 1
    outer loop
      vertex 63.1284 58.048 3
      vertex 10.6716 58.048 3
      vertex 10.7978 57.6765 3
    endloop
  endfacet
  facet normal 0 0 1
    outer loop
      vertex 63.3019 58.4 3
      vertex 10.4981 58.4 3
      vertex 10.6716 58.048 3
    endloop
  endfacet
  facet normal 0 0 1
    outer loop
      vertex 63.3019 58.4 3
      vertex 8.4 62.4 3
      vertex 10.4981 58.4 3
    endloop
  endfacet
  facet normal 0 0 1
    outer loop
      vertex 10.4981 58.4 3
      vertex 8.4 62.4 3
      vertex 10.2801 58.7263 3
    endloop
  endfacet
  facet normal 0 0 1
    outer loop
      vertex 10.2801 58.7263 3
      vertex 8.4 62.4 3
      vertex 10.0213 59.0213 3
    endloop
  endfacet
  facet normal 0 0 1
    outer loop
      vertex 10.0213 59.0213 3
      vertex 8.4 62.4 3
      vertex 9.72628 59.2801 3
    endloop
  endfacet
  facet normal 0 0 1
    outer loop
      vertex 9.72628 59.2801 3
      vertex 8.4 62.4 3
      vertex 9.4 59.4981 3
    endloop
  endfacet
  facet normal 0 0 1
    outer loop
      vertex 9.4 59.4981 3
      vertex 8.4 62.4 3
      vertex 9.04805 59.6716 3
    endloop
  endfacet
  facet normal 0 0 1
    outer loop
      vertex 9.04805 59.6716 3
      vertex 8.4 62.4 3
      vertex 8.67646 59.7978 3
    endloop
  endfacet
  facet normal 0 0 1
    outer loop
      vertex 65.5084 59.8743 3
      vertex 0 64.8 3
      vertex 8.4 62.4 3
    endloop
  endfacet
  facet normal 0 0 1
    outer loop
      vertex 0 64.8 3
      vertex 2.4 56.4 3
      vertex 2.4 62.4 3
    endloop
  endfacet
  facet normal 0 0 1
    outer loop
      vertex 9.4 39.4 3
      vertex 0 46.4 3
      vertex 1.4 39.4 3
    endloop
  endfacet
  facet normal 0 0 1
    outer loop
      vertex 2.4 56.4 3
      vertex 0 64.8 3
      vertex 0 46.4 3
    endloop
  endfacet
  facet normal 0 0 1
    outer loop
      vertex 8.4 62.4 3
      vertex 0 64.8 3
      vertex 2.4 62.4 3
    endloop
  endfacet
  facet normal -0 0 1
    outer loop
      vertex 68.8743 56.5084 3
      vertex 85.4 56.4 3
      vertex 68.9 56.9 3
    endloop
  endfacet
  facet normal 0 0 1
    outer loop
      vertex 93.8 18.4 3
      vertex 91.4 8.4 3
      vertex 93.8 0 3
    endloop
  endfacet
  facet normal -0 0 1
    outer loop
      vertex 91.4 2.4 3
      vertex 93.8 0 3
      vertex 91.4 8.4 3
    endloop
  endfacet
  facet normal -0 0 1
    outer loop
      vertex 85.4 2.4 3
      vertex 93.8 0 3
      vertex 91.4 2.4 3
    endloop
  endfacet
  facet normal 0 0 1
    outer loop
      vertex 68.8743 7.50842 3
      vertex 85.4 8.4 3
      vertex 68.9 7.9 3
    endloop
  endfacet
  facet normal 0 0 1
    outer loop
      vertex 68.7978 7.12354 3
      vertex 85.4 8.4 3
      vertex 68.8743 7.50842 3
    endloop
  endfacet
  facet normal 0 0 1
    outer loop
      vertex 85.4 8.4 3
      vertex 68.7978 7.12354 3
      vertex 85.4 2.4 3
    endloop
  endfacet
  facet normal -0 0 1
    outer loop
      vertex 68.6716 6.75195 3
      vertex 85.4 2.4 3
      vertex 68.7978 7.12354 3
    endloop
  endfacet
  facet normal -0 0 1
    outer loop
      vertex 68.4981 6.4 3
      vertex 85.4 2.4 3
      vertex 68.6716 6.75195 3
    endloop
  endfacet
  facet normal -0 0 1
    outer loop
      vertex 68.2801 6.07372 3
      vertex 85.4 2.4 3
      vertex 68.4981 6.4 3
    endloop
  endfacet
  facet normal -0 0 1
    outer loop
      vertex 68.0213 5.77868 3
      vertex 85.4 2.4 3
      vertex 68.2801 6.07372 3
    endloop
  endfacet
  facet normal -0 0 1
    outer loop
      vertex 67.7263 5.51994 3
      vertex 85.4 2.4 3
      vertex 68.0213 5.77868 3
    endloop
  endfacet
  facet normal -0 0 1
    outer loop
      vertex 67.4 5.30192 3
      vertex 85.4 2.4 3
      vertex 67.7263 5.51994 3
    endloop
  endfacet
  facet normal -0 0 1
    outer loop
      vertex 67.048 5.12836 3
      vertex 85.4 2.4 3
      vertex 67.4 5.30192 3
    endloop
  endfacet
  facet normal -0 0 1
    outer loop
      vertex 66.6765 5.00222 3
      vertex 85.4 2.4 3
      vertex 67.048 5.12836 3
    endloop
  endfacet
  facet normal -0 0 1
    outer loop
      vertex 66.2916 4.92566 3
      vertex 85.4 2.4 3
      vertex 66.6765 5.00222 3
    endloop
  endfacet
  facet normal -0 0 1
    outer loop
      vertex 65.9 4.9 3
      vertex 85.4 2.4 3
      vertex 66.2916 4.92566 3
    endloop
  endfacet
  facet normal 0 0 1
    outer loop
      vertex 85.4 2.4 3
      vertex 65.9 4.9 3
      vertex 93.8 0 3
    endloop
  endfacet
  facet normal 0 0 1
    outer loop
      vertex 65.5084 4.92566 3
      vertex 93.8 0 3
      vertex 65.9 4.9 3
    endloop
  endfacet
  facet normal 0 0 1
    outer loop
      vertex 62.9257 8.29158 3
      vertex 10.9 7.9 3
      vertex 62.9 7.9 3
    endloop
  endfacet
  facet normal 0 0 1
    outer loop
      vertex 62.9 7.9 3
      vertex 10.9 7.9 3
      vertex 62.9257 7.50842 3
    endloop
  endfacet
  facet normal 0 0 1
    outer loop
      vertex 10.8743 7.50842 3
      vertex 62.9257 7.50842 3
      vertex 10.9 7.9 3
    endloop
  endfacet
  facet normal 0 0 1
    outer loop
      vertex 62.9257 7.50842 3
      vertex 10.8743 7.50842 3
      vertex 63.0022 7.12354 3
    endloop
  endfacet
  facet normal 0 0 1
    outer loop
      vertex 10.7978 7.12354 3
      vertex 63.0022 7.12354 3
      vertex 10.8743 7.50842 3
    endloop
  endfacet
  facet normal 0 0 1
    outer loop
      vertex 63.0022 7.12354 3
      vertex 10.7978 7.12354 3
      vertex 63.1284 6.75195 3
    endloop
  endfacet
  facet normal 0 0 1
    outer loop
      vertex 10.6716 6.75195 3
      vertex 63.1284 6.75195 3
      vertex 10.7978 7.12354 3
    endloop
  endfacet
  facet normal 0 0 1
    outer loop
      vertex 63.1284 6.75195 3
      vertex 10.6716 6.75195 3
      vertex 63.3019 6.4 3
    endloop
  endfacet
  facet normal 0 0 1
    outer loop
      vertex 10.4981 6.4 3
      vertex 63.3019 6.4 3
      vertex 10.6716 6.75195 3
    endloop
  endfacet
  facet normal 0 0 1
    outer loop
      vertex 8.4 2.4 3
      vertex 63.3019 6.4 3
      vertex 10.4981 6.4 3
    endloop
  endfacet
  facet normal 0 0 1
    outer loop
      vertex 63.3019 6.4 3
      vertex 8.4 2.4 3
      vertex 63.5199 6.07372 3
    endloop
  endfacet
  facet normal 0 0 1
    outer loop
      vertex 63.5199 6.07372 3
      vertex 8.4 2.4 3
      vertex 63.7787 5.77868 3
    endloop
  endfacet
  facet normal 0 0 1
    outer loop
      vertex 63.7787 5.77868 3
      vertex 8.4 2.4 3
      vertex 64.0737 5.51994 3
    endloop
  endfacet
  facet normal 0 0 1
    outer loop
      vertex 64.0737 5.51994 3
      vertex 8.4 2.4 3
      vertex 64.4 5.30192 3
    endloop
  endfacet
  facet normal 0 0 1
    outer loop
      vertex 64.4 5.30192 3
      vertex 8.4 2.4 3
      vertex 64.752 5.12836 3
    endloop
  endfacet
  facet normal 0 0 1
    outer loop
      vertex 64.752 5.12836 3
      vertex 8.4 2.4 3
      vertex 65.1235 5.00222 3
    endloop
  endfacet
  facet normal 0 0 1
    outer loop
      vertex 65.1235 5.00222 3
      vertex 8.4 2.4 3
      vertex 65.5084 4.92566 3
    endloop
  endfacet
  facet normal 0 0 1
    outer loop
      vertex 8.4 2.4 3
      vertex 10.4981 6.4 3
      vertex 10.2801 6.07372 3
    endloop
  endfacet
  facet normal 0 0 1
    outer loop
      vertex 8.4 2.4 3
      vertex 10.2801 6.07372 3
      vertex 10.0213 5.77868 3
    endloop
  endfacet
  facet normal 0 0 1
    outer loop
      vertex 8.4 2.4 3
      vertex 10.0213 5.77868 3
      vertex 9.72628 5.51994 3
    endloop
  endfacet
  facet normal 0 0 1
    outer loop
      vertex 8.4 2.4 3
      vertex 9.72628 5.51994 3
      vertex 9.4 5.30192 3
    endloop
  endfacet
  facet normal 0 0 1
    outer loop
      vertex 8.4 2.4 3
      vertex 9.4 5.30192 3
      vertex 9.04805 5.12836 3
    endloop
  endfacet
  facet normal 0 0 1
    outer loop
      vertex 8.4 2.4 3
      vertex 9.04805 5.12836 3
      vertex 8.67646 5.00222 3
    endloop
  endfacet
  facet normal 0 0 1
    outer loop
      vertex 8.4 2.4 3
      vertex 8.67646 5.00222 3
      vertex 8.4 4.94723 3
    endloop
  endfacet
  facet normal 0 0 1
    outer loop
      vertex 0 0 3
      vertex 65.5084 4.92566 3
      vertex 8.4 2.4 3
    endloop
  endfacet
  facet normal 0 0 1
    outer loop
      vertex 0 0 3
      vertex 8.4 2.4 3
      vertex 2.4 2.4 3
    endloop
  endfacet
  facet normal 0 0 1
    outer loop
      vertex 1.4 39.4 3
      vertex 0 46.4 3
      vertex 1.4 25.4 3
    endloop
  endfacet
  facet normal 0 0 1
    outer loop
      vertex 0 18.4 3
      vertex 1.4 25.4 3
      vertex 0 46.4 3
    endloop
  endfacet
  facet normal 0 0 1
    outer loop
      vertex 0 0 3
      vertex 2.4 8.4 3
      vertex 0 18.4 3
    endloop
  endfacet
  facet normal 0 0 1
    outer loop
      vertex 65.5084 4.92566 3
      vertex 0 0 3
      vertex 93.8 0 3
    endloop
  endfacet
  facet normal 0 0 1
    outer loop
      vertex 2.4 8.4 3
      vertex 0 0 3
      vertex 2.4 2.4 3
    endloop
  endfacet
  facet normal 0 0 1
    outer loop
      vertex 8.67646 59.7978 3
      vertex 8.4 62.4 3
      vertex 8.4 59.8528 3
    endloop
  endfacet
  facet normal 0 1 -0
    outer loop
      vertex 93.8 64.8 0
      vertex 0 64.8 3
      vertex 93.8 64.8 3
    endloop
  endfacet
  facet normal 0 1 0
    outer loop
      vertex 0 64.8 3
      vertex 93.8 64.8 0
      vertex 0 64.8 0
    endloop
  endfacet
  facet normal 0 -1 0
    outer loop
      vertex 0 0 0
      vertex 93.8 0 3
      vertex 0 0 3
    endloop
  endfacet
  facet normal 0 -1 -0
    outer loop
      vertex 93.8 0 3
      vertex 0 0 0
      vertex 93.8 0 0
    endloop
  endfacet
  facet normal -0.980779 -0.195122 0
    outer loop
      vertex 8.94102 8.03705 2
      vertex 8.91422 8.17176 7
      vertex 8.91422 8.17176 2
    endloop
  endfacet
  facet normal -0.980779 -0.195122 0
    outer loop
      vertex 8.91422 8.17176 7
      vertex 8.94102 8.03705 2
      vertex 8.94102 8.03705 7
    endloop
  endfacet
  facet normal -0.99786 -0.0653833 0
    outer loop
      vertex 8.95 7.9 2
      vertex 8.94102 8.03705 7
      vertex 8.94102 8.03705 2
    endloop
  endfacet
  facet normal -0.99786 -0.0653833 0
    outer loop
      vertex 8.94102 8.03705 7
      vertex 8.95 7.9 2
      vertex 8.95 7.9 7
    endloop
  endfacet
  facet normal -0.442328 0.896853 0
    outer loop
      vertex 8.425 6.99067 7
      vertex 8.425 6.99067 2
      vertex 8.4 6.97834 7
    endloop
  endfacet
  facet normal -0.442237 0.896898 0
    outer loop
      vertex 8.4 6.97834 7
      vertex 8.30182 6.92993 8
      vertex 8.4 6.97834 8
    endloop
  endfacet
  facet normal -0.442256 0.896889 4.50556e-07
    outer loop
      vertex 8.30182 6.92993 2
      vertex 8.4 6.97834 7
      vertex 8.425 6.99067 2
    endloop
  endfacet
  facet normal -0.442237 0.896898 0
    outer loop
      vertex 8.4 6.97834 7
      vertex 8.30182 6.92993 2
      vertex 8.30182 6.92993 8
    endloop
  endfacet
  facet normal 0.55559 0.831456 -0
    outer loop
      vertex 7.375 6.99067 2
      vertex 7.2608 7.06698 8
      vertex 7.375 6.99067 8
    endloop
  endfacet
  facet normal 0.55559 0.831456 0
    outer loop
      vertex 7.2608 7.06698 8
      vertex 7.375 6.99067 2
      vertex 7.2608 7.06698 2
    endloop
  endfacet
  facet normal 0.980779 0.195122 0
    outer loop
      vertex 6.88578 7.62824 8
      vertex 6.85898 7.76295 2
      vertex 6.85898 7.76295 8
    endloop
  endfacet
  facet normal 0.980779 0.195122 0
    outer loop
      vertex 6.85898 7.76295 2
      vertex 6.88578 7.62824 8
      vertex 6.88578 7.62824 2
    endloop
  endfacet
  facet normal 0.0653833 -0.99786 0
    outer loop
      vertex 7.76295 8.94102 2
      vertex 7.9 8.95 7
      vertex 7.76295 8.94102 7
    endloop
  endfacet
  facet normal 0.0653833 -0.99786 0
    outer loop
      vertex 7.9 8.95 7
      vertex 7.76295 8.94102 2
      vertex 7.9 8.95 2
    endloop
  endfacet
  facet normal -0.831456 -0.55559 0
    outer loop
      vertex 8.80933 8.425 2
      vertex 8.73302 8.5392 7
      vertex 8.73302 8.5392 2
    endloop
  endfacet
  facet normal -0.831456 -0.55559 0
    outer loop
      vertex 8.73302 8.5392 7
      vertex 8.80933 8.425 2
      vertex 8.80933 8.425 7
    endloop
  endfacet
  facet normal 0.751827 -0.65936 0
    outer loop
      vertex 7.06698 8.5392 7
      vertex 7.15754 8.64246 2
      vertex 7.15754 8.64246 7
    endloop
  endfacet
  facet normal 0.751827 -0.65936 0
    outer loop
      vertex 7.15754 8.64246 2
      vertex 7.06698 8.5392 7
      vertex 7.06698 8.5392 2
    endloop
  endfacet
  facet normal 0.442256 0.896889 -0
    outer loop
      vertex 7.49818 6.92993 2
      vertex 7.375 6.99067 8
      vertex 7.49818 6.92993 8
    endloop
  endfacet
  facet normal 0.442256 0.896889 0
    outer loop
      vertex 7.375 6.99067 8
      vertex 7.49818 6.92993 2
      vertex 7.375 6.99067 2
    endloop
  endfacet
  facet normal 0.99786 -0.0653833 0
    outer loop
      vertex 6.85 7.9 8
      vertex 6.85898 8.03705 2
      vertex 6.85898 8.03705 8
    endloop
  endfacet
  facet normal 0.99786 -0.0653833 0
    outer loop
      vertex 6.85898 8.03705 2
      vertex 6.85 7.9 8
      vertex 6.85 7.9 2
    endloop
  endfacet
  facet normal -0.980779 0.195122 0
    outer loop
      vertex 8.91422 7.62824 2
      vertex 8.94102 7.76295 7
      vertex 8.94102 7.76295 2
    endloop
  endfacet
  facet normal -0.980779 0.195122 0
    outer loop
      vertex 8.94102 7.76295 7
      vertex 8.91422 7.62824 2
      vertex 8.91422 7.62824 7
    endloop
  endfacet
  facet normal -0.99786 0.0653833 0
    outer loop
      vertex 8.94102 7.76295 2
      vertex 8.95 7.9 7
      vertex 8.95 7.9 2
    endloop
  endfacet
  facet normal -0.99786 0.0653833 0
    outer loop
      vertex 8.95 7.9 7
      vertex 8.94102 7.76295 2
      vertex 8.94102 7.76295 7
    endloop
  endfacet
  facet normal 0 0 -1
    outer loop
      vertex 8.30182 6.92993 8
      vertex 8.4 8.4 8
      vertex 8.4 6.97834 8
    endloop
  endfacet
  facet normal 0 0 -1
    outer loop
      vertex 8.17176 6.88578 8
      vertex 8.4 8.4 8
      vertex 8.30182 6.92993 8
    endloop
  endfacet
  facet normal 0 0 -1
    outer loop
      vertex 8.03705 6.85898 8
      vertex 8.4 8.4 8
      vertex 8.17176 6.88578 8
    endloop
  endfacet
  facet normal 0 0 -1
    outer loop
      vertex 7.9 6.85 8
      vertex 8.4 8.4 8
      vertex 8.03705 6.85898 8
    endloop
  endfacet
  facet normal 0 0 -1
    outer loop
      vertex 7.76295 6.85898 8
      vertex 8.4 8.4 8
      vertex 7.9 6.85 8
    endloop
  endfacet
  facet normal 0 0 -1
    outer loop
      vertex 7.62824 6.88578 8
      vertex 8.4 8.4 8
      vertex 7.76295 6.85898 8
    endloop
  endfacet
  facet normal 0 0 -1
    outer loop
      vertex 7.49818 6.92993 8
      vertex 8.4 8.4 8
      vertex 7.62824 6.88578 8
    endloop
  endfacet
  facet normal 0 0 -1
    outer loop
      vertex 7.375 6.99067 8
      vertex 8.4 8.4 8
      vertex 7.49818 6.92993 8
    endloop
  endfacet
  facet normal 0 0 -1
    outer loop
      vertex 7.2608 7.06698 8
      vertex 8.4 8.4 8
      vertex 7.375 6.99067 8
    endloop
  endfacet
  facet normal 0 0 -1
    outer loop
      vertex 7.15754 7.15754 8
      vertex 8.4 8.4 8
      vertex 7.2608 7.06698 8
    endloop
  endfacet
  facet normal 0 0 -1
    outer loop
      vertex 7.06698 7.2608 8
      vertex 8.4 8.4 8
      vertex 7.15754 7.15754 8
    endloop
  endfacet
  facet normal 0 0 -1
    outer loop
      vertex 6.99067 7.375 8
      vertex 8.4 8.4 8
      vertex 7.06698 7.2608 8
    endloop
  endfacet
  facet normal 0 0 -1
    outer loop
      vertex 6.92993 7.49818 8
      vertex 8.4 8.4 8
      vertex 6.99067 7.375 8
    endloop
  endfacet
  facet normal 0 0 -1
    outer loop
      vertex 6.88578 7.62824 8
      vertex 8.4 8.4 8
      vertex 6.92993 7.49818 8
    endloop
  endfacet
  facet normal 0 0 -1
    outer loop
      vertex 6.85898 7.76295 8
      vertex 8.4 8.4 8
      vertex 6.88578 7.62824 8
    endloop
  endfacet
  facet normal 0 -0 -1
    outer loop
      vertex 6.92993 8.30182 8
      vertex 8.4 8.4 8
      vertex 6.88578 8.17176 8
    endloop
  endfacet
  facet normal -0 0 -1
    outer loop
      vertex 8.4 8.4 8
      vertex 6.92993 8.30182 8
      vertex 6.97834 8.4 8
    endloop
  endfacet
  facet normal 0 0 -1
    outer loop
      vertex 6.85 7.9 8
      vertex 8.4 8.4 8
      vertex 6.85898 7.76295 8
    endloop
  endfacet
  facet normal 0 0 -1
    outer loop
      vertex 8.4 8.4 8
      vertex 6.85898 8.03705 8
      vertex 6.88578 8.17176 8
    endloop
  endfacet
  facet normal 0 0 -1
    outer loop
      vertex 8.4 8.4 8
      vertex 6.85 7.9 8
      vertex 6.85898 8.03705 8
    endloop
  endfacet
  facet normal 0.896889 0.442256 0
    outer loop
      vertex 6.99067 7.375 8
      vertex 6.92993 7.49818 2
      vertex 6.92993 7.49818 8
    endloop
  endfacet
  facet normal 0.896889 0.442256 0
    outer loop
      vertex 6.92993 7.49818 2
      vertex 6.99067 7.375 8
      vertex 6.99067 7.375 2
    endloop
  endfacet
  facet normal -0.442256 -0.896889 0
    outer loop
      vertex 8.30182 8.87007 2
      vertex 8.425 8.80933 7
      vertex 8.30182 8.87007 7
    endloop
  endfacet
  facet normal -0.442256 -0.896889 -0
    outer loop
      vertex 8.425 8.80933 7
      vertex 8.30182 8.87007 2
      vertex 8.425 8.80933 2
    endloop
  endfacet
  facet normal 0.65936 0.751827 -0
    outer loop
      vertex 7.2608 7.06698 2
      vertex 7.15754 7.15754 8
      vertex 7.2608 7.06698 8
    endloop
  endfacet
  facet normal 0.65936 0.751827 0
    outer loop
      vertex 7.15754 7.15754 8
      vertex 7.2608 7.06698 2
      vertex 7.15754 7.15754 2
    endloop
  endfacet
  facet normal 0.65936 -0.751827 0
    outer loop
      vertex 7.15754 8.64246 2
      vertex 7.2608 8.73302 7
      vertex 7.15754 8.64246 7
    endloop
  endfacet
  facet normal 0.65936 -0.751827 0
    outer loop
      vertex 7.2608 8.73302 7
      vertex 7.15754 8.64246 2
      vertex 7.2608 8.73302 2
    endloop
  endfacet
  facet normal 0.831456 -0.55559 0
    outer loop
      vertex 6.99067 8.425 7
      vertex 7.06698 8.5392 2
      vertex 7.06698 8.5392 7
    endloop
  endfacet
  facet normal 0.831456 -0.55559 0
    outer loop
      vertex 7.06698 8.5392 2
      vertex 6.99067 8.425 7
      vertex 6.99067 8.425 2
    endloop
  endfacet
  facet normal -0.55559 0.831456 0
    outer loop
      vertex 8.5392 7.06698 2
      vertex 8.425 6.99067 7
      vertex 8.5392 7.06698 7
    endloop
  endfacet
  facet normal -0.55559 0.831456 0
    outer loop
      vertex 8.425 6.99067 7
      vertex 8.5392 7.06698 2
      vertex 8.425 6.99067 2
    endloop
  endfacet
  facet normal 0.751827 0.65936 0
    outer loop
      vertex 7.15754 7.15754 8
      vertex 7.06698 7.2608 2
      vertex 7.06698 7.2608 8
    endloop
  endfacet
  facet normal 0.751827 0.65936 0
    outer loop
      vertex 7.06698 7.2608 2
      vertex 7.15754 7.15754 8
      vertex 7.15754 7.15754 2
    endloop
  endfacet
  facet normal -0.195122 0.980779 0
    outer loop
      vertex 8.17176 6.88578 2
      vertex 8.03705 6.85898 8
      vertex 8.17176 6.88578 8
    endloop
  endfacet
  facet normal -0.195122 0.980779 0
    outer loop
      vertex 8.03705 6.85898 8
      vertex 8.17176 6.88578 2
      vertex 8.03705 6.85898 2
    endloop
  endfacet
  facet normal 0.946929 0.321443 0
    outer loop
      vertex 6.92993 7.49818 8
      vertex 6.88578 7.62824 2
      vertex 6.88578 7.62824 8
    endloop
  endfacet
  facet normal 0.946929 0.321443 0
    outer loop
      vertex 6.88578 7.62824 2
      vertex 6.92993 7.49818 8
      vertex 6.92993 7.49818 2
    endloop
  endfacet
  facet normal -0.321443 -0.946929 0
    outer loop
      vertex 8.17176 8.91422 2
      vertex 8.30182 8.87007 7
      vertex 8.17176 8.91422 7
    endloop
  endfacet
  facet normal -0.321443 -0.946929 -0
    outer loop
      vertex 8.30182 8.87007 7
      vertex 8.17176 8.91422 2
      vertex 8.30182 8.87007 2
    endloop
  endfacet
  facet normal 0.442256 -0.896889 0
    outer loop
      vertex 7.375 8.80933 2
      vertex 7.49818 8.87007 7
      vertex 7.375 8.80933 7
    endloop
  endfacet
  facet normal 0.442256 -0.896889 0
    outer loop
      vertex 7.49818 8.87007 7
      vertex 7.375 8.80933 2
      vertex 7.49818 8.87007 2
    endloop
  endfacet
  facet normal -0.896889 0.442256 0
    outer loop
      vertex 8.80933 7.375 2
      vertex 8.87007 7.49818 7
      vertex 8.87007 7.49818 2
    endloop
  endfacet
  facet normal -0.896889 0.442256 0
    outer loop
      vertex 8.87007 7.49818 7
      vertex 8.80933 7.375 2
      vertex 8.80933 7.375 7
    endloop
  endfacet
  facet normal -0.65936 -0.751827 0
    outer loop
      vertex 8.5392 8.73302 2
      vertex 8.64246 8.64246 7
      vertex 8.5392 8.73302 7
    endloop
  endfacet
  facet normal -0.65936 -0.751827 -0
    outer loop
      vertex 8.64246 8.64246 7
      vertex 8.5392 8.73302 2
      vertex 8.64246 8.64246 2
    endloop
  endfacet
  facet normal 0.321443 -0.946929 0
    outer loop
      vertex 7.49818 8.87007 2
      vertex 7.62824 8.91422 7
      vertex 7.49818 8.87007 7
    endloop
  endfacet
  facet normal 0.321443 -0.946929 0
    outer loop
      vertex 7.62824 8.91422 7
      vertex 7.49818 8.87007 2
      vertex 7.62824 8.91422 2
    endloop
  endfacet
  facet normal -0.321443 0.946929 0
    outer loop
      vertex 8.30182 6.92993 2
      vertex 8.17176 6.88578 8
      vertex 8.30182 6.92993 8
    endloop
  endfacet
  facet normal -0.321443 0.946929 0
    outer loop
      vertex 8.17176 6.88578 8
      vertex 8.30182 6.92993 2
      vertex 8.17176 6.88578 2
    endloop
  endfacet
  facet normal -0.946929 0.321443 0
    outer loop
      vertex 8.87007 7.49818 2
      vertex 8.91422 7.62824 7
      vertex 8.91422 7.62824 2
    endloop
  endfacet
  facet normal -0.946929 0.321443 0
    outer loop
      vertex 8.91422 7.62824 7
      vertex 8.87007 7.49818 2
      vertex 8.87007 7.49818 7
    endloop
  endfacet
  facet normal 0.195122 0.980779 -0
    outer loop
      vertex 7.76295 6.85898 2
      vertex 7.62824 6.88578 8
      vertex 7.76295 6.85898 8
    endloop
  endfacet
  facet normal 0.195122 0.980779 0
    outer loop
      vertex 7.62824 6.88578 8
      vertex 7.76295 6.85898 2
      vertex 7.62824 6.88578 2
    endloop
  endfacet
  facet normal 0.195122 -0.980779 0
    outer loop
      vertex 7.62824 8.91422 2
      vertex 7.76295 8.94102 7
      vertex 7.62824 8.91422 7
    endloop
  endfacet
  facet normal 0.195122 -0.980779 0
    outer loop
      vertex 7.76295 8.94102 7
      vertex 7.62824 8.91422 2
      vertex 7.76295 8.94102 2
    endloop
  endfacet
  facet normal -0.896889 -0.442256 0
    outer loop
      vertex 8.87007 8.30182 2
      vertex 8.80933 8.425 7
      vertex 8.80933 8.425 2
    endloop
  endfacet
  facet normal -0.896889 -0.442256 0
    outer loop
      vertex 8.80933 8.425 7
      vertex 8.87007 8.30182 2
      vertex 8.87007 8.30182 7
    endloop
  endfacet
  facet normal 0.946929 -0.321443 0
    outer loop
      vertex 6.88578 8.17176 8
      vertex 6.92993 8.30182 2
      vertex 6.92993 8.30182 8
    endloop
  endfacet
  facet normal 0.946929 -0.321443 0
    outer loop
      vertex 6.92993 8.30182 2
      vertex 6.88578 8.17176 8
      vertex 6.88578 8.17176 2
    endloop
  endfacet
  facet normal 0.980779 -0.195122 0
    outer loop
      vertex 6.85898 8.03705 8
      vertex 6.88578 8.17176 2
      vertex 6.88578 8.17176 8
    endloop
  endfacet
  facet normal 0.980779 -0.195122 0
    outer loop
      vertex 6.88578 8.17176 2
      vertex 6.85898 8.03705 8
      vertex 6.85898 8.03705 2
    endloop
  endfacet
  facet normal -0.55559 -0.831456 0
    outer loop
      vertex 8.425 8.80933 2
      vertex 8.5392 8.73302 7
      vertex 8.425 8.80933 7
    endloop
  endfacet
  facet normal -0.55559 -0.831456 -0
    outer loop
      vertex 8.5392 8.73302 7
      vertex 8.425 8.80933 2
      vertex 8.5392 8.73302 2
    endloop
  endfacet
  facet normal 0.99786 0.0653833 0
    outer loop
      vertex 6.85898 7.76295 8
      vertex 6.85 7.9 2
      vertex 6.85 7.9 8
    endloop
  endfacet
  facet normal 0.99786 0.0653833 0
    outer loop
      vertex 6.85 7.9 2
      vertex 6.85898 7.76295 8
      vertex 6.85898 7.76295 2
    endloop
  endfacet
  facet normal -0.751827 0.65936 0
    outer loop
      vertex 8.64246 7.15754 2
      vertex 8.73302 7.2608 7
      vertex 8.73302 7.2608 2
    endloop
  endfacet
  facet normal -0.751827 0.65936 0
    outer loop
      vertex 8.73302 7.2608 7
      vertex 8.64246 7.15754 2
      vertex 8.64246 7.15754 7
    endloop
  endfacet
  facet normal 0.321443 0.946929 -0
    outer loop
      vertex 7.62824 6.88578 2
      vertex 7.49818 6.92993 8
      vertex 7.62824 6.88578 8
    endloop
  endfacet
  facet normal 0.321443 0.946929 0
    outer loop
      vertex 7.49818 6.92993 8
      vertex 7.62824 6.88578 2
      vertex 7.49818 6.92993 2
    endloop
  endfacet
  facet normal 0.831456 0.55559 0
    outer loop
      vertex 7.06698 7.2608 8
      vertex 6.99067 7.375 2
      vertex 6.99067 7.375 8
    endloop
  endfacet
  facet normal 0.831456 0.55559 0
    outer loop
      vertex 6.99067 7.375 2
      vertex 7.06698 7.2608 8
      vertex 7.06698 7.2608 2
    endloop
  endfacet
  facet normal 0 0 1
    outer loop
      vertex 8.94102 8.03705 2
      vertex 8.94102 7.76295 2
      vertex 8.95 7.9 2
    endloop
  endfacet
  facet normal 0 0 1
    outer loop
      vertex 8.91422 8.17176 2
      vertex 8.94102 7.76295 2
      vertex 8.94102 8.03705 2
    endloop
  endfacet
  facet normal 0 0 1
    outer loop
      vertex 8.91422 8.17176 2
      vertex 8.91422 7.62824 2
      vertex 8.94102 7.76295 2
    endloop
  endfacet
  facet normal 0 0 1
    outer loop
      vertex 8.87007 8.30182 2
      vertex 8.91422 7.62824 2
      vertex 8.91422 8.17176 2
    endloop
  endfacet
  facet normal 0 0 1
    outer loop
      vertex 8.87007 8.30182 2
      vertex 8.87007 7.49818 2
      vertex 8.91422 7.62824 2
    endloop
  endfacet
  facet normal 0 0 1
    outer loop
      vertex 8.80933 8.425 2
      vertex 8.87007 7.49818 2
      vertex 8.87007 8.30182 2
    endloop
  endfacet
  facet normal 0 0 1
    outer loop
      vertex 8.80933 8.425 2
      vertex 8.80933 7.375 2
      vertex 8.87007 7.49818 2
    endloop
  endfacet
  facet normal 0 0 1
    outer loop
      vertex 8.73302 8.5392 2
      vertex 8.80933 7.375 2
      vertex 8.80933 8.425 2
    endloop
  endfacet
  facet normal 0 0 1
    outer loop
      vertex 8.73302 8.5392 2
      vertex 8.73302 7.2608 2
      vertex 8.80933 7.375 2
    endloop
  endfacet
  facet normal 0 0 1
    outer loop
      vertex 8.64246 8.64246 2
      vertex 8.73302 7.2608 2
      vertex 8.73302 8.5392 2
    endloop
  endfacet
  facet normal 0 0 1
    outer loop
      vertex 8.64246 8.64246 2
      vertex 8.64246 7.15754 2
      vertex 8.73302 7.2608 2
    endloop
  endfacet
  facet normal 0 0 1
    outer loop
      vertex 8.5392 8.73302 2
      vertex 8.64246 7.15754 2
      vertex 8.64246 8.64246 2
    endloop
  endfacet
  facet normal 0 0 1
    outer loop
      vertex 8.5392 8.73302 2
      vertex 8.5392 7.06698 2
      vertex 8.64246 7.15754 2
    endloop
  endfacet
  facet normal 0 0 1
    outer loop
      vertex 8.425 8.80933 2
      vertex 8.5392 7.06698 2
      vertex 8.5392 8.73302 2
    endloop
  endfacet
  facet normal 0 0 1
    outer loop
      vertex 8.425 8.80933 2
      vertex 8.425 6.99067 2
      vertex 8.5392 7.06698 2
    endloop
  endfacet
  facet normal 0 0 1
    outer loop
      vertex 8.30182 8.87007 2
      vertex 8.425 6.99067 2
      vertex 8.425 8.80933 2
    endloop
  endfacet
  facet normal 0 0 1
    outer loop
      vertex 8.30182 8.87007 2
      vertex 8.30182 6.92993 2
      vertex 8.425 6.99067 2
    endloop
  endfacet
  facet normal 0 0 1
    outer loop
      vertex 8.17176 8.91422 2
      vertex 8.30182 6.92993 2
      vertex 8.30182 8.87007 2
    endloop
  endfacet
  facet normal 0 0 1
    outer loop
      vertex 8.17176 8.91422 2
      vertex 8.17176 6.88578 2
      vertex 8.30182 6.92993 2
    endloop
  endfacet
  facet normal 0 0 1
    outer loop
      vertex 8.03705 8.94102 2
      vertex 8.17176 6.88578 2
      vertex 8.17176 8.91422 2
    endloop
  endfacet
  facet normal 0 0 1
    outer loop
      vertex 8.03705 8.94102 2
      vertex 8.03705 6.85898 2
      vertex 8.17176 6.88578 2
    endloop
  endfacet
  facet normal 0 0 1
    outer loop
      vertex 7.9 8.95 2
      vertex 8.03705 6.85898 2
      vertex 8.03705 8.94102 2
    endloop
  endfacet
  facet normal 0 0 1
    outer loop
      vertex 7.9 8.95 2
      vertex 7.9 6.85 2
      vertex 8.03705 6.85898 2
    endloop
  endfacet
  facet normal -0 0 1
    outer loop
      vertex 7.76295 8.94102 2
      vertex 7.9 6.85 2
      vertex 7.9 8.95 2
    endloop
  endfacet
  facet normal 0 0 1
    outer loop
      vertex 7.76295 8.94102 2
      vertex 7.76295 6.85898 2
      vertex 7.9 6.85 2
    endloop
  endfacet
  facet normal -0 0 1
    outer loop
      vertex 7.62824 8.91422 2
      vertex 7.76295 6.85898 2
      vertex 7.76295 8.94102 2
    endloop
  endfacet
  facet normal 0 0 1
    outer loop
      vertex 7.62824 8.91422 2
      vertex 7.62824 6.88578 2
      vertex 7.76295 6.85898 2
    endloop
  endfacet
  facet normal -0 0 1
    outer loop
      vertex 7.49818 8.87007 2
      vertex 7.62824 6.88578 2
      vertex 7.62824 8.91422 2
    endloop
  endfacet
  facet normal 0 0 1
    outer loop
      vertex 7.49818 8.87007 2
      vertex 7.49818 6.92993 2
      vertex 7.62824 6.88578 2
    endloop
  endfacet
  facet normal -0 0 1
    outer loop
      vertex 7.375 8.80933 2
      vertex 7.49818 6.92993 2
      vertex 7.49818 8.87007 2
    endloop
  endfacet
  facet normal 0 0 1
    outer loop
      vertex 7.375 8.80933 2
      vertex 7.375 6.99067 2
      vertex 7.49818 6.92993 2
    endloop
  endfacet
  facet normal -0 0 1
    outer loop
      vertex 7.2608 8.73302 2
      vertex 7.375 6.99067 2
      vertex 7.375 8.80933 2
    endloop
  endfacet
  facet normal 0 0 1
    outer loop
      vertex 7.2608 8.73302 2
      vertex 7.2608 7.06698 2
      vertex 7.375 6.99067 2
    endloop
  endfacet
  facet normal -0 0 1
    outer loop
      vertex 7.15754 8.64246 2
      vertex 7.2608 7.06698 2
      vertex 7.2608 8.73302 2
    endloop
  endfacet
  facet normal 0 0 1
    outer loop
      vertex 7.15754 8.64246 2
      vertex 7.15754 7.15754 2
      vertex 7.2608 7.06698 2
    endloop
  endfacet
  facet normal -0 0 1
    outer loop
      vertex 7.06698 8.5392 2
      vertex 7.15754 7.15754 2
      vertex 7.15754 8.64246 2
    endloop
  endfacet
  facet normal 0 0 1
    outer loop
      vertex 7.06698 8.5392 2
      vertex 7.06698 7.2608 2
      vertex 7.15754 7.15754 2
    endloop
  endfacet
  facet normal -0 0 1
    outer loop
      vertex 6.99067 8.425 2
      vertex 7.06698 7.2608 2
      vertex 7.06698 8.5392 2
    endloop
  endfacet
  facet normal 0 0 1
    outer loop
      vertex 6.99067 8.425 2
      vertex 6.99067 7.375 2
      vertex 7.06698 7.2608 2
    endloop
  endfacet
  facet normal -0 0 1
    outer loop
      vertex 6.92993 8.30182 2
      vertex 6.99067 7.375 2
      vertex 6.99067 8.425 2
    endloop
  endfacet
  facet normal 0 0 1
    outer loop
      vertex 6.92993 8.30182 2
      vertex 6.92993 7.49818 2
      vertex 6.99067 7.375 2
    endloop
  endfacet
  facet normal -0 0 1
    outer loop
      vertex 6.88578 8.17176 2
      vertex 6.92993 7.49818 2
      vertex 6.92993 8.30182 2
    endloop
  endfacet
  facet normal 0 0 1
    outer loop
      vertex 6.88578 8.17176 2
      vertex 6.88578 7.62824 2
      vertex 6.92993 7.49818 2
    endloop
  endfacet
  facet normal -0 0 1
    outer loop
      vertex 6.85898 8.03705 2
      vertex 6.88578 7.62824 2
      vertex 6.88578 8.17176 2
    endloop
  endfacet
  facet normal 0 0 1
    outer loop
      vertex 6.85898 8.03705 2
      vertex 6.85898 7.76295 2
      vertex 6.88578 7.62824 2
    endloop
  endfacet
  facet normal 0 -0 1
    outer loop
      vertex 6.85898 7.76295 2
      vertex 6.85898 8.03705 2
      vertex 6.85 7.9 2
    endloop
  endfacet
  facet normal -0.751827 -0.65936 0
    outer loop
      vertex 8.73302 8.5392 2
      vertex 8.64246 8.64246 7
      vertex 8.64246 8.64246 2
    endloop
  endfacet
  facet normal -0.751827 -0.65936 0
    outer loop
      vertex 8.64246 8.64246 7
      vertex 8.73302 8.5392 2
      vertex 8.73302 8.5392 7
    endloop
  endfacet
  facet normal -0.946929 -0.321443 0
    outer loop
      vertex 8.91422 8.17176 2
      vertex 8.87007 8.30182 7
      vertex 8.87007 8.30182 2
    endloop
  endfacet
  facet normal -0.946929 -0.321443 0
    outer loop
      vertex 8.87007 8.30182 7
      vertex 8.91422 8.17176 2
      vertex 8.91422 8.17176 7
    endloop
  endfacet
  facet normal 0.896898 -0.442237 0
    outer loop
      vertex 6.97834 8.4 8
      vertex 6.92993 8.30182 8
      vertex 6.97834 8.4 7
    endloop
  endfacet
  facet normal 0.896853 -0.442328 0
    outer loop
      vertex 6.97834 8.4 7
      vertex 6.99067 8.425 2
      vertex 6.99067 8.425 7
    endloop
  endfacet
  facet normal 0.896898 -0.442237 0
    outer loop
      vertex 6.92993 8.30182 2
      vertex 6.97834 8.4 7
      vertex 6.92993 8.30182 8
    endloop
  endfacet
  facet normal 0.896889 -0.442256 4.50556e-07
    outer loop
      vertex 6.97834 8.4 7
      vertex 6.92993 8.30182 2
      vertex 6.99067 8.425 2
    endloop
  endfacet
  facet normal -0.831456 0.55559 0
    outer loop
      vertex 8.73302 7.2608 2
      vertex 8.80933 7.375 7
      vertex 8.80933 7.375 2
    endloop
  endfacet
  facet normal -0.831456 0.55559 0
    outer loop
      vertex 8.80933 7.375 7
      vertex 8.73302 7.2608 2
      vertex 8.73302 7.2608 7
    endloop
  endfacet
  facet normal -0.65936 0.751827 0
    outer loop
      vertex 8.64246 7.15754 2
      vertex 8.5392 7.06698 7
      vertex 8.64246 7.15754 7
    endloop
  endfacet
  facet normal -0.65936 0.751827 0
    outer loop
      vertex 8.5392 7.06698 7
      vertex 8.64246 7.15754 2
      vertex 8.5392 7.06698 2
    endloop
  endfacet
  facet normal -0.0653833 0.99786 0
    outer loop
      vertex 8.03705 6.85898 2
      vertex 7.9 6.85 8
      vertex 8.03705 6.85898 8
    endloop
  endfacet
  facet normal -0.0653833 0.99786 0
    outer loop
      vertex 7.9 6.85 8
      vertex 8.03705 6.85898 2
      vertex 7.9 6.85 2
    endloop
  endfacet
  facet normal -0.0653833 -0.99786 0
    outer loop
      vertex 7.9 8.95 2
      vertex 8.03705 8.94102 7
      vertex 7.9 8.95 7
    endloop
  endfacet
  facet normal -0.0653833 -0.99786 -0
    outer loop
      vertex 8.03705 8.94102 7
      vertex 7.9 8.95 2
      vertex 8.03705 8.94102 2
    endloop
  endfacet
  facet normal 0.55559 -0.831456 0
    outer loop
      vertex 7.2608 8.73302 2
      vertex 7.375 8.80933 7
      vertex 7.2608 8.73302 7
    endloop
  endfacet
  facet normal 0.55559 -0.831456 0
    outer loop
      vertex 7.375 8.80933 7
      vertex 7.2608 8.73302 2
      vertex 7.375 8.80933 2
    endloop
  endfacet
  facet normal -0.195122 -0.980779 0
    outer loop
      vertex 8.03705 8.94102 2
      vertex 8.17176 8.91422 7
      vertex 8.03705 8.94102 7
    endloop
  endfacet
  facet normal -0.195122 -0.980779 -0
    outer loop
      vertex 8.17176 8.91422 7
      vertex 8.03705 8.94102 2
      vertex 8.17176 8.91422 2
    endloop
  endfacet
  facet normal 0.0653833 0.99786 -0
    outer loop
      vertex 7.9 6.85 2
      vertex 7.76295 6.85898 8
      vertex 7.9 6.85 8
    endloop
  endfacet
  facet normal 0.0653833 0.99786 0
    outer loop
      vertex 7.76295 6.85898 8
      vertex 7.9 6.85 2
      vertex 7.76295 6.85898 2
    endloop
  endfacet
  facet normal -0.980779 -0.195122 0
    outer loop
      vertex 66.941 8.03705 2
      vertex 66.9142 8.17176 7
      vertex 66.9142 8.17176 2
    endloop
  endfacet
  facet normal -0.980779 -0.195122 0
    outer loop
      vertex 66.9142 8.17176 7
      vertex 66.941 8.03705 2
      vertex 66.941 8.03705 7
    endloop
  endfacet
  facet normal -0.997851 -0.0655283 0
    outer loop
      vertex 66.95 7.9 2
      vertex 66.941 8.03705 7
      vertex 66.941 8.03705 2
    endloop
  endfacet
  facet normal -0.997851 -0.0655283 0
    outer loop
      vertex 66.941 8.03705 7
      vertex 66.95 7.9 2
      vertex 66.95 7.9 7
    endloop
  endfacet
  facet normal -0.442198 0.896918 0
    outer loop
      vertex 66.425 6.99067 2
      vertex 66.3018 6.92993 7
      vertex 66.425 6.99067 7
    endloop
  endfacet
  facet normal -0.442198 0.896918 0
    outer loop
      vertex 66.3018 6.92993 7
      vertex 66.425 6.99067 2
      vertex 66.3018 6.92993 2
    endloop
  endfacet
  facet normal 0.55559 0.831456 -0
    outer loop
      vertex 65.375 6.99067 2
      vertex 65.2608 7.06698 7
      vertex 65.375 6.99067 7
    endloop
  endfacet
  facet normal 0.55559 0.831456 0
    outer loop
      vertex 65.2608 7.06698 7
      vertex 65.375 6.99067 2
      vertex 65.2608 7.06698 2
    endloop
  endfacet
  facet normal 0.980779 0.195122 0
    outer loop
      vertex 64.8858 7.62824 7
      vertex 64.859 7.76295 2
      vertex 64.859 7.76295 7
    endloop
  endfacet
  facet normal 0.980779 0.195122 0
    outer loop
      vertex 64.859 7.76295 2
      vertex 64.8858 7.62824 7
      vertex 64.8858 7.62824 2
    endloop
  endfacet
  facet normal 0.0653596 -0.997862 0
    outer loop
      vertex 65.7629 8.94102 2
      vertex 65.9 8.95 7
      vertex 65.7629 8.94102 7
    endloop
  endfacet
  facet normal 0.0653596 -0.997862 0
    outer loop
      vertex 65.9 8.95 7
      vertex 65.7629 8.94102 2
      vertex 65.9 8.95 2
    endloop
  endfacet
  facet normal -0.83149 -0.55554 0
    outer loop
      vertex 66.8093 8.425 2
      vertex 66.733 8.5392 7
      vertex 66.733 8.5392 2
    endloop
  endfacet
  facet normal -0.83149 -0.55554 0
    outer loop
      vertex 66.733 8.5392 7
      vertex 66.8093 8.425 2
      vertex 66.8093 8.425 7
    endloop
  endfacet
  facet normal 0.752044 -0.659113 0
    outer loop
      vertex 65.067 8.5392 7
      vertex 65.1575 8.64246 2
      vertex 65.1575 8.64246 7
    endloop
  endfacet
  facet normal 0.752044 -0.659113 0
    outer loop
      vertex 65.1575 8.64246 2
      vertex 65.067 8.5392 7
      vertex 65.067 8.5392 2
    endloop
  endfacet
  facet normal 0.442198 0.896918 -0
    outer loop
      vertex 65.4982 6.92993 2
      vertex 65.375 6.99067 7
      vertex 65.4982 6.92993 7
    endloop
  endfacet
  facet normal 0.442198 0.896918 0
    outer loop
      vertex 65.375 6.99067 7
      vertex 65.4982 6.92993 2
      vertex 65.375 6.99067 2
    endloop
  endfacet
  facet normal 0.997851 -0.0655283 0
    outer loop
      vertex 64.85 7.9 7
      vertex 64.859 8.03705 2
      vertex 64.859 8.03705 7
    endloop
  endfacet
  facet normal 0.997851 -0.0655283 0
    outer loop
      vertex 64.859 8.03705 2
      vertex 64.85 7.9 7
      vertex 64.85 7.9 2
    endloop
  endfacet
  facet normal -0.980779 0.195122 0
    outer loop
      vertex 66.9142 7.62824 2
      vertex 66.941 7.76295 7
      vertex 66.941 7.76295 2
    endloop
  endfacet
  facet normal -0.980779 0.195122 0
    outer loop
      vertex 66.941 7.76295 7
      vertex 66.9142 7.62824 2
      vertex 66.9142 7.62824 7
    endloop
  endfacet
  facet normal -0.997851 0.0655283 0
    outer loop
      vertex 66.941 7.76295 2
      vertex 66.95 7.9 7
      vertex 66.95 7.9 2
    endloop
  endfacet
  facet normal -0.997851 0.0655283 0
    outer loop
      vertex 66.95 7.9 7
      vertex 66.941 7.76295 2
      vertex 66.941 7.76295 7
    endloop
  endfacet
  facet normal 0.896716 0.442607 0
    outer loop
      vertex 64.9907 7.375 7
      vertex 64.9299 7.49818 2
      vertex 64.9299 7.49818 7
    endloop
  endfacet
  facet normal 0.896716 0.442607 0
    outer loop
      vertex 64.9299 7.49818 2
      vertex 64.9907 7.375 7
      vertex 64.9907 7.375 2
    endloop
  endfacet
  facet normal -0.442198 -0.896918 0
    outer loop
      vertex 66.3018 8.87007 2
      vertex 66.425 8.80933 7
      vertex 66.3018 8.87007 7
    endloop
  endfacet
  facet normal -0.442198 -0.896918 -0
    outer loop
      vertex 66.425 8.80933 7
      vertex 66.3018 8.87007 2
      vertex 66.425 8.80933 2
    endloop
  endfacet
  facet normal 0.659215 0.751954 -0
    outer loop
      vertex 65.2608 7.06698 2
      vertex 65.1575 7.15754 7
      vertex 65.2608 7.06698 7
    endloop
  endfacet
  facet normal 0.659215 0.751954 0
    outer loop
      vertex 65.1575 7.15754 7
      vertex 65.2608 7.06698 2
      vertex 65.1575 7.15754 2
    endloop
  endfacet
  facet normal 0.659215 -0.751954 0
    outer loop
      vertex 65.1575 8.64246 2
      vertex 65.2608 8.73302 7
      vertex 65.1575 8.64246 7
    endloop
  endfacet
  facet normal 0.659215 -0.751954 0
    outer loop
      vertex 65.2608 8.73302 7
      vertex 65.1575 8.64246 2
      vertex 65.2608 8.73302 2
    endloop
  endfacet
  facet normal 0.321576 0.946884 -0
    outer loop
      vertex 65.6282 6.88578 2
      vertex 65.4982 6.92993 7
      vertex 65.6282 6.88578 7
    endloop
  endfacet
  facet normal 0.321576 0.946884 0
    outer loop
      vertex 65.4982 6.92993 7
      vertex 65.6282 6.88578 2
      vertex 65.4982 6.92993 2
    endloop
  endfacet
  facet normal 0.83149 -0.55554 0
    outer loop
      vertex 64.9907 8.425 7
      vertex 65.067 8.5392 2
      vertex 65.067 8.5392 7
    endloop
  endfacet
  facet normal 0.83149 -0.55554 0
    outer loop
      vertex 65.067 8.5392 2
      vertex 64.9907 8.425 7
      vertex 64.9907 8.425 2
    endloop
  endfacet
  facet normal -0.55559 0.831456 0
    outer loop
      vertex 66.5392 7.06698 2
      vertex 66.425 6.99067 7
      vertex 66.5392 7.06698 7
    endloop
  endfacet
  facet normal -0.55559 0.831456 0
    outer loop
      vertex 66.425 6.99067 7
      vertex 66.5392 7.06698 2
      vertex 66.425 6.99067 2
    endloop
  endfacet
  facet normal 0.752044 0.659113 0
    outer loop
      vertex 65.1575 7.15754 7
      vertex 65.067 7.2608 2
      vertex 65.067 7.2608 7
    endloop
  endfacet
  facet normal 0.752044 0.659113 0
    outer loop
      vertex 65.067 7.2608 2
      vertex 65.1575 7.15754 7
      vertex 65.1575 7.15754 2
    endloop
  endfacet
  facet normal -0.194997 0.980804 0
    outer loop
      vertex 66.1718 6.88578 2
      vertex 66.037 6.85898 7
      vertex 66.1718 6.88578 7
    endloop
  endfacet
  facet normal -0.194997 0.980804 0
    outer loop
      vertex 66.037 6.85898 7
      vertex 66.1718 6.88578 2
      vertex 66.037 6.85898 2
    endloop
  endfacet
  facet normal 0.94704 0.321117 0
    outer loop
      vertex 64.9299 7.49818 7
      vertex 64.8858 7.62824 2
      vertex 64.8858 7.62824 7
    endloop
  endfacet
  facet normal 0.94704 0.321117 0
    outer loop
      vertex 64.8858 7.62824 2
      vertex 64.9299 7.49818 7
      vertex 64.9299 7.49818 2
    endloop
  endfacet
  facet normal -0.321576 -0.946884 0
    outer loop
      vertex 66.1718 8.91422 2
      vertex 66.3018 8.87007 7
      vertex 66.1718 8.91422 7
    endloop
  endfacet
  facet normal -0.321576 -0.946884 -0
    outer loop
      vertex 66.3018 8.87007 7
      vertex 66.1718 8.91422 2
      vertex 66.3018 8.87007 2
    endloop
  endfacet
  facet normal 0.442198 -0.896918 0
    outer loop
      vertex 65.375 8.80933 2
      vertex 65.4982 8.87007 7
      vertex 65.375 8.80933 7
    endloop
  endfacet
  facet normal 0.442198 -0.896918 0
    outer loop
      vertex 65.4982 8.87007 7
      vertex 65.375 8.80933 2
      vertex 65.4982 8.87007 2
    endloop
  endfacet
  facet normal -0.94704 -0.321117 0
    outer loop
      vertex 66.9142 8.17176 2
      vertex 66.8701 8.30182 7
      vertex 66.8701 8.30182 2
    endloop
  endfacet
  facet normal -0.94704 -0.321117 0
    outer loop
      vertex 66.8701 8.30182 7
      vertex 66.9142 8.17176 2
      vertex 66.9142 8.17176 7
    endloop
  endfacet
  facet normal -0.896716 0.442607 0
    outer loop
      vertex 66.8093 7.375 2
      vertex 66.8701 7.49818 7
      vertex 66.8701 7.49818 2
    endloop
  endfacet
  facet normal -0.896716 0.442607 0
    outer loop
      vertex 66.8701 7.49818 7
      vertex 66.8093 7.375 2
      vertex 66.8093 7.375 7
    endloop
  endfacet
  facet normal -0.659215 -0.751954 0
    outer loop
      vertex 66.5392 8.73302 2
      vertex 66.6425 8.64246 7
      vertex 66.5392 8.73302 7
    endloop
  endfacet
  facet normal -0.659215 -0.751954 -0
    outer loop
      vertex 66.6425 8.64246 7
      vertex 66.5392 8.73302 2
      vertex 66.6425 8.64246 2
    endloop
  endfacet
  facet normal -0.321576 0.946884 0
    outer loop
      vertex 66.3018 6.92993 2
      vertex 66.1718 6.88578 7
      vertex 66.3018 6.92993 7
    endloop
  endfacet
  facet normal -0.321576 0.946884 0
    outer loop
      vertex 66.1718 6.88578 7
      vertex 66.3018 6.92993 2
      vertex 66.1718 6.88578 2
    endloop
  endfacet
  facet normal -0.94704 0.321117 0
    outer loop
      vertex 66.8701 7.49818 2
      vertex 66.9142 7.62824 7
      vertex 66.9142 7.62824 2
    endloop
  endfacet
  facet normal -0.94704 0.321117 0
    outer loop
      vertex 66.9142 7.62824 7
      vertex 66.8701 7.49818 2
      vertex 66.8701 7.49818 7
    endloop
  endfacet
  facet normal 0.195136 0.980776 -0
    outer loop
      vertex 65.7629 6.85898 2
      vertex 65.6282 6.88578 7
      vertex 65.7629 6.85898 7
    endloop
  endfacet
  facet normal 0.195136 0.980776 0
    outer loop
      vertex 65.6282 6.88578 7
      vertex 65.7629 6.85898 2
      vertex 65.6282 6.88578 2
    endloop
  endfacet
  facet normal 0.195136 -0.980776 0
    outer loop
      vertex 65.6282 8.91422 2
      vertex 65.7629 8.94102 7
      vertex 65.6282 8.91422 7
    endloop
  endfacet
  facet normal 0.195136 -0.980776 0
    outer loop
      vertex 65.7629 8.94102 7
      vertex 65.6282 8.91422 2
      vertex 65.7629 8.94102 2
    endloop
  endfacet
  facet normal -0.896716 -0.442607 0
    outer loop
      vertex 66.8701 8.30182 2
      vertex 66.8093 8.425 7
      vertex 66.8093 8.425 2
    endloop
  endfacet
  facet normal -0.896716 -0.442607 0
    outer loop
      vertex 66.8093 8.425 7
      vertex 66.8701 8.30182 2
      vertex 66.8701 8.30182 7
    endloop
  endfacet
  facet normal 0.94704 -0.321117 0
    outer loop
      vertex 64.8858 8.17176 7
      vertex 64.9299 8.30182 2
      vertex 64.9299 8.30182 7
    endloop
  endfacet
  facet normal 0.94704 -0.321117 0
    outer loop
      vertex 64.9299 8.30182 2
      vertex 64.8858 8.17176 7
      vertex 64.8858 8.17176 2
    endloop
  endfacet
  facet normal 0.980779 -0.195122 0
    outer loop
      vertex 64.859 8.03705 7
      vertex 64.8858 8.17176 2
      vertex 64.8858 8.17176 7
    endloop
  endfacet
  facet normal 0.980779 -0.195122 0
    outer loop
      vertex 64.8858 8.17176 2
      vertex 64.859 8.03705 7
      vertex 64.859 8.03705 2
    endloop
  endfacet
  facet normal -0.55559 -0.831456 0
    outer loop
      vertex 66.425 8.80933 2
      vertex 66.5392 8.73302 7
      vertex 66.425 8.80933 7
    endloop
  endfacet
  facet normal -0.55559 -0.831456 -0
    outer loop
      vertex 66.5392 8.73302 7
      vertex 66.425 8.80933 2
      vertex 66.5392 8.73302 2
    endloop
  endfacet
  facet normal 0.997851 0.0655283 0
    outer loop
      vertex 64.859 7.76295 7
      vertex 64.85 7.9 2
      vertex 64.85 7.9 7
    endloop
  endfacet
  facet normal 0.997851 0.0655283 0
    outer loop
      vertex 64.85 7.9 2
      vertex 64.859 7.76295 7
      vertex 64.859 7.76295 2
    endloop
  endfacet
  facet normal -0.752044 0.659113 0
    outer loop
      vertex 66.6425 7.15754 2
      vertex 66.733 7.2608 7
      vertex 66.733 7.2608 2
    endloop
  endfacet
  facet normal -0.752044 0.659113 0
    outer loop
      vertex 66.733 7.2608 7
      vertex 66.6425 7.15754 2
      vertex 66.6425 7.15754 7
    endloop
  endfacet
  facet normal 0.83149 0.55554 0
    outer loop
      vertex 65.067 7.2608 7
      vertex 64.9907 7.375 2
      vertex 64.9907 7.375 7
    endloop
  endfacet
  facet normal 0.83149 0.55554 0
    outer loop
      vertex 64.9907 7.375 2
      vertex 65.067 7.2608 7
      vertex 65.067 7.2608 2
    endloop
  endfacet
  facet normal 0 0 1
    outer loop
      vertex 66.941 8.03705 2
      vertex 66.941 7.76295 2
      vertex 66.95 7.9 2
    endloop
  endfacet
  facet normal 0 0 1
    outer loop
      vertex 66.9142 8.17176 2
      vertex 66.941 7.76295 2
      vertex 66.941 8.03705 2
    endloop
  endfacet
  facet normal 0 0 1
    outer loop
      vertex 66.9142 8.17176 2
      vertex 66.9142 7.62824 2
      vertex 66.941 7.76295 2
    endloop
  endfacet
  facet normal 0 0 1
    outer loop
      vertex 66.8701 8.30182 2
      vertex 66.9142 7.62824 2
      vertex 66.9142 8.17176 2
    endloop
  endfacet
  facet normal 0 0 1
    outer loop
      vertex 66.8701 8.30182 2
      vertex 66.8701 7.49818 2
      vertex 66.9142 7.62824 2
    endloop
  endfacet
  facet normal 0 0 1
    outer loop
      vertex 66.8093 8.425 2
      vertex 66.8701 7.49818 2
      vertex 66.8701 8.30182 2
    endloop
  endfacet
  facet normal 0 0 1
    outer loop
      vertex 66.8093 8.425 2
      vertex 66.8093 7.375 2
      vertex 66.8701 7.49818 2
    endloop
  endfacet
  facet normal 0 0 1
    outer loop
      vertex 66.733 8.5392 2
      vertex 66.8093 7.375 2
      vertex 66.8093 8.425 2
    endloop
  endfacet
  facet normal 0 0 1
    outer loop
      vertex 66.733 8.5392 2
      vertex 66.733 7.2608 2
      vertex 66.8093 7.375 2
    endloop
  endfacet
  facet normal 0 0 1
    outer loop
      vertex 66.6425 8.64246 2
      vertex 66.733 7.2608 2
      vertex 66.733 8.5392 2
    endloop
  endfacet
  facet normal 0 0 1
    outer loop
      vertex 66.6425 8.64246 2
      vertex 66.6425 7.15754 2
      vertex 66.733 7.2608 2
    endloop
  endfacet
  facet normal 0 0 1
    outer loop
      vertex 66.5392 8.73302 2
      vertex 66.6425 7.15754 2
      vertex 66.6425 8.64246 2
    endloop
  endfacet
  facet normal 0 0 1
    outer loop
      vertex 66.5392 8.73302 2
      vertex 66.5392 7.06698 2
      vertex 66.6425 7.15754 2
    endloop
  endfacet
  facet normal 0 0 1
    outer loop
      vertex 66.425 8.80933 2
      vertex 66.5392 7.06698 2
      vertex 66.5392 8.73302 2
    endloop
  endfacet
  facet normal 0 0 1
    outer loop
      vertex 66.425 8.80933 2
      vertex 66.425 6.99067 2
      vertex 66.5392 7.06698 2
    endloop
  endfacet
  facet normal 0 0 1
    outer loop
      vertex 66.3018 8.87007 2
      vertex 66.425 6.99067 2
      vertex 66.425 8.80933 2
    endloop
  endfacet
  facet normal 0 0 1
    outer loop
      vertex 66.3018 8.87007 2
      vertex 66.3018 6.92993 2
      vertex 66.425 6.99067 2
    endloop
  endfacet
  facet normal 0 0 1
    outer loop
      vertex 66.1718 8.91422 2
      vertex 66.3018 6.92993 2
      vertex 66.3018 8.87007 2
    endloop
  endfacet
  facet normal 0 0 1
    outer loop
      vertex 66.1718 8.91422 2
      vertex 66.1718 6.88578 2
      vertex 66.3018 6.92993 2
    endloop
  endfacet
  facet normal 0 0 1
    outer loop
      vertex 66.037 8.94102 2
      vertex 66.1718 6.88578 2
      vertex 66.1718 8.91422 2
    endloop
  endfacet
  facet normal 0 0 1
    outer loop
      vertex 66.037 8.94102 2
      vertex 66.037 6.85898 2
      vertex 66.1718 6.88578 2
    endloop
  endfacet
  facet normal 0 0 1
    outer loop
      vertex 65.9 8.95 2
      vertex 66.037 6.85898 2
      vertex 66.037 8.94102 2
    endloop
  endfacet
  facet normal 0 0 1
    outer loop
      vertex 65.9 8.95 2
      vertex 65.9 6.85 2
      vertex 66.037 6.85898 2
    endloop
  endfacet
  facet normal -0 0 1
    outer loop
      vertex 65.7629 8.94102 2
      vertex 65.9 6.85 2
      vertex 65.9 8.95 2
    endloop
  endfacet
  facet normal 0 0 1
    outer loop
      vertex 65.7629 8.94102 2
      vertex 65.7629 6.85898 2
      vertex 65.9 6.85 2
    endloop
  endfacet
  facet normal -0 0 1
    outer loop
      vertex 65.6282 8.91422 2
      vertex 65.7629 6.85898 2
      vertex 65.7629 8.94102 2
    endloop
  endfacet
  facet normal 0 0 1
    outer loop
      vertex 65.6282 8.91422 2
      vertex 65.6282 6.88578 2
      vertex 65.7629 6.85898 2
    endloop
  endfacet
  facet normal -0 0 1
    outer loop
      vertex 65.4982 8.87007 2
      vertex 65.6282 6.88578 2
      vertex 65.6282 8.91422 2
    endloop
  endfacet
  facet normal 0 0 1
    outer loop
      vertex 65.4982 8.87007 2
      vertex 65.4982 6.92993 2
      vertex 65.6282 6.88578 2
    endloop
  endfacet
  facet normal -0 0 1
    outer loop
      vertex 65.375 8.80933 2
      vertex 65.4982 6.92993 2
      vertex 65.4982 8.87007 2
    endloop
  endfacet
  facet normal 0 0 1
    outer loop
      vertex 65.375 8.80933 2
      vertex 65.375 6.99067 2
      vertex 65.4982 6.92993 2
    endloop
  endfacet
  facet normal -0 0 1
    outer loop
      vertex 65.2608 8.73302 2
      vertex 65.375 6.99067 2
      vertex 65.375 8.80933 2
    endloop
  endfacet
  facet normal 0 0 1
    outer loop
      vertex 65.2608 8.73302 2
      vertex 65.2608 7.06698 2
      vertex 65.375 6.99067 2
    endloop
  endfacet
  facet normal -0 0 1
    outer loop
      vertex 65.1575 8.64246 2
      vertex 65.2608 7.06698 2
      vertex 65.2608 8.73302 2
    endloop
  endfacet
  facet normal 0 0 1
    outer loop
      vertex 65.1575 8.64246 2
      vertex 65.1575 7.15754 2
      vertex 65.2608 7.06698 2
    endloop
  endfacet
  facet normal -0 0 1
    outer loop
      vertex 65.067 8.5392 2
      vertex 65.1575 7.15754 2
      vertex 65.1575 8.64246 2
    endloop
  endfacet
  facet normal 0 0 1
    outer loop
      vertex 65.067 8.5392 2
      vertex 65.067 7.2608 2
      vertex 65.1575 7.15754 2
    endloop
  endfacet
  facet normal -0 0 1
    outer loop
      vertex 64.9907 8.425 2
      vertex 65.067 7.2608 2
      vertex 65.067 8.5392 2
    endloop
  endfacet
  facet normal 0 0 1
    outer loop
      vertex 64.9907 8.425 2
      vertex 64.9907 7.375 2
      vertex 65.067 7.2608 2
    endloop
  endfacet
  facet normal -0 0 1
    outer loop
      vertex 64.9299 8.30182 2
      vertex 64.9907 7.375 2
      vertex 64.9907 8.425 2
    endloop
  endfacet
  facet normal 0 0 1
    outer loop
      vertex 64.9299 8.30182 2
      vertex 64.9299 7.49818 2
      vertex 64.9907 7.375 2
    endloop
  endfacet
  facet normal -0 0 1
    outer loop
      vertex 64.8858 8.17176 2
      vertex 64.9299 7.49818 2
      vertex 64.9299 8.30182 2
    endloop
  endfacet
  facet normal 0 0 1
    outer loop
      vertex 64.8858 8.17176 2
      vertex 64.8858 7.62824 2
      vertex 64.9299 7.49818 2
    endloop
  endfacet
  facet normal -0 0 1
    outer loop
      vertex 64.859 8.03705 2
      vertex 64.8858 7.62824 2
      vertex 64.8858 8.17176 2
    endloop
  endfacet
  facet normal 0 0 1
    outer loop
      vertex 64.859 8.03705 2
      vertex 64.859 7.76295 2
      vertex 64.8858 7.62824 2
    endloop
  endfacet
  facet normal 0 -0 1
    outer loop
      vertex 64.859 7.76295 2
      vertex 64.859 8.03705 2
      vertex 64.85 7.9 2
    endloop
  endfacet
  facet normal -0.752044 -0.659113 0
    outer loop
      vertex 66.733 8.5392 2
      vertex 66.6425 8.64246 7
      vertex 66.6425 8.64246 2
    endloop
  endfacet
  facet normal -0.752044 -0.659113 0
    outer loop
      vertex 66.6425 8.64246 7
      vertex 66.733 8.5392 2
      vertex 66.733 8.5392 7
    endloop
  endfacet
  facet normal 0.896716 -0.442607 0
    outer loop
      vertex 64.9299 8.30182 7
      vertex 64.9907 8.425 2
      vertex 64.9907 8.425 7
    endloop
  endfacet
  facet normal 0.896716 -0.442607 0
    outer loop
      vertex 64.9907 8.425 2
      vertex 64.9299 8.30182 7
      vertex 64.9299 8.30182 2
    endloop
  endfacet
  facet normal 0.321576 -0.946884 0
    outer loop
      vertex 65.4982 8.87007 2
      vertex 65.6282 8.91422 7
      vertex 65.4982 8.87007 7
    endloop
  endfacet
  facet normal 0.321576 -0.946884 0
    outer loop
      vertex 65.6282 8.91422 7
      vertex 65.4982 8.87007 2
      vertex 65.6282 8.91422 2
    endloop
  endfacet
  facet normal -0.83149 0.55554 0
    outer loop
      vertex 66.733 7.2608 2
      vertex 66.8093 7.375 7
      vertex 66.8093 7.375 2
    endloop
  endfacet
  facet normal -0.83149 0.55554 0
    outer loop
      vertex 66.8093 7.375 7
      vertex 66.733 7.2608 2
      vertex 66.733 7.2608 7
    endloop
  endfacet
  facet normal -0.659215 0.751954 0
    outer loop
      vertex 66.6425 7.15754 2
      vertex 66.5392 7.06698 7
      vertex 66.6425 7.15754 7
    endloop
  endfacet
  facet normal -0.659215 0.751954 0
    outer loop
      vertex 66.5392 7.06698 7
      vertex 66.6425 7.15754 2
      vertex 66.5392 7.06698 2
    endloop
  endfacet
  facet normal -0.0654071 0.997859 0
    outer loop
      vertex 66.037 6.85898 2
      vertex 65.9 6.85 7
      vertex 66.037 6.85898 7
    endloop
  endfacet
  facet normal -0.0654071 0.997859 0
    outer loop
      vertex 65.9 6.85 7
      vertex 66.037 6.85898 2
      vertex 65.9 6.85 2
    endloop
  endfacet
  facet normal -0.0654071 -0.997859 0
    outer loop
      vertex 65.9 8.95 2
      vertex 66.037 8.94102 7
      vertex 65.9 8.95 7
    endloop
  endfacet
  facet normal -0.0654071 -0.997859 -0
    outer loop
      vertex 66.037 8.94102 7
      vertex 65.9 8.95 2
      vertex 66.037 8.94102 2
    endloop
  endfacet
  facet normal 0.55559 -0.831456 0
    outer loop
      vertex 65.2608 8.73302 2
      vertex 65.375 8.80933 7
      vertex 65.2608 8.73302 7
    endloop
  endfacet
  facet normal 0.55559 -0.831456 0
    outer loop
      vertex 65.375 8.80933 7
      vertex 65.2608 8.73302 2
      vertex 65.375 8.80933 2
    endloop
  endfacet
  facet normal -0.194997 -0.980804 0
    outer loop
      vertex 66.037 8.94102 2
      vertex 66.1718 8.91422 7
      vertex 66.037 8.94102 7
    endloop
  endfacet
  facet normal -0.194997 -0.980804 -0
    outer loop
      vertex 66.1718 8.91422 7
      vertex 66.037 8.94102 2
      vertex 66.1718 8.91422 2
    endloop
  endfacet
  facet normal 0.0653596 0.997862 -0
    outer loop
      vertex 65.9 6.85 2
      vertex 65.7629 6.85898 7
      vertex 65.9 6.85 7
    endloop
  endfacet
  facet normal 0.0653596 0.997862 0
    outer loop
      vertex 65.7629 6.85898 7
      vertex 65.9 6.85 2
      vertex 65.7629 6.85898 2
    endloop
  endfacet
  facet normal -0.980776 -0.195136 0
    outer loop
      vertex 8.94102 57.0371 2
      vertex 8.91422 57.1718 7
      vertex 8.91422 57.1718 2
    endloop
  endfacet
  facet normal -0.980776 -0.195136 0
    outer loop
      vertex 8.91422 57.1718 7
      vertex 8.94102 57.0371 2
      vertex 8.94102 57.0371 7
    endloop
  endfacet
  facet normal -0.997862 -0.0653596 0
    outer loop
      vertex 8.95 56.9 2
      vertex 8.94102 57.0371 7
      vertex 8.94102 57.0371 2
    endloop
  endfacet
  facet normal -0.997862 -0.0653596 0
    outer loop
      vertex 8.94102 57.0371 7
      vertex 8.95 56.9 2
      vertex 8.95 56.9 7
    endloop
  endfacet
  facet normal -0.442607 0.896716 0
    outer loop
      vertex 8.425 55.9907 2
      vertex 8.30182 55.9299 7
      vertex 8.425 55.9907 7
    endloop
  endfacet
  facet normal -0.442607 0.896716 0
    outer loop
      vertex 8.30182 55.9299 7
      vertex 8.425 55.9907 2
      vertex 8.30182 55.9299 2
    endloop
  endfacet
  facet normal 0.55554 0.83149 -0
    outer loop
      vertex 7.375 55.9907 2
      vertex 7.2608 56.067 7
      vertex 7.375 55.9907 7
    endloop
  endfacet
  facet normal 0.55554 0.83149 0
    outer loop
      vertex 7.2608 56.067 7
      vertex 7.375 55.9907 2
      vertex 7.2608 56.067 2
    endloop
  endfacet
  facet normal 0.980776 0.195136 0
    outer loop
      vertex 6.88578 56.6282 8
      vertex 6.85898 56.7629 2
      vertex 6.85898 56.7629 8
    endloop
  endfacet
  facet normal 0.980776 0.195136 0
    outer loop
      vertex 6.85898 56.7629 2
      vertex 6.88578 56.6282 8
      vertex 6.88578 56.6282 2
    endloop
  endfacet
  facet normal 0.0655283 -0.997851 0
    outer loop
      vertex 7.76295 57.941 2
      vertex 7.9 57.95 8
      vertex 7.76295 57.941 8
    endloop
  endfacet
  facet normal 0.0655283 -0.997851 0
    outer loop
      vertex 7.9 57.95 8
      vertex 7.76295 57.941 2
      vertex 7.9 57.95 2
    endloop
  endfacet
  facet normal -0.831456 -0.55559 0
    outer loop
      vertex 8.80933 57.425 2
      vertex 8.73302 57.5392 7
      vertex 8.73302 57.5392 2
    endloop
  endfacet
  facet normal -0.831456 -0.55559 0
    outer loop
      vertex 8.73302 57.5392 7
      vertex 8.80933 57.425 2
      vertex 8.80933 57.425 7
    endloop
  endfacet
  facet normal 0.751954 -0.659215 0
    outer loop
      vertex 7.06698 57.5392 8
      vertex 7.15754 57.6425 2
      vertex 7.15754 57.6425 8
    endloop
  endfacet
  facet normal 0.751954 -0.659215 0
    outer loop
      vertex 7.15754 57.6425 2
      vertex 7.06698 57.5392 8
      vertex 7.06698 57.5392 2
    endloop
  endfacet
  facet normal 0.442607 0.896716 -0
    outer loop
      vertex 7.49818 55.9299 2
      vertex 7.375 55.9907 7
      vertex 7.49818 55.9299 7
    endloop
  endfacet
  facet normal 0.442607 0.896716 0
    outer loop
      vertex 7.375 55.9907 7
      vertex 7.49818 55.9299 2
      vertex 7.375 55.9907 2
    endloop
  endfacet
  facet normal 0.997862 -0.0653596 0
    outer loop
      vertex 6.85 56.9 8
      vertex 6.85898 57.0371 2
      vertex 6.85898 57.0371 8
    endloop
  endfacet
  facet normal 0.997862 -0.0653596 0
    outer loop
      vertex 6.85898 57.0371 2
      vertex 6.85 56.9 8
      vertex 6.85 56.9 2
    endloop
  endfacet
  facet normal -0.980776 0.195136 0
    outer loop
      vertex 8.91422 56.6282 2
      vertex 8.94102 56.7629 7
      vertex 8.94102 56.7629 2
    endloop
  endfacet
  facet normal -0.980776 0.195136 0
    outer loop
      vertex 8.94102 56.7629 7
      vertex 8.91422 56.6282 2
      vertex 8.91422 56.6282 7
    endloop
  endfacet
  facet normal -0.997862 0.0653596 0
    outer loop
      vertex 8.94102 56.7629 2
      vertex 8.95 56.9 7
      vertex 8.95 56.9 2
    endloop
  endfacet
  facet normal -0.997862 0.0653596 0
    outer loop
      vertex 8.95 56.9 7
      vertex 8.94102 56.7629 2
      vertex 8.94102 56.7629 7
    endloop
  endfacet
  facet normal 0 0 -1
    outer loop
      vertex 8.4 56.4 8
      vertex 8.30182 57.8701 8
      vertex 8.4 57.8217 8
    endloop
  endfacet
  facet normal 0 0 -1
    outer loop
      vertex 8.4 56.4 8
      vertex 8.17176 57.9142 8
      vertex 8.30182 57.8701 8
    endloop
  endfacet
  facet normal 0 0 -1
    outer loop
      vertex 8.4 56.4 8
      vertex 8.03705 57.941 8
      vertex 8.17176 57.9142 8
    endloop
  endfacet
  facet normal 0 0 -1
    outer loop
      vertex 8.4 56.4 8
      vertex 7.9 57.95 8
      vertex 8.03705 57.941 8
    endloop
  endfacet
  facet normal 0 0 -1
    outer loop
      vertex 8.4 56.4 8
      vertex 7.76295 57.941 8
      vertex 7.9 57.95 8
    endloop
  endfacet
  facet normal 0 0 -1
    outer loop
      vertex 8.4 56.4 8
      vertex 7.62824 57.9142 8
      vertex 7.76295 57.941 8
    endloop
  endfacet
  facet normal 0 0 -1
    outer loop
      vertex 8.4 56.4 8
      vertex 7.49818 57.8701 8
      vertex 7.62824 57.9142 8
    endloop
  endfacet
  facet normal 0 0 -1
    outer loop
      vertex 8.4 56.4 8
      vertex 7.375 57.8093 8
      vertex 7.49818 57.8701 8
    endloop
  endfacet
  facet normal 0 0 -1
    outer loop
      vertex 8.4 56.4 8
      vertex 7.2608 57.733 8
      vertex 7.375 57.8093 8
    endloop
  endfacet
  facet normal 0 0 -1
    outer loop
      vertex 8.4 56.4 8
      vertex 7.15754 57.6425 8
      vertex 7.2608 57.733 8
    endloop
  endfacet
  facet normal 0 0 -1
    outer loop
      vertex 8.4 56.4 8
      vertex 7.06698 57.5392 8
      vertex 7.15754 57.6425 8
    endloop
  endfacet
  facet normal 0 0 -1
    outer loop
      vertex 8.4 56.4 8
      vertex 6.99067 57.425 8
      vertex 7.06698 57.5392 8
    endloop
  endfacet
  facet normal 0 0 -1
    outer loop
      vertex 6.92993 56.4982 8
      vertex 8.4 56.4 8
      vertex 6.97834 56.4 8
    endloop
  endfacet
  facet normal 0 0 -1
    outer loop
      vertex 8.4 56.4 8
      vertex 6.92993 56.4982 8
      vertex 6.88578 56.6282 8
    endloop
  endfacet
  facet normal 0 0 -1
    outer loop
      vertex 8.4 56.4 8
      vertex 6.92993 57.3018 8
      vertex 6.99067 57.425 8
    endloop
  endfacet
  facet normal 0 0 -1
    outer loop
      vertex 6.85898 56.7629 8
      vertex 8.4 56.4 8
      vertex 6.88578 56.6282 8
    endloop
  endfacet
  facet normal 0 0 -1
    outer loop
      vertex 8.4 56.4 8
      vertex 6.88578 57.1718 8
      vertex 6.92993 57.3018 8
    endloop
  endfacet
  facet normal 0 0 -1
    outer loop
      vertex 6.85 56.9 8
      vertex 8.4 56.4 8
      vertex 6.85898 56.7629 8
    endloop
  endfacet
  facet normal 0 0 -1
    outer loop
      vertex 8.4 56.4 8
      vertex 6.85898 57.0371 8
      vertex 6.88578 57.1718 8
    endloop
  endfacet
  facet normal 0 0 -1
    outer loop
      vertex 8.4 56.4 8
      vertex 6.85 56.9 8
      vertex 6.85898 57.0371 8
    endloop
  endfacet
  facet normal 0.896934 0.442165 -0
    outer loop
      vertex 6.97834 56.4 7
      vertex 6.92993 56.4982 8
      vertex 6.97834 56.4 8
    endloop
  endfacet
  facet normal 0.896934 0.442165 0
    outer loop
      vertex 6.92993 56.4982 8
      vertex 6.97834 56.4 7
      vertex 6.92993 56.4982 2
    endloop
  endfacet
  facet normal 0.896853 0.442328 -0
    outer loop
      vertex 6.99067 56.375 2
      vertex 6.97834 56.4 7
      vertex 6.99067 56.375 7
    endloop
  endfacet
  facet normal 0.896918 0.442198 8.09555e-07
    outer loop
      vertex 6.97834 56.4 7
      vertex 6.99067 56.375 2
      vertex 6.92993 56.4982 2
    endloop
  endfacet
  facet normal -0.442164 -0.896934 0
    outer loop
      vertex 8.30182 57.8701 8
      vertex 8.4 57.8217 7
      vertex 8.4 57.8217 8
    endloop
  endfacet
  facet normal -0.442164 -0.896934 0
    outer loop
      vertex 8.30182 57.8701 2
      vertex 8.4 57.8217 7
      vertex 8.30182 57.8701 8
    endloop
  endfacet
  facet normal -0.442607 -0.896716 1.08206e-05
    outer loop
      vertex 8.425 57.8093 2
      vertex 8.4 57.8217 7
      vertex 8.30182 57.8701 2
    endloop
  endfacet
  facet normal -0.444345 -0.895856 0
    outer loop
      vertex 8.4 57.8217 7
      vertex 8.425 57.8093 2
      vertex 8.425 57.8093 7
    endloop
  endfacet
  facet normal 0.659113 0.752044 -0
    outer loop
      vertex 7.2608 56.067 2
      vertex 7.15754 56.1575 7
      vertex 7.2608 56.067 7
    endloop
  endfacet
  facet normal 0.659113 0.752044 0
    outer loop
      vertex 7.15754 56.1575 7
      vertex 7.2608 56.067 2
      vertex 7.15754 56.1575 2
    endloop
  endfacet
  facet normal 0.659113 -0.752044 0
    outer loop
      vertex 7.15754 57.6425 2
      vertex 7.2608 57.733 8
      vertex 7.15754 57.6425 8
    endloop
  endfacet
  facet normal 0.659113 -0.752044 0
    outer loop
      vertex 7.2608 57.733 8
      vertex 7.15754 57.6425 2
      vertex 7.2608 57.733 2
    endloop
  endfacet
  facet normal 0.831456 -0.55559 0
    outer loop
      vertex 6.99067 57.425 8
      vertex 7.06698 57.5392 2
      vertex 7.06698 57.5392 8
    endloop
  endfacet
  facet normal 0.831456 -0.55559 0
    outer loop
      vertex 7.06698 57.5392 2
      vertex 6.99067 57.425 8
      vertex 6.99067 57.425 2
    endloop
  endfacet
  facet normal -0.55554 0.83149 0
    outer loop
      vertex 8.5392 56.067 2
      vertex 8.425 55.9907 7
      vertex 8.5392 56.067 7
    endloop
  endfacet
  facet normal -0.55554 0.83149 0
    outer loop
      vertex 8.425 55.9907 7
      vertex 8.5392 56.067 2
      vertex 8.425 55.9907 2
    endloop
  endfacet
  facet normal 0.751954 0.659215 0
    outer loop
      vertex 7.15754 56.1575 7
      vertex 7.06698 56.2608 2
      vertex 7.06698 56.2608 7
    endloop
  endfacet
  facet normal 0.751954 0.659215 0
    outer loop
      vertex 7.06698 56.2608 2
      vertex 7.15754 56.1575 7
      vertex 7.15754 56.1575 2
    endloop
  endfacet
  facet normal -0.195122 0.980779 0
    outer loop
      vertex 8.17176 55.8858 2
      vertex 8.03705 55.859 7
      vertex 8.17176 55.8858 7
    endloop
  endfacet
  facet normal -0.195122 0.980779 0
    outer loop
      vertex 8.03705 55.859 7
      vertex 8.17176 55.8858 2
      vertex 8.03705 55.859 2
    endloop
  endfacet
  facet normal 0.946884 0.321576 0
    outer loop
      vertex 6.92993 56.4982 8
      vertex 6.88578 56.6282 2
      vertex 6.88578 56.6282 8
    endloop
  endfacet
  facet normal 0.946884 0.321576 0
    outer loop
      vertex 6.88578 56.6282 2
      vertex 6.92993 56.4982 8
      vertex 6.92993 56.4982 2
    endloop
  endfacet
  facet normal -0.321117 -0.94704 0
    outer loop
      vertex 8.17176 57.9142 2
      vertex 8.30182 57.8701 8
      vertex 8.17176 57.9142 8
    endloop
  endfacet
  facet normal -0.321117 -0.94704 -0
    outer loop
      vertex 8.30182 57.8701 8
      vertex 8.17176 57.9142 2
      vertex 8.30182 57.8701 2
    endloop
  endfacet
  facet normal 0.442607 -0.896716 0
    outer loop
      vertex 7.375 57.8093 2
      vertex 7.49818 57.8701 8
      vertex 7.375 57.8093 8
    endloop
  endfacet
  facet normal 0.442607 -0.896716 0
    outer loop
      vertex 7.49818 57.8701 8
      vertex 7.375 57.8093 2
      vertex 7.49818 57.8701 2
    endloop
  endfacet
  facet normal -0.946884 -0.321576 0
    outer loop
      vertex 8.91422 57.1718 2
      vertex 8.87007 57.3018 7
      vertex 8.87007 57.3018 2
    endloop
  endfacet
  facet normal -0.946884 -0.321576 0
    outer loop
      vertex 8.87007 57.3018 7
      vertex 8.91422 57.1718 2
      vertex 8.91422 57.1718 7
    endloop
  endfacet
  facet normal -0.896918 0.442198 0
    outer loop
      vertex 8.80933 56.375 2
      vertex 8.87007 56.4982 7
      vertex 8.87007 56.4982 2
    endloop
  endfacet
  facet normal -0.896918 0.442198 0
    outer loop
      vertex 8.87007 56.4982 7
      vertex 8.80933 56.375 2
      vertex 8.80933 56.375 7
    endloop
  endfacet
  facet normal -0.659113 -0.752044 0
    outer loop
      vertex 8.5392 57.733 2
      vertex 8.64246 57.6425 7
      vertex 8.5392 57.733 7
    endloop
  endfacet
  facet normal -0.659113 -0.752044 -0
    outer loop
      vertex 8.64246 57.6425 7
      vertex 8.5392 57.733 2
      vertex 8.64246 57.6425 2
    endloop
  endfacet
  facet normal 0.321117 -0.94704 0
    outer loop
      vertex 7.49818 57.8701 2
      vertex 7.62824 57.9142 8
      vertex 7.49818 57.8701 8
    endloop
  endfacet
  facet normal 0.321117 -0.94704 0
    outer loop
      vertex 7.62824 57.9142 8
      vertex 7.49818 57.8701 2
      vertex 7.62824 57.9142 2
    endloop
  endfacet
  facet normal -0.321117 0.94704 0
    outer loop
      vertex 8.30182 55.9299 2
      vertex 8.17176 55.8858 7
      vertex 8.30182 55.9299 7
    endloop
  endfacet
  facet normal -0.321117 0.94704 0
    outer loop
      vertex 8.17176 55.8858 7
      vertex 8.30182 55.9299 2
      vertex 8.17176 55.8858 2
    endloop
  endfacet
  facet normal -0.946884 0.321576 0
    outer loop
      vertex 8.87007 56.4982 2
      vertex 8.91422 56.6282 7
      vertex 8.91422 56.6282 2
    endloop
  endfacet
  facet normal -0.946884 0.321576 0
    outer loop
      vertex 8.91422 56.6282 7
      vertex 8.87007 56.4982 2
      vertex 8.87007 56.4982 7
    endloop
  endfacet
  facet normal 0.195122 0.980779 -0
    outer loop
      vertex 7.76295 55.859 2
      vertex 7.62824 55.8858 7
      vertex 7.76295 55.859 7
    endloop
  endfacet
  facet normal 0.195122 0.980779 0
    outer loop
      vertex 7.62824 55.8858 7
      vertex 7.76295 55.859 2
      vertex 7.62824 55.8858 2
    endloop
  endfacet
  facet normal 0.195122 -0.980779 0
    outer loop
      vertex 7.62824 57.9142 2
      vertex 7.76295 57.941 8
      vertex 7.62824 57.9142 8
    endloop
  endfacet
  facet normal 0.195122 -0.980779 0
    outer loop
      vertex 7.76295 57.941 8
      vertex 7.62824 57.9142 2
      vertex 7.76295 57.941 2
    endloop
  endfacet
  facet normal -0.896918 -0.442198 0
    outer loop
      vertex 8.87007 57.3018 2
      vertex 8.80933 57.425 7
      vertex 8.80933 57.425 2
    endloop
  endfacet
  facet normal -0.896918 -0.442198 0
    outer loop
      vertex 8.80933 57.425 7
      vertex 8.87007 57.3018 2
      vertex 8.87007 57.3018 7
    endloop
  endfacet
  facet normal 0.946884 -0.321576 0
    outer loop
      vertex 6.88578 57.1718 8
      vertex 6.92993 57.3018 2
      vertex 6.92993 57.3018 8
    endloop
  endfacet
  facet normal 0.946884 -0.321576 0
    outer loop
      vertex 6.92993 57.3018 2
      vertex 6.88578 57.1718 8
      vertex 6.88578 57.1718 2
    endloop
  endfacet
  facet normal 0.980776 -0.195136 0
    outer loop
      vertex 6.85898 57.0371 8
      vertex 6.88578 57.1718 2
      vertex 6.88578 57.1718 8
    endloop
  endfacet
  facet normal 0.980776 -0.195136 0
    outer loop
      vertex 6.88578 57.1718 2
      vertex 6.85898 57.0371 8
      vertex 6.85898 57.0371 2
    endloop
  endfacet
  facet normal -0.55554 -0.83149 0
    outer loop
      vertex 8.425 57.8093 2
      vertex 8.5392 57.733 7
      vertex 8.425 57.8093 7
    endloop
  endfacet
  facet normal -0.55554 -0.83149 -0
    outer loop
      vertex 8.5392 57.733 7
      vertex 8.425 57.8093 2
      vertex 8.5392 57.733 2
    endloop
  endfacet
  facet normal 0.997862 0.0653596 0
    outer loop
      vertex 6.85898 56.7629 8
      vertex 6.85 56.9 2
      vertex 6.85 56.9 8
    endloop
  endfacet
  facet normal 0.997862 0.0653596 0
    outer loop
      vertex 6.85 56.9 2
      vertex 6.85898 56.7629 8
      vertex 6.85898 56.7629 2
    endloop
  endfacet
  facet normal -0.751954 0.659215 0
    outer loop
      vertex 8.64246 56.1575 2
      vertex 8.73302 56.2608 7
      vertex 8.73302 56.2608 2
    endloop
  endfacet
  facet normal -0.751954 0.659215 0
    outer loop
      vertex 8.73302 56.2608 7
      vertex 8.64246 56.1575 2
      vertex 8.64246 56.1575 7
    endloop
  endfacet
  facet normal 0.321117 0.94704 -0
    outer loop
      vertex 7.62824 55.8858 2
      vertex 7.49818 55.9299 7
      vertex 7.62824 55.8858 7
    endloop
  endfacet
  facet normal 0.321117 0.94704 0
    outer loop
      vertex 7.49818 55.9299 7
      vertex 7.62824 55.8858 2
      vertex 7.49818 55.9299 2
    endloop
  endfacet
  facet normal 0.831456 0.55559 0
    outer loop
      vertex 7.06698 56.2608 7
      vertex 6.99067 56.375 2
      vertex 6.99067 56.375 7
    endloop
  endfacet
  facet normal 0.831456 0.55559 0
    outer loop
      vertex 6.99067 56.375 2
      vertex 7.06698 56.2608 7
      vertex 7.06698 56.2608 2
    endloop
  endfacet
  facet normal 0 0 1
    outer loop
      vertex 8.94102 57.0371 2
      vertex 8.94102 56.7629 2
      vertex 8.95 56.9 2
    endloop
  endfacet
  facet normal 0 0 1
    outer loop
      vertex 8.91422 57.1718 2
      vertex 8.94102 56.7629 2
      vertex 8.94102 57.0371 2
    endloop
  endfacet
  facet normal 0 0 1
    outer loop
      vertex 8.91422 57.1718 2
      vertex 8.91422 56.6282 2
      vertex 8.94102 56.7629 2
    endloop
  endfacet
  facet normal 0 0 1
    outer loop
      vertex 8.87007 57.3018 2
      vertex 8.91422 56.6282 2
      vertex 8.91422 57.1718 2
    endloop
  endfacet
  facet normal 0 0 1
    outer loop
      vertex 8.87007 57.3018 2
      vertex 8.87007 56.4982 2
      vertex 8.91422 56.6282 2
    endloop
  endfacet
  facet normal 0 0 1
    outer loop
      vertex 8.80933 57.425 2
      vertex 8.87007 56.4982 2
      vertex 8.87007 57.3018 2
    endloop
  endfacet
  facet normal 0 0 1
    outer loop
      vertex 8.80933 57.425 2
      vertex 8.80933 56.375 2
      vertex 8.87007 56.4982 2
    endloop
  endfacet
  facet normal 0 0 1
    outer loop
      vertex 8.73302 57.5392 2
      vertex 8.80933 56.375 2
      vertex 8.80933 57.425 2
    endloop
  endfacet
  facet normal 0 0 1
    outer loop
      vertex 8.73302 57.5392 2
      vertex 8.73302 56.2608 2
      vertex 8.80933 56.375 2
    endloop
  endfacet
  facet normal 0 0 1
    outer loop
      vertex 8.64246 57.6425 2
      vertex 8.73302 56.2608 2
      vertex 8.73302 57.5392 2
    endloop
  endfacet
  facet normal 0 0 1
    outer loop
      vertex 8.64246 57.6425 2
      vertex 8.64246 56.1575 2
      vertex 8.73302 56.2608 2
    endloop
  endfacet
  facet normal 0 0 1
    outer loop
      vertex 8.5392 57.733 2
      vertex 8.64246 56.1575 2
      vertex 8.64246 57.6425 2
    endloop
  endfacet
  facet normal 0 0 1
    outer loop
      vertex 8.5392 57.733 2
      vertex 8.5392 56.067 2
      vertex 8.64246 56.1575 2
    endloop
  endfacet
  facet normal 0 0 1
    outer loop
      vertex 8.425 57.8093 2
      vertex 8.5392 56.067 2
      vertex 8.5392 57.733 2
    endloop
  endfacet
  facet normal 0 0 1
    outer loop
      vertex 8.425 57.8093 2
      vertex 8.425 55.9907 2
      vertex 8.5392 56.067 2
    endloop
  endfacet
  facet normal 0 0 1
    outer loop
      vertex 8.30182 57.8701 2
      vertex 8.425 55.9907 2
      vertex 8.425 57.8093 2
    endloop
  endfacet
  facet normal 0 0 1
    outer loop
      vertex 8.30182 57.8701 2
      vertex 8.30182 55.9299 2
      vertex 8.425 55.9907 2
    endloop
  endfacet
  facet normal 0 0 1
    outer loop
      vertex 8.17176 57.9142 2
      vertex 8.30182 55.9299 2
      vertex 8.30182 57.8701 2
    endloop
  endfacet
  facet normal 0 0 1
    outer loop
      vertex 8.17176 57.9142 2
      vertex 8.17176 55.8858 2
      vertex 8.30182 55.9299 2
    endloop
  endfacet
  facet normal 0 0 1
    outer loop
      vertex 8.03705 57.941 2
      vertex 8.17176 55.8858 2
      vertex 8.17176 57.9142 2
    endloop
  endfacet
  facet normal 0 0 1
    outer loop
      vertex 8.03705 57.941 2
      vertex 8.03705 55.859 2
      vertex 8.17176 55.8858 2
    endloop
  endfacet
  facet normal 0 0 1
    outer loop
      vertex 7.9 57.95 2
      vertex 8.03705 55.859 2
      vertex 8.03705 57.941 2
    endloop
  endfacet
  facet normal 0 0 1
    outer loop
      vertex 7.9 57.95 2
      vertex 7.9 55.85 2
      vertex 8.03705 55.859 2
    endloop
  endfacet
  facet normal -0 0 1
    outer loop
      vertex 7.76295 57.941 2
      vertex 7.9 55.85 2
      vertex 7.9 57.95 2
    endloop
  endfacet
  facet normal 0 0 1
    outer loop
      vertex 7.76295 57.941 2
      vertex 7.76295 55.859 2
      vertex 7.9 55.85 2
    endloop
  endfacet
  facet normal -0 0 1
    outer loop
      vertex 7.62824 57.9142 2
      vertex 7.76295 55.859 2
      vertex 7.76295 57.941 2
    endloop
  endfacet
  facet normal 0 0 1
    outer loop
      vertex 7.62824 57.9142 2
      vertex 7.62824 55.8858 2
      vertex 7.76295 55.859 2
    endloop
  endfacet
  facet normal -0 0 1
    outer loop
      vertex 7.49818 57.8701 2
      vertex 7.62824 55.8858 2
      vertex 7.62824 57.9142 2
    endloop
  endfacet
  facet normal 0 0 1
    outer loop
      vertex 7.49818 57.8701 2
      vertex 7.49818 55.9299 2
      vertex 7.62824 55.8858 2
    endloop
  endfacet
  facet normal -0 0 1
    outer loop
      vertex 7.375 57.8093 2
      vertex 7.49818 55.9299 2
      vertex 7.49818 57.8701 2
    endloop
  endfacet
  facet normal 0 0 1
    outer loop
      vertex 7.375 57.8093 2
      vertex 7.375 55.9907 2
      vertex 7.49818 55.9299 2
    endloop
  endfacet
  facet normal -0 0 1
    outer loop
      vertex 7.2608 57.733 2
      vertex 7.375 55.9907 2
      vertex 7.375 57.8093 2
    endloop
  endfacet
  facet normal 0 0 1
    outer loop
      vertex 7.2608 57.733 2
      vertex 7.2608 56.067 2
      vertex 7.375 55.9907 2
    endloop
  endfacet
  facet normal -0 0 1
    outer loop
      vertex 7.15754 57.6425 2
      vertex 7.2608 56.067 2
      vertex 7.2608 57.733 2
    endloop
  endfacet
  facet normal 0 0 1
    outer loop
      vertex 7.15754 57.6425 2
      vertex 7.15754 56.1575 2
      vertex 7.2608 56.067 2
    endloop
  endfacet
  facet normal -0 0 1
    outer loop
      vertex 7.06698 57.5392 2
      vertex 7.15754 56.1575 2
      vertex 7.15754 57.6425 2
    endloop
  endfacet
  facet normal 0 0 1
    outer loop
      vertex 7.06698 57.5392 2
      vertex 7.06698 56.2608 2
      vertex 7.15754 56.1575 2
    endloop
  endfacet
  facet normal -0 0 1
    outer loop
      vertex 6.99067 57.425 2
      vertex 7.06698 56.2608 2
      vertex 7.06698 57.5392 2
    endloop
  endfacet
  facet normal 0 0 1
    outer loop
      vertex 6.99067 57.425 2
      vertex 6.99067 56.375 2
      vertex 7.06698 56.2608 2
    endloop
  endfacet
  facet normal -0 0 1
    outer loop
      vertex 6.92993 57.3018 2
      vertex 6.99067 56.375 2
      vertex 6.99067 57.425 2
    endloop
  endfacet
  facet normal 0 0 1
    outer loop
      vertex 6.92993 57.3018 2
      vertex 6.92993 56.4982 2
      vertex 6.99067 56.375 2
    endloop
  endfacet
  facet normal -0 0 1
    outer loop
      vertex 6.88578 57.1718 2
      vertex 6.92993 56.4982 2
      vertex 6.92993 57.3018 2
    endloop
  endfacet
  facet normal 0 0 1
    outer loop
      vertex 6.88578 57.1718 2
      vertex 6.88578 56.6282 2
      vertex 6.92993 56.4982 2
    endloop
  endfacet
  facet normal -0 0 1
    outer loop
      vertex 6.85898 57.0371 2
      vertex 6.88578 56.6282 2
      vertex 6.88578 57.1718 2
    endloop
  endfacet
  facet normal 0 0 1
    outer loop
      vertex 6.85898 57.0371 2
      vertex 6.85898 56.7629 2
      vertex 6.88578 56.6282 2
    endloop
  endfacet
  facet normal 0 -0 1
    outer loop
      vertex 6.85898 56.7629 2
      vertex 6.85898 57.0371 2
      vertex 6.85 56.9 2
    endloop
  endfacet
  facet normal -0.751954 -0.659215 0
    outer loop
      vertex 8.73302 57.5392 2
      vertex 8.64246 57.6425 7
      vertex 8.64246 57.6425 2
    endloop
  endfacet
  facet normal -0.751954 -0.659215 0
    outer loop
      vertex 8.64246 57.6425 7
      vertex 8.73302 57.5392 2
      vertex 8.73302 57.5392 7
    endloop
  endfacet
  facet normal 0.896918 -0.442198 0
    outer loop
      vertex 6.92993 57.3018 8
      vertex 6.99067 57.425 2
      vertex 6.99067 57.425 8
    endloop
  endfacet
  facet normal 0.896918 -0.442198 0
    outer loop
      vertex 6.99067 57.425 2
      vertex 6.92993 57.3018 8
      vertex 6.92993 57.3018 2
    endloop
  endfacet
  facet normal -0.831456 0.55559 0
    outer loop
      vertex 8.73302 56.2608 2
      vertex 8.80933 56.375 7
      vertex 8.80933 56.375 2
    endloop
  endfacet
  facet normal -0.831456 0.55559 0
    outer loop
      vertex 8.80933 56.375 7
      vertex 8.73302 56.2608 2
      vertex 8.73302 56.2608 7
    endloop
  endfacet
  facet normal -0.659113 0.752044 0
    outer loop
      vertex 8.64246 56.1575 2
      vertex 8.5392 56.067 7
      vertex 8.64246 56.1575 7
    endloop
  endfacet
  facet normal -0.659113 0.752044 0
    outer loop
      vertex 8.5392 56.067 7
      vertex 8.64246 56.1575 2
      vertex 8.5392 56.067 2
    endloop
  endfacet
  facet normal -0.0655283 0.997851 0
    outer loop
      vertex 8.03705 55.859 2
      vertex 7.9 55.85 7
      vertex 8.03705 55.859 7
    endloop
  endfacet
  facet normal -0.0655283 0.997851 0
    outer loop
      vertex 7.9 55.85 7
      vertex 8.03705 55.859 2
      vertex 7.9 55.85 2
    endloop
  endfacet
  facet normal -0.0655283 -0.997851 0
    outer loop
      vertex 7.9 57.95 2
      vertex 8.03705 57.941 8
      vertex 7.9 57.95 8
    endloop
  endfacet
  facet normal -0.0655283 -0.997851 -0
    outer loop
      vertex 8.03705 57.941 8
      vertex 7.9 57.95 2
      vertex 8.03705 57.941 2
    endloop
  endfacet
  facet normal 0.55554 -0.83149 0
    outer loop
      vertex 7.2608 57.733 2
      vertex 7.375 57.8093 8
      vertex 7.2608 57.733 8
    endloop
  endfacet
  facet normal 0.55554 -0.83149 0
    outer loop
      vertex 7.375 57.8093 8
      vertex 7.2608 57.733 2
      vertex 7.375 57.8093 2
    endloop
  endfacet
  facet normal -0.195122 -0.980779 0
    outer loop
      vertex 8.03705 57.941 2
      vertex 8.17176 57.9142 8
      vertex 8.03705 57.941 8
    endloop
  endfacet
  facet normal -0.195122 -0.980779 -0
    outer loop
      vertex 8.17176 57.9142 8
      vertex 8.03705 57.941 2
      vertex 8.17176 57.9142 2
    endloop
  endfacet
  facet normal 0.0655283 0.997851 -0
    outer loop
      vertex 7.9 55.85 2
      vertex 7.76295 55.859 7
      vertex 7.9 55.85 7
    endloop
  endfacet
  facet normal 0.0655283 0.997851 0
    outer loop
      vertex 7.76295 55.859 7
      vertex 7.9 55.85 2
      vertex 7.76295 55.859 2
    endloop
  endfacet
  facet normal -0.980776 -0.195136 0
    outer loop
      vertex 66.941 57.0371 2
      vertex 66.9142 57.1718 7
      vertex 66.9142 57.1718 2
    endloop
  endfacet
  facet normal -0.980776 -0.195136 0
    outer loop
      vertex 66.9142 57.1718 7
      vertex 66.941 57.0371 2
      vertex 66.941 57.0371 7
    endloop
  endfacet
  facet normal -0.997852 -0.0655045 0
    outer loop
      vertex 66.95 56.9 2
      vertex 66.941 57.0371 7
      vertex 66.941 57.0371 2
    endloop
  endfacet
  facet normal -0.997852 -0.0655045 0
    outer loop
      vertex 66.941 57.0371 7
      vertex 66.95 56.9 2
      vertex 66.95 56.9 7
    endloop
  endfacet
  facet normal -0.442549 0.896744 0
    outer loop
      vertex 66.425 55.9907 2
      vertex 66.3018 55.9299 7
      vertex 66.425 55.9907 7
    endloop
  endfacet
  facet normal -0.442549 0.896744 0
    outer loop
      vertex 66.3018 55.9299 7
      vertex 66.425 55.9907 2
      vertex 66.3018 55.9299 2
    endloop
  endfacet
  facet normal 0.55554 0.83149 -0
    outer loop
      vertex 65.375 55.9907 2
      vertex 65.2608 56.067 7
      vertex 65.375 55.9907 7
    endloop
  endfacet
  facet normal 0.55554 0.83149 0
    outer loop
      vertex 65.2608 56.067 7
      vertex 65.375 55.9907 2
      vertex 65.2608 56.067 2
    endloop
  endfacet
  facet normal 0.980776 0.195136 0
    outer loop
      vertex 64.8858 56.6282 7
      vertex 64.859 56.7629 2
      vertex 64.859 56.7629 7
    endloop
  endfacet
  facet normal 0.980776 0.195136 0
    outer loop
      vertex 64.859 56.7629 2
      vertex 64.8858 56.6282 7
      vertex 64.8858 56.6282 2
    endloop
  endfacet
  facet normal 0.0655045 -0.997852 0
    outer loop
      vertex 65.7629 57.941 2
      vertex 65.9 57.95 7
      vertex 65.7629 57.941 7
    endloop
  endfacet
  facet normal 0.0655045 -0.997852 0
    outer loop
      vertex 65.9 57.95 7
      vertex 65.7629 57.941 2
      vertex 65.9 57.95 2
    endloop
  endfacet
  facet normal -0.83149 -0.55554 0
    outer loop
      vertex 66.8093 57.425 2
      vertex 66.733 57.5392 7
      vertex 66.733 57.5392 2
    endloop
  endfacet
  facet normal -0.83149 -0.55554 0
    outer loop
      vertex 66.733 57.5392 7
      vertex 66.8093 57.425 2
      vertex 66.8093 57.425 7
    endloop
  endfacet
  facet normal 0.752171 -0.658968 0
    outer loop
      vertex 65.067 57.5392 7
      vertex 65.1575 57.6425 2
      vertex 65.1575 57.6425 7
    endloop
  endfacet
  facet normal 0.752171 -0.658968 0
    outer loop
      vertex 65.1575 57.6425 2
      vertex 65.067 57.5392 7
      vertex 65.067 57.5392 2
    endloop
  endfacet
  facet normal 0.442549 0.896744 -0
    outer loop
      vertex 65.4982 55.9299 2
      vertex 65.375 55.9907 7
      vertex 65.4982 55.9299 7
    endloop
  endfacet
  facet normal 0.442549 0.896744 0
    outer loop
      vertex 65.375 55.9907 7
      vertex 65.4982 55.9299 2
      vertex 65.375 55.9907 2
    endloop
  endfacet
  facet normal 0.997852 -0.0655045 0
    outer loop
      vertex 64.85 56.9 7
      vertex 64.859 57.0371 2
      vertex 64.859 57.0371 7
    endloop
  endfacet
  facet normal 0.997852 -0.0655045 0
    outer loop
      vertex 64.859 57.0371 2
      vertex 64.85 56.9 7
      vertex 64.85 56.9 2
    endloop
  endfacet
  facet normal -0.980776 0.195136 0
    outer loop
      vertex 66.9142 56.6282 2
      vertex 66.941 56.7629 7
      vertex 66.941 56.7629 2
    endloop
  endfacet
  facet normal -0.980776 0.195136 0
    outer loop
      vertex 66.941 56.7629 7
      vertex 66.9142 56.6282 2
      vertex 66.9142 56.6282 7
    endloop
  endfacet
  facet normal -0.997852 0.0655045 0
    outer loop
      vertex 66.941 56.7629 2
      vertex 66.95 56.9 7
      vertex 66.95 56.9 2
    endloop
  endfacet
  facet normal -0.997852 0.0655045 0
    outer loop
      vertex 66.95 56.9 7
      vertex 66.941 56.7629 2
      vertex 66.941 56.7629 7
    endloop
  endfacet
  facet normal 0.896744 0.442549 0
    outer loop
      vertex 64.9907 56.375 7
      vertex 64.9299 56.4982 2
      vertex 64.9299 56.4982 7
    endloop
  endfacet
  facet normal 0.896744 0.442549 0
    outer loop
      vertex 64.9299 56.4982 2
      vertex 64.9907 56.375 7
      vertex 64.9907 56.375 2
    endloop
  endfacet
  facet normal -0.442549 -0.896744 0
    outer loop
      vertex 66.3018 57.8701 2
      vertex 66.425 57.8093 7
      vertex 66.3018 57.8701 7
    endloop
  endfacet
  facet normal -0.442549 -0.896744 -0
    outer loop
      vertex 66.425 57.8093 7
      vertex 66.3018 57.8701 2
      vertex 66.425 57.8093 2
    endloop
  endfacet
  facet normal 0.658968 0.752171 -0
    outer loop
      vertex 65.2608 56.067 2
      vertex 65.1575 56.1575 7
      vertex 65.2608 56.067 7
    endloop
  endfacet
  facet normal 0.658968 0.752171 0
    outer loop
      vertex 65.1575 56.1575 7
      vertex 65.2608 56.067 2
      vertex 65.1575 56.1575 2
    endloop
  endfacet
  facet normal 0.83149 -0.55554 0
    outer loop
      vertex 64.9907 57.425 7
      vertex 65.067 57.5392 2
      vertex 65.067 57.5392 7
    endloop
  endfacet
  facet normal 0.83149 -0.55554 0
    outer loop
      vertex 65.067 57.5392 2
      vertex 64.9907 57.425 7
      vertex 64.9907 57.425 2
    endloop
  endfacet
  facet normal -0.55554 0.83149 0
    outer loop
      vertex 66.5392 56.067 2
      vertex 66.425 55.9907 7
      vertex 66.5392 56.067 7
    endloop
  endfacet
  facet normal -0.55554 0.83149 0
    outer loop
      vertex 66.425 55.9907 7
      vertex 66.5392 56.067 2
      vertex 66.425 55.9907 2
    endloop
  endfacet
  facet normal 0.752171 0.658968 0
    outer loop
      vertex 65.1575 56.1575 7
      vertex 65.067 56.2608 2
      vertex 65.067 56.2608 7
    endloop
  endfacet
  facet normal 0.752171 0.658968 0
    outer loop
      vertex 65.067 56.2608 2
      vertex 65.1575 56.1575 7
      vertex 65.1575 56.1575 2
    endloop
  endfacet
  facet normal -0.194997 0.980804 0
    outer loop
      vertex 66.1718 55.8858 2
      vertex 66.037 55.859 7
      vertex 66.1718 55.8858 7
    endloop
  endfacet
  facet normal -0.194997 0.980804 0
    outer loop
      vertex 66.037 55.859 7
      vertex 66.1718 55.8858 2
      vertex 66.037 55.859 2
    endloop
  endfacet
  facet normal 0.946995 0.32125 0
    outer loop
      vertex 64.9299 56.4982 7
      vertex 64.8858 56.6282 2
      vertex 64.8858 56.6282 7
    endloop
  endfacet
  facet normal 0.946995 0.32125 0
    outer loop
      vertex 64.8858 56.6282 2
      vertex 64.9299 56.4982 7
      vertex 64.9299 56.4982 2
    endloop
  endfacet
  facet normal -0.32125 -0.946995 0
    outer loop
      vertex 66.1718 57.9142 2
      vertex 66.3018 57.8701 7
      vertex 66.1718 57.9142 7
    endloop
  endfacet
  facet normal -0.32125 -0.946995 -0
    outer loop
      vertex 66.3018 57.8701 7
      vertex 66.1718 57.9142 2
      vertex 66.3018 57.8701 2
    endloop
  endfacet
  facet normal 0.442549 -0.896744 0
    outer loop
      vertex 65.375 57.8093 2
      vertex 65.4982 57.8701 7
      vertex 65.375 57.8093 7
    endloop
  endfacet
  facet normal 0.442549 -0.896744 0
    outer loop
      vertex 65.4982 57.8701 7
      vertex 65.375 57.8093 2
      vertex 65.4982 57.8701 2
    endloop
  endfacet
  facet normal -0.946995 -0.32125 0
    outer loop
      vertex 66.9142 57.1718 2
      vertex 66.8701 57.3018 7
      vertex 66.8701 57.3018 2
    endloop
  endfacet
  facet normal -0.946995 -0.32125 0
    outer loop
      vertex 66.8701 57.3018 7
      vertex 66.9142 57.1718 2
      vertex 66.9142 57.1718 7
    endloop
  endfacet
  facet normal -0.896744 0.442549 0
    outer loop
      vertex 66.8093 56.375 2
      vertex 66.8701 56.4982 7
      vertex 66.8701 56.4982 2
    endloop
  endfacet
  facet normal -0.896744 0.442549 0
    outer loop
      vertex 66.8701 56.4982 7
      vertex 66.8093 56.375 2
      vertex 66.8093 56.375 7
    endloop
  endfacet
  facet normal -0.658968 -0.752171 0
    outer loop
      vertex 66.5392 57.733 2
      vertex 66.6425 57.6425 7
      vertex 66.5392 57.733 7
    endloop
  endfacet
  facet normal -0.658968 -0.752171 -0
    outer loop
      vertex 66.6425 57.6425 7
      vertex 66.5392 57.733 2
      vertex 66.6425 57.6425 2
    endloop
  endfacet
  facet normal 0.32125 -0.946995 0
    outer loop
      vertex 65.4982 57.8701 2
      vertex 65.6282 57.9142 7
      vertex 65.4982 57.8701 7
    endloop
  endfacet
  facet normal 0.32125 -0.946995 0
    outer loop
      vertex 65.6282 57.9142 7
      vertex 65.4982 57.8701 2
      vertex 65.6282 57.9142 2
    endloop
  endfacet
  facet normal -0.32125 0.946995 0
    outer loop
      vertex 66.3018 55.9299 2
      vertex 66.1718 55.8858 7
      vertex 66.3018 55.9299 7
    endloop
  endfacet
  facet normal -0.32125 0.946995 0
    outer loop
      vertex 66.1718 55.8858 7
      vertex 66.3018 55.9299 2
      vertex 66.1718 55.8858 2
    endloop
  endfacet
  facet normal -0.946995 0.32125 0
    outer loop
      vertex 66.8701 56.4982 2
      vertex 66.9142 56.6282 7
      vertex 66.9142 56.6282 2
    endloop
  endfacet
  facet normal -0.946995 0.32125 0
    outer loop
      vertex 66.9142 56.6282 7
      vertex 66.8701 56.4982 2
      vertex 66.8701 56.4982 7
    endloop
  endfacet
  facet normal 0.195136 0.980776 -0
    outer loop
      vertex 65.7629 55.859 2
      vertex 65.6282 55.8858 7
      vertex 65.7629 55.859 7
    endloop
  endfacet
  facet normal 0.195136 0.980776 0
    outer loop
      vertex 65.6282 55.8858 7
      vertex 65.7629 55.859 2
      vertex 65.6282 55.8858 2
    endloop
  endfacet
  facet normal 0.195136 -0.980776 0
    outer loop
      vertex 65.6282 57.9142 2
      vertex 65.7629 57.941 7
      vertex 65.6282 57.9142 7
    endloop
  endfacet
  facet normal 0.195136 -0.980776 0
    outer loop
      vertex 65.7629 57.941 7
      vertex 65.6282 57.9142 2
      vertex 65.7629 57.941 2
    endloop
  endfacet
  facet normal -0.896744 -0.442549 0
    outer loop
      vertex 66.8701 57.3018 2
      vertex 66.8093 57.425 7
      vertex 66.8093 57.425 2
    endloop
  endfacet
  facet normal -0.896744 -0.442549 0
    outer loop
      vertex 66.8093 57.425 7
      vertex 66.8701 57.3018 2
      vertex 66.8701 57.3018 7
    endloop
  endfacet
  facet normal 0.946995 -0.32125 0
    outer loop
      vertex 64.8858 57.1718 7
      vertex 64.9299 57.3018 2
      vertex 64.9299 57.3018 7
    endloop
  endfacet
  facet normal 0.946995 -0.32125 0
    outer loop
      vertex 64.9299 57.3018 2
      vertex 64.8858 57.1718 7
      vertex 64.8858 57.1718 2
    endloop
  endfacet
  facet normal 0.980776 -0.195136 0
    outer loop
      vertex 64.859 57.0371 7
      vertex 64.8858 57.1718 2
      vertex 64.8858 57.1718 7
    endloop
  endfacet
  facet normal 0.980776 -0.195136 0
    outer loop
      vertex 64.8858 57.1718 2
      vertex 64.859 57.0371 7
      vertex 64.859 57.0371 2
    endloop
  endfacet
  facet normal -0.55554 -0.83149 0
    outer loop
      vertex 66.425 57.8093 2
      vertex 66.5392 57.733 7
      vertex 66.425 57.8093 7
    endloop
  endfacet
  facet normal -0.55554 -0.83149 -0
    outer loop
      vertex 66.5392 57.733 7
      vertex 66.425 57.8093 2
      vertex 66.5392 57.733 2
    endloop
  endfacet
  facet normal 0.997852 0.0655045 0
    outer loop
      vertex 64.859 56.7629 7
      vertex 64.85 56.9 2
      vertex 64.85 56.9 7
    endloop
  endfacet
  facet normal 0.997852 0.0655045 0
    outer loop
      vertex 64.85 56.9 2
      vertex 64.859 56.7629 7
      vertex 64.859 56.7629 2
    endloop
  endfacet
  facet normal -0.752171 0.658968 0
    outer loop
      vertex 66.6425 56.1575 2
      vertex 66.733 56.2608 7
      vertex 66.733 56.2608 2
    endloop
  endfacet
  facet normal -0.752171 0.658968 0
    outer loop
      vertex 66.733 56.2608 7
      vertex 66.6425 56.1575 2
      vertex 66.6425 56.1575 7
    endloop
  endfacet
  facet normal 0.32125 0.946995 -0
    outer loop
      vertex 65.6282 55.8858 2
      vertex 65.4982 55.9299 7
      vertex 65.6282 55.8858 7
    endloop
  endfacet
  facet normal 0.32125 0.946995 0
    outer loop
      vertex 65.4982 55.9299 7
      vertex 65.6282 55.8858 2
      vertex 65.4982 55.9299 2
    endloop
  endfacet
  facet normal 0.83149 0.55554 0
    outer loop
      vertex 65.067 56.2608 7
      vertex 64.9907 56.375 2
      vertex 64.9907 56.375 7
    endloop
  endfacet
  facet normal 0.83149 0.55554 0
    outer loop
      vertex 64.9907 56.375 2
      vertex 65.067 56.2608 7
      vertex 65.067 56.2608 2
    endloop
  endfacet
  facet normal 0 0 1
    outer loop
      vertex 66.941 57.0371 2
      vertex 66.941 56.7629 2
      vertex 66.95 56.9 2
    endloop
  endfacet
  facet normal 0 0 1
    outer loop
      vertex 66.9142 57.1718 2
      vertex 66.941 56.7629 2
      vertex 66.941 57.0371 2
    endloop
  endfacet
  facet normal 0 0 1
    outer loop
      vertex 66.9142 57.1718 2
      vertex 66.9142 56.6282 2
      vertex 66.941 56.7629 2
    endloop
  endfacet
  facet normal 0 0 1
    outer loop
      vertex 66.8701 57.3018 2
      vertex 66.9142 56.6282 2
      vertex 66.9142 57.1718 2
    endloop
  endfacet
  facet normal 0 0 1
    outer loop
      vertex 66.8701 57.3018 2
      vertex 66.8701 56.4982 2
      vertex 66.9142 56.6282 2
    endloop
  endfacet
  facet normal 0 0 1
    outer loop
      vertex 66.8093 57.425 2
      vertex 66.8701 56.4982 2
      vertex 66.8701 57.3018 2
    endloop
  endfacet
  facet normal 0 0 1
    outer loop
      vertex 66.8093 57.425 2
      vertex 66.8093 56.375 2
      vertex 66.8701 56.4982 2
    endloop
  endfacet
  facet normal 0 0 1
    outer loop
      vertex 66.733 57.5392 2
      vertex 66.8093 56.375 2
      vertex 66.8093 57.425 2
    endloop
  endfacet
  facet normal 0 0 1
    outer loop
      vertex 66.733 57.5392 2
      vertex 66.733 56.2608 2
      vertex 66.8093 56.375 2
    endloop
  endfacet
  facet normal 0 0 1
    outer loop
      vertex 66.6425 57.6425 2
      vertex 66.733 56.2608 2
      vertex 66.733 57.5392 2
    endloop
  endfacet
  facet normal 0 0 1
    outer loop
      vertex 66.6425 57.6425 2
      vertex 66.6425 56.1575 2
      vertex 66.733 56.2608 2
    endloop
  endfacet
  facet normal 0 0 1
    outer loop
      vertex 66.5392 57.733 2
      vertex 66.6425 56.1575 2
      vertex 66.6425 57.6425 2
    endloop
  endfacet
  facet normal 0 0 1
    outer loop
      vertex 66.5392 57.733 2
      vertex 66.5392 56.067 2
      vertex 66.6425 56.1575 2
    endloop
  endfacet
  facet normal 0 0 1
    outer loop
      vertex 66.425 57.8093 2
      vertex 66.5392 56.067 2
      vertex 66.5392 57.733 2
    endloop
  endfacet
  facet normal 0 0 1
    outer loop
      vertex 66.425 57.8093 2
      vertex 66.425 55.9907 2
      vertex 66.5392 56.067 2
    endloop
  endfacet
  facet normal 0 0 1
    outer loop
      vertex 66.3018 57.8701 2
      vertex 66.425 55.9907 2
      vertex 66.425 57.8093 2
    endloop
  endfacet
  facet normal 0 0 1
    outer loop
      vertex 66.3018 57.8701 2
      vertex 66.3018 55.9299 2
      vertex 66.425 55.9907 2
    endloop
  endfacet
  facet normal 0 0 1
    outer loop
      vertex 66.1718 57.9142 2
      vertex 66.3018 55.9299 2
      vertex 66.3018 57.8701 2
    endloop
  endfacet
  facet normal 0 0 1
    outer loop
      vertex 66.1718 57.9142 2
      vertex 66.1718 55.8858 2
      vertex 66.3018 55.9299 2
    endloop
  endfacet
  facet normal 0 0 1
    outer loop
      vertex 66.037 57.941 2
      vertex 66.1718 55.8858 2
      vertex 66.1718 57.9142 2
    endloop
  endfacet
  facet normal 0 0 1
    outer loop
      vertex 66.037 57.941 2
      vertex 66.037 55.859 2
      vertex 66.1718 55.8858 2
    endloop
  endfacet
  facet normal 0 0 1
    outer loop
      vertex 65.9 57.95 2
      vertex 66.037 55.859 2
      vertex 66.037 57.941 2
    endloop
  endfacet
  facet normal 0 0 1
    outer loop
      vertex 65.9 57.95 2
      vertex 65.9 55.85 2
      vertex 66.037 55.859 2
    endloop
  endfacet
  facet normal -0 0 1
    outer loop
      vertex 65.7629 57.941 2
      vertex 65.9 55.85 2
      vertex 65.9 57.95 2
    endloop
  endfacet
  facet normal 0 0 1
    outer loop
      vertex 65.7629 57.941 2
      vertex 65.7629 55.859 2
      vertex 65.9 55.85 2
    endloop
  endfacet
  facet normal -0 0 1
    outer loop
      vertex 65.6282 57.9142 2
      vertex 65.7629 55.859 2
      vertex 65.7629 57.941 2
    endloop
  endfacet
  facet normal 0 0 1
    outer loop
      vertex 65.6282 57.9142 2
      vertex 65.6282 55.8858 2
      vertex 65.7629 55.859 2
    endloop
  endfacet
  facet normal -0 0 1
    outer loop
      vertex 65.4982 57.8701 2
      vertex 65.6282 55.8858 2
      vertex 65.6282 57.9142 2
    endloop
  endfacet
  facet normal 0 0 1
    outer loop
      vertex 65.4982 57.8701 2
      vertex 65.4982 55.9299 2
      vertex 65.6282 55.8858 2
    endloop
  endfacet
  facet normal -0 0 1
    outer loop
      vertex 65.375 57.8093 2
      vertex 65.4982 55.9299 2
      vertex 65.4982 57.8701 2
    endloop
  endfacet
  facet normal 0 0 1
    outer loop
      vertex 65.375 57.8093 2
      vertex 65.375 55.9907 2
      vertex 65.4982 55.9299 2
    endloop
  endfacet
  facet normal -0 0 1
    outer loop
      vertex 65.2608 57.733 2
      vertex 65.375 55.9907 2
      vertex 65.375 57.8093 2
    endloop
  endfacet
  facet normal 0 0 1
    outer loop
      vertex 65.2608 57.733 2
      vertex 65.2608 56.067 2
      vertex 65.375 55.9907 2
    endloop
  endfacet
  facet normal -0 0 1
    outer loop
      vertex 65.1575 57.6425 2
      vertex 65.2608 56.067 2
      vertex 65.2608 57.733 2
    endloop
  endfacet
  facet normal 0 0 1
    outer loop
      vertex 65.1575 57.6425 2
      vertex 65.1575 56.1575 2
      vertex 65.2608 56.067 2
    endloop
  endfacet
  facet normal -0 0 1
    outer loop
      vertex 65.067 57.5392 2
      vertex 65.1575 56.1575 2
      vertex 65.1575 57.6425 2
    endloop
  endfacet
  facet normal 0 0 1
    outer loop
      vertex 65.067 57.5392 2
      vertex 65.067 56.2608 2
      vertex 65.1575 56.1575 2
    endloop
  endfacet
  facet normal -0 0 1
    outer loop
      vertex 64.9907 57.425 2
      vertex 65.067 56.2608 2
      vertex 65.067 57.5392 2
    endloop
  endfacet
  facet normal 0 0 1
    outer loop
      vertex 64.9907 57.425 2
      vertex 64.9907 56.375 2
      vertex 65.067 56.2608 2
    endloop
  endfacet
  facet normal -0 0 1
    outer loop
      vertex 64.9299 57.3018 2
      vertex 64.9907 56.375 2
      vertex 64.9907 57.425 2
    endloop
  endfacet
  facet normal 0 0 1
    outer loop
      vertex 64.9299 57.3018 2
      vertex 64.9299 56.4982 2
      vertex 64.9907 56.375 2
    endloop
  endfacet
  facet normal -0 0 1
    outer loop
      vertex 64.8858 57.1718 2
      vertex 64.9299 56.4982 2
      vertex 64.9299 57.3018 2
    endloop
  endfacet
  facet normal 0 0 1
    outer loop
      vertex 64.8858 57.1718 2
      vertex 64.8858 56.6282 2
      vertex 64.9299 56.4982 2
    endloop
  endfacet
  facet normal -0 0 1
    outer loop
      vertex 64.859 57.0371 2
      vertex 64.8858 56.6282 2
      vertex 64.8858 57.1718 2
    endloop
  endfacet
  facet normal 0 0 1
    outer loop
      vertex 64.859 57.0371 2
      vertex 64.859 56.7629 2
      vertex 64.8858 56.6282 2
    endloop
  endfacet
  facet normal 0 -0 1
    outer loop
      vertex 64.859 56.7629 2
      vertex 64.859 57.0371 2
      vertex 64.85 56.9 2
    endloop
  endfacet
  facet normal -0.752171 -0.658968 0
    outer loop
      vertex 66.733 57.5392 2
      vertex 66.6425 57.6425 7
      vertex 66.6425 57.6425 2
    endloop
  endfacet
  facet normal -0.752171 -0.658968 0
    outer loop
      vertex 66.6425 57.6425 7
      vertex 66.733 57.5392 2
      vertex 66.733 57.5392 7
    endloop
  endfacet
  facet normal 0.896744 -0.442549 0
    outer loop
      vertex 64.9299 57.3018 7
      vertex 64.9907 57.425 2
      vertex 64.9907 57.425 7
    endloop
  endfacet
  facet normal 0.896744 -0.442549 0
    outer loop
      vertex 64.9907 57.425 2
      vertex 64.9299 57.3018 7
      vertex 64.9299 57.3018 2
    endloop
  endfacet
  facet normal -0.83149 0.55554 0
    outer loop
      vertex 66.733 56.2608 2
      vertex 66.8093 56.375 7
      vertex 66.8093 56.375 2
    endloop
  endfacet
  facet normal -0.83149 0.55554 0
    outer loop
      vertex 66.8093 56.375 7
      vertex 66.733 56.2608 2
      vertex 66.733 56.2608 7
    endloop
  endfacet
  facet normal -0.658968 0.752171 0
    outer loop
      vertex 66.6425 56.1575 2
      vertex 66.5392 56.067 7
      vertex 66.6425 56.1575 7
    endloop
  endfacet
  facet normal -0.658968 0.752171 0
    outer loop
      vertex 66.5392 56.067 7
      vertex 66.6425 56.1575 2
      vertex 66.5392 56.067 2
    endloop
  endfacet
  facet normal -0.0655521 0.997849 0
    outer loop
      vertex 66.037 55.859 2
      vertex 65.9 55.85 7
      vertex 66.037 55.859 7
    endloop
  endfacet
  facet normal -0.0655521 0.997849 0
    outer loop
      vertex 65.9 55.85 7
      vertex 66.037 55.859 2
      vertex 65.9 55.85 2
    endloop
  endfacet
  facet normal -0.0655521 -0.997849 0
    outer loop
      vertex 65.9 57.95 2
      vertex 66.037 57.941 7
      vertex 65.9 57.95 7
    endloop
  endfacet
  facet normal -0.0655521 -0.997849 -0
    outer loop
      vertex 66.037 57.941 7
      vertex 65.9 57.95 2
      vertex 66.037 57.941 2
    endloop
  endfacet
  facet normal 0.55554 -0.83149 0
    outer loop
      vertex 65.2608 57.733 2
      vertex 65.375 57.8093 7
      vertex 65.2608 57.733 7
    endloop
  endfacet
  facet normal 0.55554 -0.83149 0
    outer loop
      vertex 65.375 57.8093 7
      vertex 65.2608 57.733 2
      vertex 65.375 57.8093 2
    endloop
  endfacet
  facet normal 0.658968 -0.752171 0
    outer loop
      vertex 65.1575 57.6425 2
      vertex 65.2608 57.733 7
      vertex 65.1575 57.6425 7
    endloop
  endfacet
  facet normal 0.658968 -0.752171 0
    outer loop
      vertex 65.2608 57.733 7
      vertex 65.1575 57.6425 2
      vertex 65.2608 57.733 2
    endloop
  endfacet
  facet normal -0.194997 -0.980804 0
    outer loop
      vertex 66.037 57.941 2
      vertex 66.1718 57.9142 7
      vertex 66.037 57.941 7
    endloop
  endfacet
  facet normal -0.194997 -0.980804 -0
    outer loop
      vertex 66.1718 57.9142 7
      vertex 66.037 57.941 2
      vertex 66.1718 57.9142 2
    endloop
  endfacet
  facet normal 0.0655045 0.997852 -0
    outer loop
      vertex 65.9 55.85 2
      vertex 65.7629 55.859 7
      vertex 65.9 55.85 7
    endloop
  endfacet
  facet normal 0.0655045 0.997852 0
    outer loop
      vertex 65.7629 55.859 7
      vertex 65.9 55.85 2
      vertex 65.7629 55.859 2
    endloop
  endfacet
  facet normal -0.980779 -0.195122 0
    outer loop
      vertex 6.44102 5.53705 4
      vertex 6.41422 5.67176 9
      vertex 6.41422 5.67176 4
    endloop
  endfacet
  facet normal -0.980779 -0.195122 0
    outer loop
      vertex 6.41422 5.67176 9
      vertex 6.44102 5.53705 4
      vertex 6.44102 5.53705 9
    endloop
  endfacet
  facet normal -0.99786 -0.0653833 0
    outer loop
      vertex 6.45 5.4 4
      vertex 6.44102 5.53705 9
      vertex 6.44102 5.53705 4
    endloop
  endfacet
  facet normal -0.99786 -0.0653833 0
    outer loop
      vertex 6.44102 5.53705 9
      vertex 6.45 5.4 4
      vertex 6.45 5.4 9
    endloop
  endfacet
  facet normal -0.442256 0.896889 0
    outer loop
      vertex 5.925 4.49067 4
      vertex 5.80182 4.42993 9
      vertex 5.925 4.49067 9
    endloop
  endfacet
  facet normal -0.442256 0.896889 0
    outer loop
      vertex 5.80182 4.42993 9
      vertex 5.925 4.49067 4
      vertex 5.80182 4.42993 4
    endloop
  endfacet
  facet normal 0.55559 0.831456 -0
    outer loop
      vertex 4.875 4.49067 4
      vertex 4.7608 4.56698 9
      vertex 4.875 4.49067 9
    endloop
  endfacet
  facet normal 0.55559 0.831456 0
    outer loop
      vertex 4.7608 4.56698 9
      vertex 4.875 4.49067 4
      vertex 4.7608 4.56698 4
    endloop
  endfacet
  facet normal 0.980779 0.195122 0
    outer loop
      vertex 4.38578 5.12824 9
      vertex 4.35898 5.26295 4
      vertex 4.35898 5.26295 9
    endloop
  endfacet
  facet normal 0.980779 0.195122 0
    outer loop
      vertex 4.35898 5.26295 4
      vertex 4.38578 5.12824 9
      vertex 4.38578 5.12824 4
    endloop
  endfacet
  facet normal 0.0653833 -0.99786 0
    outer loop
      vertex 5.26295 6.44102 4
      vertex 5.4 6.45 9
      vertex 5.26295 6.44102 9
    endloop
  endfacet
  facet normal 0.0653833 -0.99786 0
    outer loop
      vertex 5.4 6.45 9
      vertex 5.26295 6.44102 4
      vertex 5.4 6.45 4
    endloop
  endfacet
  facet normal -0.831456 -0.55559 0
    outer loop
      vertex 6.30933 5.925 4
      vertex 6.23302 6.0392 9
      vertex 6.23302 6.0392 4
    endloop
  endfacet
  facet normal -0.831456 -0.55559 0
    outer loop
      vertex 6.23302 6.0392 9
      vertex 6.30933 5.925 4
      vertex 6.30933 5.925 9
    endloop
  endfacet
  facet normal 0.751827 -0.65936 0
    outer loop
      vertex 4.56698 6.0392 9
      vertex 4.65754 6.14246 4
      vertex 4.65754 6.14246 9
    endloop
  endfacet
  facet normal 0.751827 -0.65936 0
    outer loop
      vertex 4.65754 6.14246 4
      vertex 4.56698 6.0392 9
      vertex 4.56698 6.0392 4
    endloop
  endfacet
  facet normal 0.442256 0.896889 -0
    outer loop
      vertex 4.99818 4.42993 4
      vertex 4.875 4.49067 9
      vertex 4.99818 4.42993 9
    endloop
  endfacet
  facet normal 0.442256 0.896889 0
    outer loop
      vertex 4.875 4.49067 9
      vertex 4.99818 4.42993 4
      vertex 4.875 4.49067 4
    endloop
  endfacet
  facet normal 0.99786 -0.0653833 0
    outer loop
      vertex 4.35 5.4 9
      vertex 4.35898 5.53705 4
      vertex 4.35898 5.53705 9
    endloop
  endfacet
  facet normal 0.99786 -0.0653833 0
    outer loop
      vertex 4.35898 5.53705 4
      vertex 4.35 5.4 9
      vertex 4.35 5.4 4
    endloop
  endfacet
  facet normal -0.980779 0.195122 0
    outer loop
      vertex 6.41422 5.12824 4
      vertex 6.44102 5.26295 9
      vertex 6.44102 5.26295 4
    endloop
  endfacet
  facet normal -0.980779 0.195122 0
    outer loop
      vertex 6.44102 5.26295 9
      vertex 6.41422 5.12824 4
      vertex 6.41422 5.12824 9
    endloop
  endfacet
  facet normal -0.99786 0.0653833 0
    outer loop
      vertex 6.44102 5.26295 4
      vertex 6.45 5.4 9
      vertex 6.45 5.4 4
    endloop
  endfacet
  facet normal -0.99786 0.0653833 0
    outer loop
      vertex 6.45 5.4 9
      vertex 6.44102 5.26295 4
      vertex 6.44102 5.26295 9
    endloop
  endfacet
  facet normal 0.896889 0.442256 0
    outer loop
      vertex 4.49067 4.875 9
      vertex 4.42993 4.99818 4
      vertex 4.42993 4.99818 9
    endloop
  endfacet
  facet normal 0.896889 0.442256 0
    outer loop
      vertex 4.42993 4.99818 4
      vertex 4.49067 4.875 9
      vertex 4.49067 4.875 4
    endloop
  endfacet
  facet normal -0.442256 -0.896889 0
    outer loop
      vertex 5.80182 6.37007 4
      vertex 5.925 6.30933 9
      vertex 5.80182 6.37007 9
    endloop
  endfacet
  facet normal -0.442256 -0.896889 -0
    outer loop
      vertex 5.925 6.30933 9
      vertex 5.80182 6.37007 4
      vertex 5.925 6.30933 4
    endloop
  endfacet
  facet normal 0.65936 0.751827 -0
    outer loop
      vertex 4.7608 4.56698 4
      vertex 4.65754 4.65754 9
      vertex 4.7608 4.56698 9
    endloop
  endfacet
  facet normal 0.65936 0.751827 0
    outer loop
      vertex 4.65754 4.65754 9
      vertex 4.7608 4.56698 4
      vertex 4.65754 4.65754 4
    endloop
  endfacet
  facet normal 0.831456 -0.55559 0
    outer loop
      vertex 4.49067 5.925 9
      vertex 4.56698 6.0392 4
      vertex 4.56698 6.0392 9
    endloop
  endfacet
  facet normal 0.831456 -0.55559 0
    outer loop
      vertex 4.56698 6.0392 4
      vertex 4.49067 5.925 9
      vertex 4.49067 5.925 4
    endloop
  endfacet
  facet normal -0.55559 0.831456 0
    outer loop
      vertex 6.0392 4.56698 4
      vertex 5.925 4.49067 9
      vertex 6.0392 4.56698 9
    endloop
  endfacet
  facet normal -0.55559 0.831456 0
    outer loop
      vertex 5.925 4.49067 9
      vertex 6.0392 4.56698 4
      vertex 5.925 4.49067 4
    endloop
  endfacet
  facet normal 0.751827 0.65936 0
    outer loop
      vertex 4.65754 4.65754 9
      vertex 4.56698 4.7608 4
      vertex 4.56698 4.7608 9
    endloop
  endfacet
  facet normal 0.751827 0.65936 0
    outer loop
      vertex 4.56698 4.7608 4
      vertex 4.65754 4.65754 9
      vertex 4.65754 4.65754 4
    endloop
  endfacet
  facet normal -0.195122 0.980779 0
    outer loop
      vertex 5.67176 4.38578 4
      vertex 5.53705 4.35898 9
      vertex 5.67176 4.38578 9
    endloop
  endfacet
  facet normal -0.195122 0.980779 0
    outer loop
      vertex 5.53705 4.35898 9
      vertex 5.67176 4.38578 4
      vertex 5.53705 4.35898 4
    endloop
  endfacet
  facet normal 0.946929 0.321443 0
    outer loop
      vertex 4.42993 4.99818 9
      vertex 4.38578 5.12824 4
      vertex 4.38578 5.12824 9
    endloop
  endfacet
  facet normal 0.946929 0.321443 0
    outer loop
      vertex 4.38578 5.12824 4
      vertex 4.42993 4.99818 9
      vertex 4.42993 4.99818 4
    endloop
  endfacet
  facet normal -0.321443 -0.946929 0
    outer loop
      vertex 5.67176 6.41422 4
      vertex 5.80182 6.37007 9
      vertex 5.67176 6.41422 9
    endloop
  endfacet
  facet normal -0.321443 -0.946929 -0
    outer loop
      vertex 5.80182 6.37007 9
      vertex 5.67176 6.41422 4
      vertex 5.80182 6.37007 4
    endloop
  endfacet
  facet normal 0.442256 -0.896889 0
    outer loop
      vertex 4.875 6.30933 4
      vertex 4.99818 6.37007 9
      vertex 4.875 6.30933 9
    endloop
  endfacet
  facet normal 0.442256 -0.896889 0
    outer loop
      vertex 4.99818 6.37007 9
      vertex 4.875 6.30933 4
      vertex 4.99818 6.37007 4
    endloop
  endfacet
  facet normal -0.946929 -0.321443 0
    outer loop
      vertex 6.41422 5.67176 4
      vertex 6.37007 5.80182 9
      vertex 6.37007 5.80182 4
    endloop
  endfacet
  facet normal -0.946929 -0.321443 0
    outer loop
      vertex 6.37007 5.80182 9
      vertex 6.41422 5.67176 4
      vertex 6.41422 5.67176 9
    endloop
  endfacet
  facet normal -0.896889 0.442256 0
    outer loop
      vertex 6.30933 4.875 4
      vertex 6.37007 4.99818 9
      vertex 6.37007 4.99818 4
    endloop
  endfacet
  facet normal -0.896889 0.442256 0
    outer loop
      vertex 6.37007 4.99818 9
      vertex 6.30933 4.875 4
      vertex 6.30933 4.875 9
    endloop
  endfacet
  facet normal -0.65936 -0.751827 0
    outer loop
      vertex 6.0392 6.23302 4
      vertex 6.14246 6.14246 9
      vertex 6.0392 6.23302 9
    endloop
  endfacet
  facet normal -0.65936 -0.751827 -0
    outer loop
      vertex 6.14246 6.14246 9
      vertex 6.0392 6.23302 4
      vertex 6.14246 6.14246 4
    endloop
  endfacet
  facet normal 0.321443 -0.946929 0
    outer loop
      vertex 4.99818 6.37007 4
      vertex 5.12824 6.41422 9
      vertex 4.99818 6.37007 9
    endloop
  endfacet
  facet normal 0.321443 -0.946929 0
    outer loop
      vertex 5.12824 6.41422 9
      vertex 4.99818 6.37007 4
      vertex 5.12824 6.41422 4
    endloop
  endfacet
  facet normal -0.321443 0.946929 0
    outer loop
      vertex 5.80182 4.42993 4
      vertex 5.67176 4.38578 9
      vertex 5.80182 4.42993 9
    endloop
  endfacet
  facet normal -0.321443 0.946929 0
    outer loop
      vertex 5.67176 4.38578 9
      vertex 5.80182 4.42993 4
      vertex 5.67176 4.38578 4
    endloop
  endfacet
  facet normal -0.946929 0.321443 0
    outer loop
      vertex 6.37007 4.99818 4
      vertex 6.41422 5.12824 9
      vertex 6.41422 5.12824 4
    endloop
  endfacet
  facet normal -0.946929 0.321443 0
    outer loop
      vertex 6.41422 5.12824 9
      vertex 6.37007 4.99818 4
      vertex 6.37007 4.99818 9
    endloop
  endfacet
  facet normal 0.195122 -0.980779 0
    outer loop
      vertex 5.12824 6.41422 4
      vertex 5.26295 6.44102 9
      vertex 5.12824 6.41422 9
    endloop
  endfacet
  facet normal 0.195122 -0.980779 0
    outer loop
      vertex 5.26295 6.44102 9
      vertex 5.12824 6.41422 4
      vertex 5.26295 6.44102 4
    endloop
  endfacet
  facet normal -0.896889 -0.442256 0
    outer loop
      vertex 6.37007 5.80182 4
      vertex 6.30933 5.925 9
      vertex 6.30933 5.925 4
    endloop
  endfacet
  facet normal -0.896889 -0.442256 0
    outer loop
      vertex 6.30933 5.925 9
      vertex 6.37007 5.80182 4
      vertex 6.37007 5.80182 9
    endloop
  endfacet
  facet normal 0.946929 -0.321443 0
    outer loop
      vertex 4.38578 5.67176 9
      vertex 4.42993 5.80182 4
      vertex 4.42993 5.80182 9
    endloop
  endfacet
  facet normal 0.946929 -0.321443 0
    outer loop
      vertex 4.42993 5.80182 4
      vertex 4.38578 5.67176 9
      vertex 4.38578 5.67176 4
    endloop
  endfacet
  facet normal 0.980779 -0.195122 0
    outer loop
      vertex 4.35898 5.53705 9
      vertex 4.38578 5.67176 4
      vertex 4.38578 5.67176 9
    endloop
  endfacet
  facet normal 0.980779 -0.195122 0
    outer loop
      vertex 4.38578 5.67176 4
      vertex 4.35898 5.53705 9
      vertex 4.35898 5.53705 4
    endloop
  endfacet
  facet normal -0.55559 -0.831456 0
    outer loop
      vertex 5.925 6.30933 4
      vertex 6.0392 6.23302 9
      vertex 5.925 6.30933 9
    endloop
  endfacet
  facet normal -0.55559 -0.831456 -0
    outer loop
      vertex 6.0392 6.23302 9
      vertex 5.925 6.30933 4
      vertex 6.0392 6.23302 4
    endloop
  endfacet
  facet normal 0.99786 0.0653833 0
    outer loop
      vertex 4.35898 5.26295 9
      vertex 4.35 5.4 4
      vertex 4.35 5.4 9
    endloop
  endfacet
  facet normal 0.99786 0.0653833 0
    outer loop
      vertex 4.35 5.4 4
      vertex 4.35898 5.26295 9
      vertex 4.35898 5.26295 4
    endloop
  endfacet
  facet normal -0.751827 0.65936 0
    outer loop
      vertex 6.14246 4.65754 4
      vertex 6.23302 4.7608 9
      vertex 6.23302 4.7608 4
    endloop
  endfacet
  facet normal -0.751827 0.65936 0
    outer loop
      vertex 6.23302 4.7608 9
      vertex 6.14246 4.65754 4
      vertex 6.14246 4.65754 9
    endloop
  endfacet
  facet normal 0.321443 0.946929 -0
    outer loop
      vertex 5.12824 4.38578 4
      vertex 4.99818 4.42993 9
      vertex 5.12824 4.38578 9
    endloop
  endfacet
  facet normal 0.321443 0.946929 0
    outer loop
      vertex 4.99818 4.42993 9
      vertex 5.12824 4.38578 4
      vertex 4.99818 4.42993 4
    endloop
  endfacet
  facet normal 0.831456 0.55559 0
    outer loop
      vertex 4.56698 4.7608 9
      vertex 4.49067 4.875 4
      vertex 4.49067 4.875 9
    endloop
  endfacet
  facet normal 0.831456 0.55559 0
    outer loop
      vertex 4.49067 4.875 4
      vertex 4.56698 4.7608 9
      vertex 4.56698 4.7608 4
    endloop
  endfacet
  facet normal 0 0 1
    outer loop
      vertex 6.44102 5.53705 4
      vertex 6.44102 5.26295 4
      vertex 6.45 5.4 4
    endloop
  endfacet
  facet normal 0 0 1
    outer loop
      vertex 6.41422 5.67176 4
      vertex 6.44102 5.26295 4
      vertex 6.44102 5.53705 4
    endloop
  endfacet
  facet normal 0 0 1
    outer loop
      vertex 6.41422 5.67176 4
      vertex 6.41422 5.12824 4
      vertex 6.44102 5.26295 4
    endloop
  endfacet
  facet normal 0 0 1
    outer loop
      vertex 6.37007 5.80182 4
      vertex 6.41422 5.12824 4
      vertex 6.41422 5.67176 4
    endloop
  endfacet
  facet normal 0 0 1
    outer loop
      vertex 6.37007 5.80182 4
      vertex 6.37007 4.99818 4
      vertex 6.41422 5.12824 4
    endloop
  endfacet
  facet normal 0 0 1
    outer loop
      vertex 6.30933 5.925 4
      vertex 6.37007 4.99818 4
      vertex 6.37007 5.80182 4
    endloop
  endfacet
  facet normal 0 0 1
    outer loop
      vertex 6.30933 5.925 4
      vertex 6.30933 4.875 4
      vertex 6.37007 4.99818 4
    endloop
  endfacet
  facet normal 0 0 1
    outer loop
      vertex 6.23302 6.0392 4
      vertex 6.30933 4.875 4
      vertex 6.30933 5.925 4
    endloop
  endfacet
  facet normal 0 0 1
    outer loop
      vertex 6.23302 6.0392 4
      vertex 6.23302 4.7608 4
      vertex 6.30933 4.875 4
    endloop
  endfacet
  facet normal 0 0 1
    outer loop
      vertex 6.14246 6.14246 4
      vertex 6.23302 4.7608 4
      vertex 6.23302 6.0392 4
    endloop
  endfacet
  facet normal 0 0 1
    outer loop
      vertex 6.14246 6.14246 4
      vertex 6.14246 4.65754 4
      vertex 6.23302 4.7608 4
    endloop
  endfacet
  facet normal 0 0 1
    outer loop
      vertex 6.0392 6.23302 4
      vertex 6.14246 4.65754 4
      vertex 6.14246 6.14246 4
    endloop
  endfacet
  facet normal 0 0 1
    outer loop
      vertex 6.0392 6.23302 4
      vertex 6.0392 4.56698 4
      vertex 6.14246 4.65754 4
    endloop
  endfacet
  facet normal 0 0 1
    outer loop
      vertex 5.925 6.30933 4
      vertex 6.0392 4.56698 4
      vertex 6.0392 6.23302 4
    endloop
  endfacet
  facet normal 0 0 1
    outer loop
      vertex 5.925 6.30933 4
      vertex 5.925 4.49067 4
      vertex 6.0392 4.56698 4
    endloop
  endfacet
  facet normal 0 0 1
    outer loop
      vertex 5.80182 6.37007 4
      vertex 5.925 4.49067 4
      vertex 5.925 6.30933 4
    endloop
  endfacet
  facet normal 0 0 1
    outer loop
      vertex 5.80182 6.37007 4
      vertex 5.80182 4.42993 4
      vertex 5.925 4.49067 4
    endloop
  endfacet
  facet normal 0 0 1
    outer loop
      vertex 5.67176 6.41422 4
      vertex 5.80182 4.42993 4
      vertex 5.80182 6.37007 4
    endloop
  endfacet
  facet normal 0 0 1
    outer loop
      vertex 5.67176 6.41422 4
      vertex 5.67176 4.38578 4
      vertex 5.80182 4.42993 4
    endloop
  endfacet
  facet normal 0 0 1
    outer loop
      vertex 5.53705 6.44102 4
      vertex 5.67176 4.38578 4
      vertex 5.67176 6.41422 4
    endloop
  endfacet
  facet normal 0 0 1
    outer loop
      vertex 5.53705 6.44102 4
      vertex 5.53705 4.35898 4
      vertex 5.67176 4.38578 4
    endloop
  endfacet
  facet normal 0 0 1
    outer loop
      vertex 5.4 6.45 4
      vertex 5.53705 4.35898 4
      vertex 5.53705 6.44102 4
    endloop
  endfacet
  facet normal 0 0 1
    outer loop
      vertex 5.4 6.45 4
      vertex 5.4 4.35 4
      vertex 5.53705 4.35898 4
    endloop
  endfacet
  facet normal -0 0 1
    outer loop
      vertex 5.26295 6.44102 4
      vertex 5.4 4.35 4
      vertex 5.4 6.45 4
    endloop
  endfacet
  facet normal 0 0 1
    outer loop
      vertex 5.26295 6.44102 4
      vertex 5.26295 4.35898 4
      vertex 5.4 4.35 4
    endloop
  endfacet
  facet normal -0 0 1
    outer loop
      vertex 5.12824 6.41422 4
      vertex 5.26295 4.35898 4
      vertex 5.26295 6.44102 4
    endloop
  endfacet
  facet normal 0 0 1
    outer loop
      vertex 5.12824 6.41422 4
      vertex 5.12824 4.38578 4
      vertex 5.26295 4.35898 4
    endloop
  endfacet
  facet normal -0 0 1
    outer loop
      vertex 4.99818 6.37007 4
      vertex 5.12824 4.38578 4
      vertex 5.12824 6.41422 4
    endloop
  endfacet
  facet normal 0 0 1
    outer loop
      vertex 4.99818 6.37007 4
      vertex 4.99818 4.42993 4
      vertex 5.12824 4.38578 4
    endloop
  endfacet
  facet normal -0 0 1
    outer loop
      vertex 4.875 6.30933 4
      vertex 4.99818 4.42993 4
      vertex 4.99818 6.37007 4
    endloop
  endfacet
  facet normal 0 0 1
    outer loop
      vertex 4.875 6.30933 4
      vertex 4.875 4.49067 4
      vertex 4.99818 4.42993 4
    endloop
  endfacet
  facet normal -0 0 1
    outer loop
      vertex 4.7608 6.23302 4
      vertex 4.875 4.49067 4
      vertex 4.875 6.30933 4
    endloop
  endfacet
  facet normal 0 0 1
    outer loop
      vertex 4.7608 6.23302 4
      vertex 4.7608 4.56698 4
      vertex 4.875 4.49067 4
    endloop
  endfacet
  facet normal -0 0 1
    outer loop
      vertex 4.65754 6.14246 4
      vertex 4.7608 4.56698 4
      vertex 4.7608 6.23302 4
    endloop
  endfacet
  facet normal 0 0 1
    outer loop
      vertex 4.65754 6.14246 4
      vertex 4.65754 4.65754 4
      vertex 4.7608 4.56698 4
    endloop
  endfacet
  facet normal -0 0 1
    outer loop
      vertex 4.56698 6.0392 4
      vertex 4.65754 4.65754 4
      vertex 4.65754 6.14246 4
    endloop
  endfacet
  facet normal 0 0 1
    outer loop
      vertex 4.56698 6.0392 4
      vertex 4.56698 4.7608 4
      vertex 4.65754 4.65754 4
    endloop
  endfacet
  facet normal -0 0 1
    outer loop
      vertex 4.49067 5.925 4
      vertex 4.56698 4.7608 4
      vertex 4.56698 6.0392 4
    endloop
  endfacet
  facet normal 0 0 1
    outer loop
      vertex 4.49067 5.925 4
      vertex 4.49067 4.875 4
      vertex 4.56698 4.7608 4
    endloop
  endfacet
  facet normal -0 0 1
    outer loop
      vertex 4.42993 5.80182 4
      vertex 4.49067 4.875 4
      vertex 4.49067 5.925 4
    endloop
  endfacet
  facet normal 0 0 1
    outer loop
      vertex 4.42993 5.80182 4
      vertex 4.42993 4.99818 4
      vertex 4.49067 4.875 4
    endloop
  endfacet
  facet normal -0 0 1
    outer loop
      vertex 4.38578 5.67176 4
      vertex 4.42993 4.99818 4
      vertex 4.42993 5.80182 4
    endloop
  endfacet
  facet normal 0 0 1
    outer loop
      vertex 4.38578 5.67176 4
      vertex 4.38578 5.12824 4
      vertex 4.42993 4.99818 4
    endloop
  endfacet
  facet normal -0 0 1
    outer loop
      vertex 4.35898 5.53705 4
      vertex 4.38578 5.12824 4
      vertex 4.38578 5.67176 4
    endloop
  endfacet
  facet normal 0 0 1
    outer loop
      vertex 4.35898 5.53705 4
      vertex 4.35898 5.26295 4
      vertex 4.38578 5.12824 4
    endloop
  endfacet
  facet normal 0 -0 1
    outer loop
      vertex 4.35898 5.26295 4
      vertex 4.35898 5.53705 4
      vertex 4.35 5.4 4
    endloop
  endfacet
  facet normal -0.751827 -0.65936 0
    outer loop
      vertex 6.23302 6.0392 4
      vertex 6.14246 6.14246 9
      vertex 6.14246 6.14246 4
    endloop
  endfacet
  facet normal -0.751827 -0.65936 0
    outer loop
      vertex 6.14246 6.14246 9
      vertex 6.23302 6.0392 4
      vertex 6.23302 6.0392 9
    endloop
  endfacet
  facet normal 0.195122 0.980779 -0
    outer loop
      vertex 5.26295 4.35898 4
      vertex 5.12824 4.38578 9
      vertex 5.26295 4.35898 9
    endloop
  endfacet
  facet normal 0.195122 0.980779 0
    outer loop
      vertex 5.12824 4.38578 9
      vertex 5.26295 4.35898 4
      vertex 5.12824 4.38578 4
    endloop
  endfacet
  facet normal 0.896889 -0.442256 0
    outer loop
      vertex 4.42993 5.80182 9
      vertex 4.49067 5.925 4
      vertex 4.49067 5.925 9
    endloop
  endfacet
  facet normal 0.896889 -0.442256 0
    outer loop
      vertex 4.49067 5.925 4
      vertex 4.42993 5.80182 9
      vertex 4.42993 5.80182 4
    endloop
  endfacet
  facet normal -0.831456 0.55559 0
    outer loop
      vertex 6.23302 4.7608 4
      vertex 6.30933 4.875 9
      vertex 6.30933 4.875 4
    endloop
  endfacet
  facet normal -0.831456 0.55559 0
    outer loop
      vertex 6.30933 4.875 9
      vertex 6.23302 4.7608 4
      vertex 6.23302 4.7608 9
    endloop
  endfacet
  facet normal -0.65936 0.751827 0
    outer loop
      vertex 6.14246 4.65754 4
      vertex 6.0392 4.56698 9
      vertex 6.14246 4.65754 9
    endloop
  endfacet
  facet normal -0.65936 0.751827 0
    outer loop
      vertex 6.0392 4.56698 9
      vertex 6.14246 4.65754 4
      vertex 6.0392 4.56698 4
    endloop
  endfacet
  facet normal -0.0653833 0.99786 0
    outer loop
      vertex 5.53705 4.35898 4
      vertex 5.4 4.35 9
      vertex 5.53705 4.35898 9
    endloop
  endfacet
  facet normal -0.0653833 0.99786 0
    outer loop
      vertex 5.4 4.35 9
      vertex 5.53705 4.35898 4
      vertex 5.4 4.35 4
    endloop
  endfacet
  facet normal -0.0653833 -0.99786 0
    outer loop
      vertex 5.4 6.45 4
      vertex 5.53705 6.44102 9
      vertex 5.4 6.45 9
    endloop
  endfacet
  facet normal -0.0653833 -0.99786 -0
    outer loop
      vertex 5.53705 6.44102 9
      vertex 5.4 6.45 4
      vertex 5.53705 6.44102 4
    endloop
  endfacet
  facet normal 0.55559 -0.831456 0
    outer loop
      vertex 4.7608 6.23302 4
      vertex 4.875 6.30933 9
      vertex 4.7608 6.23302 9
    endloop
  endfacet
  facet normal 0.55559 -0.831456 0
    outer loop
      vertex 4.875 6.30933 9
      vertex 4.7608 6.23302 4
      vertex 4.875 6.30933 4
    endloop
  endfacet
  facet normal 0.65936 -0.751827 0
    outer loop
      vertex 4.65754 6.14246 4
      vertex 4.7608 6.23302 9
      vertex 4.65754 6.14246 9
    endloop
  endfacet
  facet normal 0.65936 -0.751827 0
    outer loop
      vertex 4.7608 6.23302 9
      vertex 4.65754 6.14246 4
      vertex 4.7608 6.23302 4
    endloop
  endfacet
  facet normal -0.195122 -0.980779 0
    outer loop
      vertex 5.53705 6.44102 4
      vertex 5.67176 6.41422 9
      vertex 5.53705 6.44102 9
    endloop
  endfacet
  facet normal -0.195122 -0.980779 -0
    outer loop
      vertex 5.67176 6.41422 9
      vertex 5.53705 6.44102 4
      vertex 5.67176 6.41422 4
    endloop
  endfacet
  facet normal 0.0653833 0.99786 -0
    outer loop
      vertex 5.4 4.35 4
      vertex 5.26295 4.35898 9
      vertex 5.4 4.35 9
    endloop
  endfacet
  facet normal 0.0653833 0.99786 0
    outer loop
      vertex 5.26295 4.35898 9
      vertex 5.4 4.35 4
      vertex 5.26295 4.35898 4
    endloop
  endfacet
  facet normal -0.980779 -0.195122 0
    outer loop
      vertex 89.441 5.53705 4
      vertex 89.4142 5.67176 9
      vertex 89.4142 5.67176 4
    endloop
  endfacet
  facet normal -0.980779 -0.195122 0
    outer loop
      vertex 89.4142 5.67176 9
      vertex 89.441 5.53705 4
      vertex 89.441 5.53705 9
    endloop
  endfacet
  facet normal -0.997851 -0.0655283 0
    outer loop
      vertex 89.45 5.4 4
      vertex 89.441 5.53705 9
      vertex 89.441 5.53705 4
    endloop
  endfacet
  facet normal -0.997851 -0.0655283 0
    outer loop
      vertex 89.441 5.53705 9
      vertex 89.45 5.4 4
      vertex 89.45 5.4 9
    endloop
  endfacet
  facet normal 0.442198 0.896918 -0
    outer loop
      vertex 87.9982 4.42993 4
      vertex 87.875 4.49067 9
      vertex 87.9982 4.42993 9
    endloop
  endfacet
  facet normal 0.442198 0.896918 0
    outer loop
      vertex 87.875 4.49067 9
      vertex 87.9982 4.42993 4
      vertex 87.875 4.49067 4
    endloop
  endfacet
  facet normal -0.442198 0.896918 0
    outer loop
      vertex 88.925 4.49067 4
      vertex 88.8018 4.42993 9
      vertex 88.925 4.49067 9
    endloop
  endfacet
  facet normal -0.442198 0.896918 0
    outer loop
      vertex 88.8018 4.42993 9
      vertex 88.925 4.49067 4
      vertex 88.8018 4.42993 4
    endloop
  endfacet
  facet normal 0.980779 0.195122 0
    outer loop
      vertex 87.3858 5.12824 9
      vertex 87.359 5.26295 4
      vertex 87.359 5.26295 9
    endloop
  endfacet
  facet normal 0.980779 0.195122 0
    outer loop
      vertex 87.359 5.26295 4
      vertex 87.3858 5.12824 9
      vertex 87.3858 5.12824 4
    endloop
  endfacet
  facet normal 0.0653596 -0.997862 0
    outer loop
      vertex 88.2629 6.44102 4
      vertex 88.4 6.45 9
      vertex 88.2629 6.44102 9
    endloop
  endfacet
  facet normal 0.0653596 -0.997862 0
    outer loop
      vertex 88.4 6.45 9
      vertex 88.2629 6.44102 4
      vertex 88.4 6.45 4
    endloop
  endfacet
  facet normal -0.83149 -0.55554 0
    outer loop
      vertex 89.3093 5.925 4
      vertex 89.233 6.0392 9
      vertex 89.233 6.0392 4
    endloop
  endfacet
  facet normal -0.83149 -0.55554 0
    outer loop
      vertex 89.233 6.0392 9
      vertex 89.3093 5.925 4
      vertex 89.3093 5.925 9
    endloop
  endfacet
  facet normal 0.752044 -0.659113 0
    outer loop
      vertex 87.567 6.0392 9
      vertex 87.6575 6.14246 4
      vertex 87.6575 6.14246 9
    endloop
  endfacet
  facet normal 0.752044 -0.659113 0
    outer loop
      vertex 87.6575 6.14246 4
      vertex 87.567 6.0392 9
      vertex 87.567 6.0392 4
    endloop
  endfacet
  facet normal 0.997851 -0.0655283 0
    outer loop
      vertex 87.35 5.4 9
      vertex 87.359 5.53705 4
      vertex 87.359 5.53705 9
    endloop
  endfacet
  facet normal 0.997851 -0.0655283 0
    outer loop
      vertex 87.359 5.53705 4
      vertex 87.35 5.4 9
      vertex 87.35 5.4 4
    endloop
  endfacet
  facet normal -0.980779 0.195122 0
    outer loop
      vertex 89.4142 5.12824 4
      vertex 89.441 5.26295 9
      vertex 89.441 5.26295 4
    endloop
  endfacet
  facet normal -0.980779 0.195122 0
    outer loop
      vertex 89.441 5.26295 9
      vertex 89.4142 5.12824 4
      vertex 89.4142 5.12824 9
    endloop
  endfacet
  facet normal -0.997851 0.0655283 0
    outer loop
      vertex 89.441 5.26295 4
      vertex 89.45 5.4 9
      vertex 89.45 5.4 4
    endloop
  endfacet
  facet normal -0.997851 0.0655283 0
    outer loop
      vertex 89.45 5.4 9
      vertex 89.441 5.26295 4
      vertex 89.441 5.26295 9
    endloop
  endfacet
  facet normal 0.896716 0.442607 0
    outer loop
      vertex 87.4907 4.875 9
      vertex 87.4299 4.99818 4
      vertex 87.4299 4.99818 9
    endloop
  endfacet
  facet normal 0.896716 0.442607 0
    outer loop
      vertex 87.4299 4.99818 4
      vertex 87.4907 4.875 9
      vertex 87.4907 4.875 4
    endloop
  endfacet
  facet normal 0.752044 0.659113 0
    outer loop
      vertex 87.6575 4.65754 9
      vertex 87.567 4.7608 4
      vertex 87.567 4.7608 9
    endloop
  endfacet
  facet normal 0.752044 0.659113 0
    outer loop
      vertex 87.567 4.7608 4
      vertex 87.6575 4.65754 9
      vertex 87.6575 4.65754 4
    endloop
  endfacet
  facet normal -0.442198 -0.896918 0
    outer loop
      vertex 88.8018 6.37007 4
      vertex 88.925 6.30933 9
      vertex 88.8018 6.37007 9
    endloop
  endfacet
  facet normal -0.442198 -0.896918 -0
    outer loop
      vertex 88.925 6.30933 9
      vertex 88.8018 6.37007 4
      vertex 88.925 6.30933 4
    endloop
  endfacet
  facet normal 0.659215 0.751954 -0
    outer loop
      vertex 87.7608 4.56698 4
      vertex 87.6575 4.65754 9
      vertex 87.7608 4.56698 9
    endloop
  endfacet
  facet normal 0.659215 0.751954 0
    outer loop
      vertex 87.6575 4.65754 9
      vertex 87.7608 4.56698 4
      vertex 87.6575 4.65754 4
    endloop
  endfacet
  facet normal 0.659215 -0.751954 0
    outer loop
      vertex 87.6575 6.14246 4
      vertex 87.7608 6.23302 9
      vertex 87.6575 6.14246 9
    endloop
  endfacet
  facet normal 0.659215 -0.751954 0
    outer loop
      vertex 87.7608 6.23302 9
      vertex 87.6575 6.14246 4
      vertex 87.7608 6.23302 4
    endloop
  endfacet
  facet normal 0.0653596 0.997862 -0
    outer loop
      vertex 88.4 4.35 4
      vertex 88.2629 4.35898 9
      vertex 88.4 4.35 9
    endloop
  endfacet
  facet normal 0.0653596 0.997862 0
    outer loop
      vertex 88.2629 4.35898 9
      vertex 88.4 4.35 4
      vertex 88.2629 4.35898 4
    endloop
  endfacet
  facet normal 0.83149 -0.55554 0
    outer loop
      vertex 87.4907 5.925 9
      vertex 87.567 6.0392 4
      vertex 87.567 6.0392 9
    endloop
  endfacet
  facet normal 0.83149 -0.55554 0
    outer loop
      vertex 87.567 6.0392 4
      vertex 87.4907 5.925 9
      vertex 87.4907 5.925 4
    endloop
  endfacet
  facet normal 0.83149 0.55554 0
    outer loop
      vertex 87.567 4.7608 9
      vertex 87.4907 4.875 4
      vertex 87.4907 4.875 9
    endloop
  endfacet
  facet normal 0.83149 0.55554 0
    outer loop
      vertex 87.4907 4.875 4
      vertex 87.567 4.7608 9
      vertex 87.567 4.7608 4
    endloop
  endfacet
  facet normal -0.55559 0.831456 0
    outer loop
      vertex 89.0392 4.56698 4
      vertex 88.925 4.49067 9
      vertex 89.0392 4.56698 9
    endloop
  endfacet
  facet normal -0.55559 0.831456 0
    outer loop
      vertex 88.925 4.49067 9
      vertex 89.0392 4.56698 4
      vertex 88.925 4.49067 4
    endloop
  endfacet
  facet normal -0.194997 0.980804 0
    outer loop
      vertex 88.6718 4.38578 4
      vertex 88.537 4.35898 9
      vertex 88.6718 4.38578 9
    endloop
  endfacet
  facet normal -0.194997 0.980804 0
    outer loop
      vertex 88.537 4.35898 9
      vertex 88.6718 4.38578 4
      vertex 88.537 4.35898 4
    endloop
  endfacet
  facet normal 0.94704 0.321117 0
    outer loop
      vertex 87.4299 4.99818 9
      vertex 87.3858 5.12824 4
      vertex 87.3858 5.12824 9
    endloop
  endfacet
  facet normal 0.94704 0.321117 0
    outer loop
      vertex 87.3858 5.12824 4
      vertex 87.4299 4.99818 9
      vertex 87.4299 4.99818 4
    endloop
  endfacet
  facet normal -0.321576 -0.946884 0
    outer loop
      vertex 88.6718 6.41422 4
      vertex 88.8018 6.37007 9
      vertex 88.6718 6.41422 9
    endloop
  endfacet
  facet normal -0.321576 -0.946884 -0
    outer loop
      vertex 88.8018 6.37007 9
      vertex 88.6718 6.41422 4
      vertex 88.8018 6.37007 4
    endloop
  endfacet
  facet normal 0.442198 -0.896918 0
    outer loop
      vertex 87.875 6.30933 4
      vertex 87.9982 6.37007 9
      vertex 87.875 6.30933 9
    endloop
  endfacet
  facet normal 0.442198 -0.896918 0
    outer loop
      vertex 87.9982 6.37007 9
      vertex 87.875 6.30933 4
      vertex 87.9982 6.37007 4
    endloop
  endfacet
  facet normal -0.896716 0.442607 0
    outer loop
      vertex 89.3093 4.875 4
      vertex 89.3701 4.99818 9
      vertex 89.3701 4.99818 4
    endloop
  endfacet
  facet normal -0.896716 0.442607 0
    outer loop
      vertex 89.3701 4.99818 9
      vertex 89.3093 4.875 4
      vertex 89.3093 4.875 9
    endloop
  endfacet
  facet normal -0.659215 -0.751954 0
    outer loop
      vertex 89.0392 6.23302 4
      vertex 89.1425 6.14246 9
      vertex 89.0392 6.23302 9
    endloop
  endfacet
  facet normal -0.659215 -0.751954 -0
    outer loop
      vertex 89.1425 6.14246 9
      vertex 89.0392 6.23302 4
      vertex 89.1425 6.14246 4
    endloop
  endfacet
  facet normal -0.321576 0.946884 0
    outer loop
      vertex 88.8018 4.42993 4
      vertex 88.6718 4.38578 9
      vertex 88.8018 4.42993 9
    endloop
  endfacet
  facet normal -0.321576 0.946884 0
    outer loop
      vertex 88.6718 4.38578 9
      vertex 88.8018 4.42993 4
      vertex 88.6718 4.38578 4
    endloop
  endfacet
  facet normal -0.94704 0.321117 0
    outer loop
      vertex 89.3701 4.99818 4
      vertex 89.4142 5.12824 9
      vertex 89.4142 5.12824 4
    endloop
  endfacet
  facet normal -0.94704 0.321117 0
    outer loop
      vertex 89.4142 5.12824 9
      vertex 89.3701 4.99818 4
      vertex 89.3701 4.99818 9
    endloop
  endfacet
  facet normal 0.195136 0.980776 -0
    outer loop
      vertex 88.2629 4.35898 4
      vertex 88.1282 4.38578 9
      vertex 88.2629 4.35898 9
    endloop
  endfacet
  facet normal 0.195136 0.980776 0
    outer loop
      vertex 88.1282 4.38578 9
      vertex 88.2629 4.35898 4
      vertex 88.1282 4.38578 4
    endloop
  endfacet
  facet normal 0.55559 0.831456 -0
    outer loop
      vertex 87.875 4.49067 4
      vertex 87.7608 4.56698 9
      vertex 87.875 4.49067 9
    endloop
  endfacet
  facet normal 0.55559 0.831456 0
    outer loop
      vertex 87.7608 4.56698 9
      vertex 87.875 4.49067 4
      vertex 87.7608 4.56698 4
    endloop
  endfacet
  facet normal 0.195136 -0.980776 0
    outer loop
      vertex 88.1282 6.41422 4
      vertex 88.2629 6.44102 9
      vertex 88.1282 6.41422 9
    endloop
  endfacet
  facet normal 0.195136 -0.980776 0
    outer loop
      vertex 88.2629 6.44102 9
      vertex 88.1282 6.41422 4
      vertex 88.2629 6.44102 4
    endloop
  endfacet
  facet normal -0.896716 -0.442607 0
    outer loop
      vertex 89.3701 5.80182 4
      vertex 89.3093 5.925 9
      vertex 89.3093 5.925 4
    endloop
  endfacet
  facet normal -0.896716 -0.442607 0
    outer loop
      vertex 89.3093 5.925 9
      vertex 89.3701 5.80182 4
      vertex 89.3701 5.80182 9
    endloop
  endfacet
  facet normal 0.94704 -0.321117 0
    outer loop
      vertex 87.3858 5.67176 9
      vertex 87.4299 5.80182 4
      vertex 87.4299 5.80182 9
    endloop
  endfacet
  facet normal 0.94704 -0.321117 0
    outer loop
      vertex 87.4299 5.80182 4
      vertex 87.3858 5.67176 9
      vertex 87.3858 5.67176 4
    endloop
  endfacet
  facet normal 0.980779 -0.195122 0
    outer loop
      vertex 87.359 5.53705 9
      vertex 87.3858 5.67176 4
      vertex 87.3858 5.67176 9
    endloop
  endfacet
  facet normal 0.980779 -0.195122 0
    outer loop
      vertex 87.3858 5.67176 4
      vertex 87.359 5.53705 9
      vertex 87.359 5.53705 4
    endloop
  endfacet
  facet normal -0.55559 -0.831456 0
    outer loop
      vertex 88.925 6.30933 4
      vertex 89.0392 6.23302 9
      vertex 88.925 6.30933 9
    endloop
  endfacet
  facet normal -0.55559 -0.831456 -0
    outer loop
      vertex 89.0392 6.23302 9
      vertex 88.925 6.30933 4
      vertex 89.0392 6.23302 4
    endloop
  endfacet
  facet normal 0.997851 0.0655283 0
    outer loop
      vertex 87.359 5.26295 9
      vertex 87.35 5.4 4
      vertex 87.35 5.4 9
    endloop
  endfacet
  facet normal 0.997851 0.0655283 0
    outer loop
      vertex 87.35 5.4 4
      vertex 87.359 5.26295 9
      vertex 87.359 5.26295 4
    endloop
  endfacet
  facet normal -0.752044 0.659113 0
    outer loop
      vertex 89.1425 4.65754 4
      vertex 89.233 4.7608 9
      vertex 89.233 4.7608 4
    endloop
  endfacet
  facet normal -0.752044 0.659113 0
    outer loop
      vertex 89.233 4.7608 9
      vertex 89.1425 4.65754 4
      vertex 89.1425 4.65754 9
    endloop
  endfacet
  facet normal 0 0 1
    outer loop
      vertex 89.441 5.53705 4
      vertex 89.441 5.26295 4
      vertex 89.45 5.4 4
    endloop
  endfacet
  facet normal 0 0 1
    outer loop
      vertex 89.4142 5.67176 4
      vertex 89.441 5.26295 4
      vertex 89.441 5.53705 4
    endloop
  endfacet
  facet normal 0 0 1
    outer loop
      vertex 89.4142 5.67176 4
      vertex 89.4142 5.12824 4
      vertex 89.441 5.26295 4
    endloop
  endfacet
  facet normal 0 0 1
    outer loop
      vertex 89.3701 5.80182 4
      vertex 89.4142 5.12824 4
      vertex 89.4142 5.67176 4
    endloop
  endfacet
  facet normal 0 0 1
    outer loop
      vertex 89.3701 5.80182 4
      vertex 89.3701 4.99818 4
      vertex 89.4142 5.12824 4
    endloop
  endfacet
  facet normal 0 0 1
    outer loop
      vertex 89.3093 5.925 4
      vertex 89.3701 4.99818 4
      vertex 89.3701 5.80182 4
    endloop
  endfacet
  facet normal 0 0 1
    outer loop
      vertex 89.3093 5.925 4
      vertex 89.3093 4.875 4
      vertex 89.3701 4.99818 4
    endloop
  endfacet
  facet normal 0 0 1
    outer loop
      vertex 89.233 6.0392 4
      vertex 89.3093 4.875 4
      vertex 89.3093 5.925 4
    endloop
  endfacet
  facet normal 0 0 1
    outer loop
      vertex 89.233 6.0392 4
      vertex 89.233 4.7608 4
      vertex 89.3093 4.875 4
    endloop
  endfacet
  facet normal 0 0 1
    outer loop
      vertex 89.1425 6.14246 4
      vertex 89.233 4.7608 4
      vertex 89.233 6.0392 4
    endloop
  endfacet
  facet normal 0 0 1
    outer loop
      vertex 89.1425 6.14246 4
      vertex 89.1425 4.65754 4
      vertex 89.233 4.7608 4
    endloop
  endfacet
  facet normal 0 0 1
    outer loop
      vertex 89.0392 6.23302 4
      vertex 89.1425 4.65754 4
      vertex 89.1425 6.14246 4
    endloop
  endfacet
  facet normal 0 0 1
    outer loop
      vertex 89.0392 6.23302 4
      vertex 89.0392 4.56698 4
      vertex 89.1425 4.65754 4
    endloop
  endfacet
  facet normal 0 0 1
    outer loop
      vertex 88.925 6.30933 4
      vertex 89.0392 4.56698 4
      vertex 89.0392 6.23302 4
    endloop
  endfacet
  facet normal 0 0 1
    outer loop
      vertex 88.925 6.30933 4
      vertex 88.925 4.49067 4
      vertex 89.0392 4.56698 4
    endloop
  endfacet
  facet normal 0 0 1
    outer loop
      vertex 88.8018 6.37007 4
      vertex 88.925 4.49067 4
      vertex 88.925 6.30933 4
    endloop
  endfacet
  facet normal 0 0 1
    outer loop
      vertex 88.8018 6.37007 4
      vertex 88.8018 4.42993 4
      vertex 88.925 4.49067 4
    endloop
  endfacet
  facet normal 0 0 1
    outer loop
      vertex 88.6718 6.41422 4
      vertex 88.8018 4.42993 4
      vertex 88.8018 6.37007 4
    endloop
  endfacet
  facet normal 0 0 1
    outer loop
      vertex 88.6718 6.41422 4
      vertex 88.6718 4.38578 4
      vertex 88.8018 4.42993 4
    endloop
  endfacet
  facet normal 0 0 1
    outer loop
      vertex 88.537 6.44102 4
      vertex 88.6718 4.38578 4
      vertex 88.6718 6.41422 4
    endloop
  endfacet
  facet normal 0 0 1
    outer loop
      vertex 88.537 6.44102 4
      vertex 88.537 4.35898 4
      vertex 88.6718 4.38578 4
    endloop
  endfacet
  facet normal 0 0 1
    outer loop
      vertex 88.4 6.45 4
      vertex 88.537 4.35898 4
      vertex 88.537 6.44102 4
    endloop
  endfacet
  facet normal 0 0 1
    outer loop
      vertex 88.4 6.45 4
      vertex 88.4 4.35 4
      vertex 88.537 4.35898 4
    endloop
  endfacet
  facet normal -0 0 1
    outer loop
      vertex 88.2629 6.44102 4
      vertex 88.4 4.35 4
      vertex 88.4 6.45 4
    endloop
  endfacet
  facet normal 0 0 1
    outer loop
      vertex 88.2629 6.44102 4
      vertex 88.2629 4.35898 4
      vertex 88.4 4.35 4
    endloop
  endfacet
  facet normal -0 0 1
    outer loop
      vertex 88.1282 6.41422 4
      vertex 88.2629 4.35898 4
      vertex 88.2629 6.44102 4
    endloop
  endfacet
  facet normal 0 0 1
    outer loop
      vertex 88.1282 6.41422 4
      vertex 88.1282 4.38578 4
      vertex 88.2629 4.35898 4
    endloop
  endfacet
  facet normal -0 0 1
    outer loop
      vertex 87.9982 6.37007 4
      vertex 88.1282 4.38578 4
      vertex 88.1282 6.41422 4
    endloop
  endfacet
  facet normal 0 0 1
    outer loop
      vertex 87.9982 6.37007 4
      vertex 87.9982 4.42993 4
      vertex 88.1282 4.38578 4
    endloop
  endfacet
  facet normal -0 0 1
    outer loop
      vertex 87.875 6.30933 4
      vertex 87.9982 4.42993 4
      vertex 87.9982 6.37007 4
    endloop
  endfacet
  facet normal 0 0 1
    outer loop
      vertex 87.875 6.30933 4
      vertex 87.875 4.49067 4
      vertex 87.9982 4.42993 4
    endloop
  endfacet
  facet normal -0 0 1
    outer loop
      vertex 87.7608 6.23302 4
      vertex 87.875 4.49067 4
      vertex 87.875 6.30933 4
    endloop
  endfacet
  facet normal 0 0 1
    outer loop
      vertex 87.7608 6.23302 4
      vertex 87.7608 4.56698 4
      vertex 87.875 4.49067 4
    endloop
  endfacet
  facet normal -0 0 1
    outer loop
      vertex 87.6575 6.14246 4
      vertex 87.7608 4.56698 4
      vertex 87.7608 6.23302 4
    endloop
  endfacet
  facet normal 0 0 1
    outer loop
      vertex 87.6575 6.14246 4
      vertex 87.6575 4.65754 4
      vertex 87.7608 4.56698 4
    endloop
  endfacet
  facet normal -0 0 1
    outer loop
      vertex 87.567 6.0392 4
      vertex 87.6575 4.65754 4
      vertex 87.6575 6.14246 4
    endloop
  endfacet
  facet normal 0 0 1
    outer loop
      vertex 87.567 6.0392 4
      vertex 87.567 4.7608 4
      vertex 87.6575 4.65754 4
    endloop
  endfacet
  facet normal -0 0 1
    outer loop
      vertex 87.4907 5.925 4
      vertex 87.567 4.7608 4
      vertex 87.567 6.0392 4
    endloop
  endfacet
  facet normal 0 0 1
    outer loop
      vertex 87.4907 5.925 4
      vertex 87.4907 4.875 4
      vertex 87.567 4.7608 4
    endloop
  endfacet
  facet normal -0 0 1
    outer loop
      vertex 87.4299 5.80182 4
      vertex 87.4907 4.875 4
      vertex 87.4907 5.925 4
    endloop
  endfacet
  facet normal 0 0 1
    outer loop
      vertex 87.4299 5.80182 4
      vertex 87.4299 4.99818 4
      vertex 87.4907 4.875 4
    endloop
  endfacet
  facet normal -0 0 1
    outer loop
      vertex 87.3858 5.67176 4
      vertex 87.4299 4.99818 4
      vertex 87.4299 5.80182 4
    endloop
  endfacet
  facet normal 0 0 1
    outer loop
      vertex 87.3858 5.67176 4
      vertex 87.3858 5.12824 4
      vertex 87.4299 4.99818 4
    endloop
  endfacet
  facet normal -0 0 1
    outer loop
      vertex 87.359 5.53705 4
      vertex 87.3858 5.12824 4
      vertex 87.3858 5.67176 4
    endloop
  endfacet
  facet normal 0 0 1
    outer loop
      vertex 87.359 5.53705 4
      vertex 87.359 5.26295 4
      vertex 87.3858 5.12824 4
    endloop
  endfacet
  facet normal 0 -0 1
    outer loop
      vertex 87.359 5.26295 4
      vertex 87.359 5.53705 4
      vertex 87.35 5.4 4
    endloop
  endfacet
  facet normal -0.752044 -0.659113 0
    outer loop
      vertex 89.233 6.0392 4
      vertex 89.1425 6.14246 9
      vertex 89.1425 6.14246 4
    endloop
  endfacet
  facet normal -0.752044 -0.659113 0
    outer loop
      vertex 89.1425 6.14246 9
      vertex 89.233 6.0392 4
      vertex 89.233 6.0392 9
    endloop
  endfacet
  facet normal -0.94704 -0.321117 0
    outer loop
      vertex 89.4142 5.67176 4
      vertex 89.3701 5.80182 9
      vertex 89.3701 5.80182 4
    endloop
  endfacet
  facet normal -0.94704 -0.321117 0
    outer loop
      vertex 89.3701 5.80182 9
      vertex 89.4142 5.67176 4
      vertex 89.4142 5.67176 9
    endloop
  endfacet
  facet normal 0.896716 -0.442607 0
    outer loop
      vertex 87.4299 5.80182 9
      vertex 87.4907 5.925 4
      vertex 87.4907 5.925 9
    endloop
  endfacet
  facet normal 0.896716 -0.442607 0
    outer loop
      vertex 87.4907 5.925 4
      vertex 87.4299 5.80182 9
      vertex 87.4299 5.80182 4
    endloop
  endfacet
  facet normal 0.321576 -0.946884 0
    outer loop
      vertex 87.9982 6.37007 4
      vertex 88.1282 6.41422 9
      vertex 87.9982 6.37007 9
    endloop
  endfacet
  facet normal 0.321576 -0.946884 0
    outer loop
      vertex 88.1282 6.41422 9
      vertex 87.9982 6.37007 4
      vertex 88.1282 6.41422 4
    endloop
  endfacet
  facet normal -0.83149 0.55554 0
    outer loop
      vertex 89.233 4.7608 4
      vertex 89.3093 4.875 9
      vertex 89.3093 4.875 4
    endloop
  endfacet
  facet normal -0.83149 0.55554 0
    outer loop
      vertex 89.3093 4.875 9
      vertex 89.233 4.7608 4
      vertex 89.233 4.7608 9
    endloop
  endfacet
  facet normal -0.659215 0.751954 0
    outer loop
      vertex 89.1425 4.65754 4
      vertex 89.0392 4.56698 9
      vertex 89.1425 4.65754 9
    endloop
  endfacet
  facet normal -0.659215 0.751954 0
    outer loop
      vertex 89.0392 4.56698 9
      vertex 89.1425 4.65754 4
      vertex 89.0392 4.56698 4
    endloop
  endfacet
  facet normal -0.0654071 -0.997859 0
    outer loop
      vertex 88.4 6.45 4
      vertex 88.537 6.44102 9
      vertex 88.4 6.45 9
    endloop
  endfacet
  facet normal -0.0654071 -0.997859 -0
    outer loop
      vertex 88.537 6.44102 9
      vertex 88.4 6.45 4
      vertex 88.537 6.44102 4
    endloop
  endfacet
  facet normal 0.55559 -0.831456 0
    outer loop
      vertex 87.7608 6.23302 4
      vertex 87.875 6.30933 9
      vertex 87.7608 6.23302 9
    endloop
  endfacet
  facet normal 0.55559 -0.831456 0
    outer loop
      vertex 87.875 6.30933 9
      vertex 87.7608 6.23302 4
      vertex 87.875 6.30933 4
    endloop
  endfacet
  facet normal -0.194997 -0.980804 0
    outer loop
      vertex 88.537 6.44102 4
      vertex 88.6718 6.41422 9
      vertex 88.537 6.44102 9
    endloop
  endfacet
  facet normal -0.194997 -0.980804 -0
    outer loop
      vertex 88.6718 6.41422 9
      vertex 88.537 6.44102 4
      vertex 88.6718 6.41422 4
    endloop
  endfacet
  facet normal -0.0654071 0.997859 0
    outer loop
      vertex 88.537 4.35898 4
      vertex 88.4 4.35 9
      vertex 88.537 4.35898 9
    endloop
  endfacet
  facet normal -0.0654071 0.997859 0
    outer loop
      vertex 88.4 4.35 9
      vertex 88.537 4.35898 4
      vertex 88.4 4.35 4
    endloop
  endfacet
  facet normal 0.321576 0.946884 -0
    outer loop
      vertex 88.1282 4.38578 4
      vertex 87.9982 4.42993 9
      vertex 88.1282 4.38578 9
    endloop
  endfacet
  facet normal 0.321576 0.946884 0
    outer loop
      vertex 87.9982 4.42993 9
      vertex 88.1282 4.38578 4
      vertex 87.9982 4.42993 4
    endloop
  endfacet
  facet normal -0.980776 -0.195136 0
    outer loop
      vertex 6.44102 59.5371 4
      vertex 6.41422 59.6718 9
      vertex 6.41422 59.6718 4
    endloop
  endfacet
  facet normal -0.980776 -0.195136 0
    outer loop
      vertex 6.41422 59.6718 9
      vertex 6.44102 59.5371 4
      vertex 6.44102 59.5371 9
    endloop
  endfacet
  facet normal -0.997862 -0.0653596 0
    outer loop
      vertex 6.45 59.4 4
      vertex 6.44102 59.5371 9
      vertex 6.44102 59.5371 4
    endloop
  endfacet
  facet normal -0.997862 -0.0653596 0
    outer loop
      vertex 6.44102 59.5371 9
      vertex 6.45 59.4 4
      vertex 6.45 59.4 9
    endloop
  endfacet
  facet normal -0.442607 0.896716 0
    outer loop
      vertex 5.925 58.4907 4
      vertex 5.80182 58.4299 9
      vertex 5.925 58.4907 9
    endloop
  endfacet
  facet normal -0.442607 0.896716 0
    outer loop
      vertex 5.80182 58.4299 9
      vertex 5.925 58.4907 4
      vertex 5.80182 58.4299 4
    endloop
  endfacet
  facet normal 0.55554 0.83149 -0
    outer loop
      vertex 4.875 58.4907 4
      vertex 4.7608 58.567 9
      vertex 4.875 58.4907 9
    endloop
  endfacet
  facet normal 0.55554 0.83149 0
    outer loop
      vertex 4.7608 58.567 9
      vertex 4.875 58.4907 4
      vertex 4.7608 58.567 4
    endloop
  endfacet
  facet normal 0.980776 0.195136 0
    outer loop
      vertex 4.38578 59.1282 9
      vertex 4.35898 59.2629 4
      vertex 4.35898 59.2629 9
    endloop
  endfacet
  facet normal 0.980776 0.195136 0
    outer loop
      vertex 4.35898 59.2629 4
      vertex 4.38578 59.1282 9
      vertex 4.38578 59.1282 4
    endloop
  endfacet
  facet normal 0.0655283 -0.997851 0
    outer loop
      vertex 5.26295 60.441 4
      vertex 5.4 60.45 9
      vertex 5.26295 60.441 9
    endloop
  endfacet
  facet normal 0.0655283 -0.997851 0
    outer loop
      vertex 5.4 60.45 9
      vertex 5.26295 60.441 4
      vertex 5.4 60.45 4
    endloop
  endfacet
  facet normal -0.831456 -0.55559 0
    outer loop
      vertex 6.30933 59.925 4
      vertex 6.23302 60.0392 9
      vertex 6.23302 60.0392 4
    endloop
  endfacet
  facet normal -0.831456 -0.55559 0
    outer loop
      vertex 6.23302 60.0392 9
      vertex 6.30933 59.925 4
      vertex 6.30933 59.925 9
    endloop
  endfacet
  facet normal 0.751954 -0.659215 0
    outer loop
      vertex 4.56698 60.0392 9
      vertex 4.65754 60.1425 4
      vertex 4.65754 60.1425 9
    endloop
  endfacet
  facet normal 0.751954 -0.659215 0
    outer loop
      vertex 4.65754 60.1425 4
      vertex 4.56698 60.0392 9
      vertex 4.56698 60.0392 4
    endloop
  endfacet
  facet normal 0.442607 0.896716 -0
    outer loop
      vertex 4.99818 58.4299 4
      vertex 4.875 58.4907 9
      vertex 4.99818 58.4299 9
    endloop
  endfacet
  facet normal 0.442607 0.896716 0
    outer loop
      vertex 4.875 58.4907 9
      vertex 4.99818 58.4299 4
      vertex 4.875 58.4907 4
    endloop
  endfacet
  facet normal 0.997862 -0.0653596 0
    outer loop
      vertex 4.35 59.4 9
      vertex 4.35898 59.5371 4
      vertex 4.35898 59.5371 9
    endloop
  endfacet
  facet normal 0.997862 -0.0653596 0
    outer loop
      vertex 4.35898 59.5371 4
      vertex 4.35 59.4 9
      vertex 4.35 59.4 4
    endloop
  endfacet
  facet normal -0.980776 0.195136 0
    outer loop
      vertex 6.41422 59.1282 4
      vertex 6.44102 59.2629 9
      vertex 6.44102 59.2629 4
    endloop
  endfacet
  facet normal -0.980776 0.195136 0
    outer loop
      vertex 6.44102 59.2629 9
      vertex 6.41422 59.1282 4
      vertex 6.41422 59.1282 9
    endloop
  endfacet
  facet normal -0.997862 0.0653596 0
    outer loop
      vertex 6.44102 59.2629 4
      vertex 6.45 59.4 9
      vertex 6.45 59.4 4
    endloop
  endfacet
  facet normal -0.997862 0.0653596 0
    outer loop
      vertex 6.45 59.4 9
      vertex 6.44102 59.2629 4
      vertex 6.44102 59.2629 9
    endloop
  endfacet
  facet normal 0.896918 0.442198 0
    outer loop
      vertex 4.49067 58.875 9
      vertex 4.42993 58.9982 4
      vertex 4.42993 58.9982 9
    endloop
  endfacet
  facet normal 0.896918 0.442198 0
    outer loop
      vertex 4.42993 58.9982 4
      vertex 4.49067 58.875 9
      vertex 4.49067 58.875 4
    endloop
  endfacet
  facet normal -0.442607 -0.896716 0
    outer loop
      vertex 5.80182 60.3701 4
      vertex 5.925 60.3093 9
      vertex 5.80182 60.3701 9
    endloop
  endfacet
  facet normal -0.442607 -0.896716 -0
    outer loop
      vertex 5.925 60.3093 9
      vertex 5.80182 60.3701 4
      vertex 5.925 60.3093 4
    endloop
  endfacet
  facet normal 0.659113 0.752044 -0
    outer loop
      vertex 4.7608 58.567 4
      vertex 4.65754 58.6575 9
      vertex 4.7608 58.567 9
    endloop
  endfacet
  facet normal 0.659113 0.752044 0
    outer loop
      vertex 4.65754 58.6575 9
      vertex 4.7608 58.567 4
      vertex 4.65754 58.6575 4
    endloop
  endfacet
  facet normal 0.659113 -0.752044 0
    outer loop
      vertex 4.65754 60.1425 4
      vertex 4.7608 60.233 9
      vertex 4.65754 60.1425 9
    endloop
  endfacet
  facet normal 0.659113 -0.752044 0
    outer loop
      vertex 4.7608 60.233 9
      vertex 4.65754 60.1425 4
      vertex 4.7608 60.233 4
    endloop
  endfacet
  facet normal 0.321117 0.94704 -0
    outer loop
      vertex 5.12824 58.3858 4
      vertex 4.99818 58.4299 9
      vertex 5.12824 58.3858 9
    endloop
  endfacet
  facet normal 0.321117 0.94704 0
    outer loop
      vertex 4.99818 58.4299 9
      vertex 5.12824 58.3858 4
      vertex 4.99818 58.4299 4
    endloop
  endfacet
  facet normal 0.831456 -0.55559 0
    outer loop
      vertex 4.49067 59.925 9
      vertex 4.56698 60.0392 4
      vertex 4.56698 60.0392 9
    endloop
  endfacet
  facet normal 0.831456 -0.55559 0
    outer loop
      vertex 4.56698 60.0392 4
      vertex 4.49067 59.925 9
      vertex 4.49067 59.925 4
    endloop
  endfacet
  facet normal -0.55554 0.83149 0
    outer loop
      vertex 6.0392 58.567 4
      vertex 5.925 58.4907 9
      vertex 6.0392 58.567 9
    endloop
  endfacet
  facet normal -0.55554 0.83149 0
    outer loop
      vertex 5.925 58.4907 9
      vertex 6.0392 58.567 4
      vertex 5.925 58.4907 4
    endloop
  endfacet
  facet normal 0.751954 0.659215 0
    outer loop
      vertex 4.65754 58.6575 9
      vertex 4.56698 58.7608 4
      vertex 4.56698 58.7608 9
    endloop
  endfacet
  facet normal 0.751954 0.659215 0
    outer loop
      vertex 4.56698 58.7608 4
      vertex 4.65754 58.6575 9
      vertex 4.65754 58.6575 4
    endloop
  endfacet
  facet normal -0.195122 0.980779 0
    outer loop
      vertex 5.67176 58.3858 4
      vertex 5.53705 58.359 9
      vertex 5.67176 58.3858 9
    endloop
  endfacet
  facet normal -0.195122 0.980779 0
    outer loop
      vertex 5.53705 58.359 9
      vertex 5.67176 58.3858 4
      vertex 5.53705 58.359 4
    endloop
  endfacet
  facet normal 0.946884 0.321576 0
    outer loop
      vertex 4.42993 58.9982 9
      vertex 4.38578 59.1282 4
      vertex 4.38578 59.1282 9
    endloop
  endfacet
  facet normal 0.946884 0.321576 0
    outer loop
      vertex 4.38578 59.1282 4
      vertex 4.42993 58.9982 9
      vertex 4.42993 58.9982 4
    endloop
  endfacet
  facet normal -0.321117 -0.94704 0
    outer loop
      vertex 5.67176 60.4142 4
      vertex 5.80182 60.3701 9
      vertex 5.67176 60.4142 9
    endloop
  endfacet
  facet normal -0.321117 -0.94704 -0
    outer loop
      vertex 5.80182 60.3701 9
      vertex 5.67176 60.4142 4
      vertex 5.80182 60.3701 4
    endloop
  endfacet
  facet normal 0.442607 -0.896716 0
    outer loop
      vertex 4.875 60.3093 4
      vertex 4.99818 60.3701 9
      vertex 4.875 60.3093 9
    endloop
  endfacet
  facet normal 0.442607 -0.896716 0
    outer loop
      vertex 4.99818 60.3701 9
      vertex 4.875 60.3093 4
      vertex 4.99818 60.3701 4
    endloop
  endfacet
  facet normal -0.946884 -0.321576 0
    outer loop
      vertex 6.41422 59.6718 4
      vertex 6.37007 59.8018 9
      vertex 6.37007 59.8018 4
    endloop
  endfacet
  facet normal -0.946884 -0.321576 0
    outer loop
      vertex 6.37007 59.8018 9
      vertex 6.41422 59.6718 4
      vertex 6.41422 59.6718 9
    endloop
  endfacet
  facet normal -0.896918 0.442198 0
    outer loop
      vertex 6.30933 58.875 4
      vertex 6.37007 58.9982 9
      vertex 6.37007 58.9982 4
    endloop
  endfacet
  facet normal -0.896918 0.442198 0
    outer loop
      vertex 6.37007 58.9982 9
      vertex 6.30933 58.875 4
      vertex 6.30933 58.875 9
    endloop
  endfacet
  facet normal -0.659113 -0.752044 0
    outer loop
      vertex 6.0392 60.233 4
      vertex 6.14246 60.1425 9
      vertex 6.0392 60.233 9
    endloop
  endfacet
  facet normal -0.659113 -0.752044 -0
    outer loop
      vertex 6.14246 60.1425 9
      vertex 6.0392 60.233 4
      vertex 6.14246 60.1425 4
    endloop
  endfacet
  facet normal -0.321117 0.94704 0
    outer loop
      vertex 5.80182 58.4299 4
      vertex 5.67176 58.3858 9
      vertex 5.80182 58.4299 9
    endloop
  endfacet
  facet normal -0.321117 0.94704 0
    outer loop
      vertex 5.67176 58.3858 9
      vertex 5.80182 58.4299 4
      vertex 5.67176 58.3858 4
    endloop
  endfacet
  facet normal -0.946884 0.321576 0
    outer loop
      vertex 6.37007 58.9982 4
      vertex 6.41422 59.1282 9
      vertex 6.41422 59.1282 4
    endloop
  endfacet
  facet normal -0.946884 0.321576 0
    outer loop
      vertex 6.41422 59.1282 9
      vertex 6.37007 58.9982 4
      vertex 6.37007 58.9982 9
    endloop
  endfacet
  facet normal 0.195122 0.980779 -0
    outer loop
      vertex 5.26295 58.359 4
      vertex 5.12824 58.3858 9
      vertex 5.26295 58.359 9
    endloop
  endfacet
  facet normal 0.195122 0.980779 0
    outer loop
      vertex 5.12824 58.3858 9
      vertex 5.26295 58.359 4
      vertex 5.12824 58.3858 4
    endloop
  endfacet
  facet normal 0.195122 -0.980779 0
    outer loop
      vertex 5.12824 60.4142 4
      vertex 5.26295 60.441 9
      vertex 5.12824 60.4142 9
    endloop
  endfacet
  facet normal 0.195122 -0.980779 0
    outer loop
      vertex 5.26295 60.441 9
      vertex 5.12824 60.4142 4
      vertex 5.26295 60.441 4
    endloop
  endfacet
  facet normal -0.896918 -0.442198 0
    outer loop
      vertex 6.37007 59.8018 4
      vertex 6.30933 59.925 9
      vertex 6.30933 59.925 4
    endloop
  endfacet
  facet normal -0.896918 -0.442198 0
    outer loop
      vertex 6.30933 59.925 9
      vertex 6.37007 59.8018 4
      vertex 6.37007 59.8018 9
    endloop
  endfacet
  facet normal 0.946884 -0.321576 0
    outer loop
      vertex 4.38578 59.6718 9
      vertex 4.42993 59.8018 4
      vertex 4.42993 59.8018 9
    endloop
  endfacet
  facet normal 0.946884 -0.321576 0
    outer loop
      vertex 4.42993 59.8018 4
      vertex 4.38578 59.6718 9
      vertex 4.38578 59.6718 4
    endloop
  endfacet
  facet normal 0.980776 -0.195136 0
    outer loop
      vertex 4.35898 59.5371 9
      vertex 4.38578 59.6718 4
      vertex 4.38578 59.6718 9
    endloop
  endfacet
  facet normal 0.980776 -0.195136 0
    outer loop
      vertex 4.38578 59.6718 4
      vertex 4.35898 59.5371 9
      vertex 4.35898 59.5371 4
    endloop
  endfacet
  facet normal -0.55554 -0.83149 0
    outer loop
      vertex 5.925 60.3093 4
      vertex 6.0392 60.233 9
      vertex 5.925 60.3093 9
    endloop
  endfacet
  facet normal -0.55554 -0.83149 -0
    outer loop
      vertex 6.0392 60.233 9
      vertex 5.925 60.3093 4
      vertex 6.0392 60.233 4
    endloop
  endfacet
  facet normal 0.997862 0.0653596 0
    outer loop
      vertex 4.35898 59.2629 9
      vertex 4.35 59.4 4
      vertex 4.35 59.4 9
    endloop
  endfacet
  facet normal 0.997862 0.0653596 0
    outer loop
      vertex 4.35 59.4 4
      vertex 4.35898 59.2629 9
      vertex 4.35898 59.2629 4
    endloop
  endfacet
  facet normal -0.751954 0.659215 0
    outer loop
      vertex 6.14246 58.6575 4
      vertex 6.23302 58.7608 9
      vertex 6.23302 58.7608 4
    endloop
  endfacet
  facet normal -0.751954 0.659215 0
    outer loop
      vertex 6.23302 58.7608 9
      vertex 6.14246 58.6575 4
      vertex 6.14246 58.6575 9
    endloop
  endfacet
  facet normal 0.831456 0.55559 0
    outer loop
      vertex 4.56698 58.7608 9
      vertex 4.49067 58.875 4
      vertex 4.49067 58.875 9
    endloop
  endfacet
  facet normal 0.831456 0.55559 0
    outer loop
      vertex 4.49067 58.875 4
      vertex 4.56698 58.7608 9
      vertex 4.56698 58.7608 4
    endloop
  endfacet
  facet normal 0 0 1
    outer loop
      vertex 6.44102 59.5371 4
      vertex 6.44102 59.2629 4
      vertex 6.45 59.4 4
    endloop
  endfacet
  facet normal 0 0 1
    outer loop
      vertex 6.41422 59.6718 4
      vertex 6.44102 59.2629 4
      vertex 6.44102 59.5371 4
    endloop
  endfacet
  facet normal 0 0 1
    outer loop
      vertex 6.41422 59.6718 4
      vertex 6.41422 59.1282 4
      vertex 6.44102 59.2629 4
    endloop
  endfacet
  facet normal 0 0 1
    outer loop
      vertex 6.37007 59.8018 4
      vertex 6.41422 59.1282 4
      vertex 6.41422 59.6718 4
    endloop
  endfacet
  facet normal 0 0 1
    outer loop
      vertex 6.37007 59.8018 4
      vertex 6.37007 58.9982 4
      vertex 6.41422 59.1282 4
    endloop
  endfacet
  facet normal 0 0 1
    outer loop
      vertex 6.30933 59.925 4
      vertex 6.37007 58.9982 4
      vertex 6.37007 59.8018 4
    endloop
  endfacet
  facet normal 0 0 1
    outer loop
      vertex 6.30933 59.925 4
      vertex 6.30933 58.875 4
      vertex 6.37007 58.9982 4
    endloop
  endfacet
  facet normal 0 0 1
    outer loop
      vertex 6.23302 60.0392 4
      vertex 6.30933 58.875 4
      vertex 6.30933 59.925 4
    endloop
  endfacet
  facet normal 0 0 1
    outer loop
      vertex 6.23302 60.0392 4
      vertex 6.23302 58.7608 4
      vertex 6.30933 58.875 4
    endloop
  endfacet
  facet normal 0 0 1
    outer loop
      vertex 6.14246 60.1425 4
      vertex 6.23302 58.7608 4
      vertex 6.23302 60.0392 4
    endloop
  endfacet
  facet normal 0 0 1
    outer loop
      vertex 6.14246 60.1425 4
      vertex 6.14246 58.6575 4
      vertex 6.23302 58.7608 4
    endloop
  endfacet
  facet normal 0 0 1
    outer loop
      vertex 6.0392 60.233 4
      vertex 6.14246 58.6575 4
      vertex 6.14246 60.1425 4
    endloop
  endfacet
  facet normal 0 0 1
    outer loop
      vertex 6.0392 60.233 4
      vertex 6.0392 58.567 4
      vertex 6.14246 58.6575 4
    endloop
  endfacet
  facet normal 0 0 1
    outer loop
      vertex 5.925 60.3093 4
      vertex 6.0392 58.567 4
      vertex 6.0392 60.233 4
    endloop
  endfacet
  facet normal 0 0 1
    outer loop
      vertex 5.925 60.3093 4
      vertex 5.925 58.4907 4
      vertex 6.0392 58.567 4
    endloop
  endfacet
  facet normal 0 0 1
    outer loop
      vertex 5.80182 60.3701 4
      vertex 5.925 58.4907 4
      vertex 5.925 60.3093 4
    endloop
  endfacet
  facet normal 0 0 1
    outer loop
      vertex 5.80182 60.3701 4
      vertex 5.80182 58.4299 4
      vertex 5.925 58.4907 4
    endloop
  endfacet
  facet normal 0 0 1
    outer loop
      vertex 5.67176 60.4142 4
      vertex 5.80182 58.4299 4
      vertex 5.80182 60.3701 4
    endloop
  endfacet
  facet normal 0 0 1
    outer loop
      vertex 5.67176 60.4142 4
      vertex 5.67176 58.3858 4
      vertex 5.80182 58.4299 4
    endloop
  endfacet
  facet normal 0 0 1
    outer loop
      vertex 5.53705 60.441 4
      vertex 5.67176 58.3858 4
      vertex 5.67176 60.4142 4
    endloop
  endfacet
  facet normal 0 0 1
    outer loop
      vertex 5.53705 60.441 4
      vertex 5.53705 58.359 4
      vertex 5.67176 58.3858 4
    endloop
  endfacet
  facet normal 0 0 1
    outer loop
      vertex 5.4 60.45 4
      vertex 5.53705 58.359 4
      vertex 5.53705 60.441 4
    endloop
  endfacet
  facet normal 0 0 1
    outer loop
      vertex 5.4 60.45 4
      vertex 5.4 58.35 4
      vertex 5.53705 58.359 4
    endloop
  endfacet
  facet normal -0 0 1
    outer loop
      vertex 5.26295 60.441 4
      vertex 5.4 58.35 4
      vertex 5.4 60.45 4
    endloop
  endfacet
  facet normal 0 0 1
    outer loop
      vertex 5.26295 60.441 4
      vertex 5.26295 58.359 4
      vertex 5.4 58.35 4
    endloop
  endfacet
  facet normal -0 0 1
    outer loop
      vertex 5.12824 60.4142 4
      vertex 5.26295 58.359 4
      vertex 5.26295 60.441 4
    endloop
  endfacet
  facet normal 0 0 1
    outer loop
      vertex 5.12824 60.4142 4
      vertex 5.12824 58.3858 4
      vertex 5.26295 58.359 4
    endloop
  endfacet
  facet normal -0 0 1
    outer loop
      vertex 4.99818 60.3701 4
      vertex 5.12824 58.3858 4
      vertex 5.12824 60.4142 4
    endloop
  endfacet
  facet normal 0 0 1
    outer loop
      vertex 4.99818 60.3701 4
      vertex 4.99818 58.4299 4
      vertex 5.12824 58.3858 4
    endloop
  endfacet
  facet normal -0 0 1
    outer loop
      vertex 4.875 60.3093 4
      vertex 4.99818 58.4299 4
      vertex 4.99818 60.3701 4
    endloop
  endfacet
  facet normal 0 0 1
    outer loop
      vertex 4.875 60.3093 4
      vertex 4.875 58.4907 4
      vertex 4.99818 58.4299 4
    endloop
  endfacet
  facet normal -0 0 1
    outer loop
      vertex 4.7608 60.233 4
      vertex 4.875 58.4907 4
      vertex 4.875 60.3093 4
    endloop
  endfacet
  facet normal 0 0 1
    outer loop
      vertex 4.7608 60.233 4
      vertex 4.7608 58.567 4
      vertex 4.875 58.4907 4
    endloop
  endfacet
  facet normal -0 0 1
    outer loop
      vertex 4.65754 60.1425 4
      vertex 4.7608 58.567 4
      vertex 4.7608 60.233 4
    endloop
  endfacet
  facet normal 0 0 1
    outer loop
      vertex 4.65754 60.1425 4
      vertex 4.65754 58.6575 4
      vertex 4.7608 58.567 4
    endloop
  endfacet
  facet normal -0 0 1
    outer loop
      vertex 4.56698 60.0392 4
      vertex 4.65754 58.6575 4
      vertex 4.65754 60.1425 4
    endloop
  endfacet
  facet normal 0 0 1
    outer loop
      vertex 4.56698 60.0392 4
      vertex 4.56698 58.7608 4
      vertex 4.65754 58.6575 4
    endloop
  endfacet
  facet normal -0 0 1
    outer loop
      vertex 4.49067 59.925 4
      vertex 4.56698 58.7608 4
      vertex 4.56698 60.0392 4
    endloop
  endfacet
  facet normal 0 0 1
    outer loop
      vertex 4.49067 59.925 4
      vertex 4.49067 58.875 4
      vertex 4.56698 58.7608 4
    endloop
  endfacet
  facet normal -0 0 1
    outer loop
      vertex 4.42993 59.8018 4
      vertex 4.49067 58.875 4
      vertex 4.49067 59.925 4
    endloop
  endfacet
  facet normal 0 0 1
    outer loop
      vertex 4.42993 59.8018 4
      vertex 4.42993 58.9982 4
      vertex 4.49067 58.875 4
    endloop
  endfacet
  facet normal -0 0 1
    outer loop
      vertex 4.38578 59.6718 4
      vertex 4.42993 58.9982 4
      vertex 4.42993 59.8018 4
    endloop
  endfacet
  facet normal 0 0 1
    outer loop
      vertex 4.38578 59.6718 4
      vertex 4.38578 59.1282 4
      vertex 4.42993 58.9982 4
    endloop
  endfacet
  facet normal -0 0 1
    outer loop
      vertex 4.35898 59.5371 4
      vertex 4.38578 59.1282 4
      vertex 4.38578 59.6718 4
    endloop
  endfacet
  facet normal 0 0 1
    outer loop
      vertex 4.35898 59.5371 4
      vertex 4.35898 59.2629 4
      vertex 4.38578 59.1282 4
    endloop
  endfacet
  facet normal 0 -0 1
    outer loop
      vertex 4.35898 59.2629 4
      vertex 4.35898 59.5371 4
      vertex 4.35 59.4 4
    endloop
  endfacet
  facet normal -0.751954 -0.659215 0
    outer loop
      vertex 6.23302 60.0392 4
      vertex 6.14246 60.1425 9
      vertex 6.14246 60.1425 4
    endloop
  endfacet
  facet normal -0.751954 -0.659215 0
    outer loop
      vertex 6.14246 60.1425 9
      vertex 6.23302 60.0392 4
      vertex 6.23302 60.0392 9
    endloop
  endfacet
  facet normal 0.896918 -0.442198 0
    outer loop
      vertex 4.42993 59.8018 9
      vertex 4.49067 59.925 4
      vertex 4.49067 59.925 9
    endloop
  endfacet
  facet normal 0.896918 -0.442198 0
    outer loop
      vertex 4.49067 59.925 4
      vertex 4.42993 59.8018 9
      vertex 4.42993 59.8018 4
    endloop
  endfacet
  facet normal 0.321117 -0.94704 0
    outer loop
      vertex 4.99818 60.3701 4
      vertex 5.12824 60.4142 9
      vertex 4.99818 60.3701 9
    endloop
  endfacet
  facet normal 0.321117 -0.94704 0
    outer loop
      vertex 5.12824 60.4142 9
      vertex 4.99818 60.3701 4
      vertex 5.12824 60.4142 4
    endloop
  endfacet
  facet normal -0.831456 0.55559 0
    outer loop
      vertex 6.23302 58.7608 4
      vertex 6.30933 58.875 9
      vertex 6.30933 58.875 4
    endloop
  endfacet
  facet normal -0.831456 0.55559 0
    outer loop
      vertex 6.30933 58.875 9
      vertex 6.23302 58.7608 4
      vertex 6.23302 58.7608 9
    endloop
  endfacet
  facet normal -0.659113 0.752044 0
    outer loop
      vertex 6.14246 58.6575 4
      vertex 6.0392 58.567 9
      vertex 6.14246 58.6575 9
    endloop
  endfacet
  facet normal -0.659113 0.752044 0
    outer loop
      vertex 6.0392 58.567 9
      vertex 6.14246 58.6575 4
      vertex 6.0392 58.567 4
    endloop
  endfacet
  facet normal -0.0655283 0.997851 0
    outer loop
      vertex 5.53705 58.359 4
      vertex 5.4 58.35 9
      vertex 5.53705 58.359 9
    endloop
  endfacet
  facet normal -0.0655283 0.997851 0
    outer loop
      vertex 5.4 58.35 9
      vertex 5.53705 58.359 4
      vertex 5.4 58.35 4
    endloop
  endfacet
  facet normal -0.0655283 -0.997851 0
    outer loop
      vertex 5.4 60.45 4
      vertex 5.53705 60.441 9
      vertex 5.4 60.45 9
    endloop
  endfacet
  facet normal -0.0655283 -0.997851 -0
    outer loop
      vertex 5.53705 60.441 9
      vertex 5.4 60.45 4
      vertex 5.53705 60.441 4
    endloop
  endfacet
  facet normal 0.55554 -0.83149 0
    outer loop
      vertex 4.7608 60.233 4
      vertex 4.875 60.3093 9
      vertex 4.7608 60.233 9
    endloop
  endfacet
  facet normal 0.55554 -0.83149 0
    outer loop
      vertex 4.875 60.3093 9
      vertex 4.7608 60.233 4
      vertex 4.875 60.3093 4
    endloop
  endfacet
  facet normal -0.195122 -0.980779 0
    outer loop
      vertex 5.53705 60.441 4
      vertex 5.67176 60.4142 9
      vertex 5.53705 60.441 9
    endloop
  endfacet
  facet normal -0.195122 -0.980779 -0
    outer loop
      vertex 5.67176 60.4142 9
      vertex 5.53705 60.441 4
      vertex 5.67176 60.4142 4
    endloop
  endfacet
  facet normal 0.0655283 0.997851 -0
    outer loop
      vertex 5.4 58.35 4
      vertex 5.26295 58.359 9
      vertex 5.4 58.35 9
    endloop
  endfacet
  facet normal 0.0655283 0.997851 0
    outer loop
      vertex 5.26295 58.359 9
      vertex 5.4 58.35 4
      vertex 5.26295 58.359 4
    endloop
  endfacet
  facet normal -0.980776 -0.195136 0
    outer loop
      vertex 89.441 59.5371 4
      vertex 89.4142 59.6718 9
      vertex 89.4142 59.6718 4
    endloop
  endfacet
  facet normal -0.980776 -0.195136 0
    outer loop
      vertex 89.4142 59.6718 9
      vertex 89.441 59.5371 4
      vertex 89.441 59.5371 9
    endloop
  endfacet
  facet normal -0.997852 -0.0655045 0
    outer loop
      vertex 89.45 59.4 4
      vertex 89.441 59.5371 9
      vertex 89.441 59.5371 4
    endloop
  endfacet
  facet normal -0.997852 -0.0655045 0
    outer loop
      vertex 89.441 59.5371 9
      vertex 89.45 59.4 4
      vertex 89.45 59.4 9
    endloop
  endfacet
  facet normal 0.442549 0.896744 -0
    outer loop
      vertex 87.9982 58.4299 4
      vertex 87.875 58.4907 9
      vertex 87.9982 58.4299 9
    endloop
  endfacet
  facet normal 0.442549 0.896744 0
    outer loop
      vertex 87.875 58.4907 9
      vertex 87.9982 58.4299 4
      vertex 87.875 58.4907 4
    endloop
  endfacet
  facet normal -0.442549 0.896744 0
    outer loop
      vertex 88.925 58.4907 4
      vertex 88.8018 58.4299 9
      vertex 88.925 58.4907 9
    endloop
  endfacet
  facet normal -0.442549 0.896744 0
    outer loop
      vertex 88.8018 58.4299 9
      vertex 88.925 58.4907 4
      vertex 88.8018 58.4299 4
    endloop
  endfacet
  facet normal 0.980776 0.195136 0
    outer loop
      vertex 87.3858 59.1282 9
      vertex 87.359 59.2629 4
      vertex 87.359 59.2629 9
    endloop
  endfacet
  facet normal 0.980776 0.195136 0
    outer loop
      vertex 87.359 59.2629 4
      vertex 87.3858 59.1282 9
      vertex 87.3858 59.1282 4
    endloop
  endfacet
  facet normal 0.0655045 -0.997852 0
    outer loop
      vertex 88.2629 60.441 4
      vertex 88.4 60.45 9
      vertex 88.2629 60.441 9
    endloop
  endfacet
  facet normal 0.0655045 -0.997852 0
    outer loop
      vertex 88.4 60.45 9
      vertex 88.2629 60.441 4
      vertex 88.4 60.45 4
    endloop
  endfacet
  facet normal -0.83149 -0.55554 0
    outer loop
      vertex 89.3093 59.925 4
      vertex 89.233 60.0392 9
      vertex 89.233 60.0392 4
    endloop
  endfacet
  facet normal -0.83149 -0.55554 0
    outer loop
      vertex 89.233 60.0392 9
      vertex 89.3093 59.925 4
      vertex 89.3093 59.925 9
    endloop
  endfacet
  facet normal 0.752171 -0.658968 0
    outer loop
      vertex 87.567 60.0392 9
      vertex 87.6575 60.1425 4
      vertex 87.6575 60.1425 9
    endloop
  endfacet
  facet normal 0.752171 -0.658968 0
    outer loop
      vertex 87.6575 60.1425 4
      vertex 87.567 60.0392 9
      vertex 87.567 60.0392 4
    endloop
  endfacet
  facet normal 0.997852 -0.0655045 0
    outer loop
      vertex 87.35 59.4 9
      vertex 87.359 59.5371 4
      vertex 87.359 59.5371 9
    endloop
  endfacet
  facet normal 0.997852 -0.0655045 0
    outer loop
      vertex 87.359 59.5371 4
      vertex 87.35 59.4 9
      vertex 87.35 59.4 4
    endloop
  endfacet
  facet normal -0.980776 0.195136 0
    outer loop
      vertex 89.4142 59.1282 4
      vertex 89.441 59.2629 9
      vertex 89.441 59.2629 4
    endloop
  endfacet
  facet normal -0.980776 0.195136 0
    outer loop
      vertex 89.441 59.2629 9
      vertex 89.4142 59.1282 4
      vertex 89.4142 59.1282 9
    endloop
  endfacet
  facet normal -0.997852 0.0655045 0
    outer loop
      vertex 89.441 59.2629 4
      vertex 89.45 59.4 9
      vertex 89.45 59.4 4
    endloop
  endfacet
  facet normal -0.997852 0.0655045 0
    outer loop
      vertex 89.45 59.4 9
      vertex 89.441 59.2629 4
      vertex 89.441 59.2629 9
    endloop
  endfacet
  facet normal 0.896744 0.442549 0
    outer loop
      vertex 87.4907 58.875 9
      vertex 87.4299 58.9982 4
      vertex 87.4299 58.9982 9
    endloop
  endfacet
  facet normal 0.896744 0.442549 0
    outer loop
      vertex 87.4299 58.9982 4
      vertex 87.4907 58.875 9
      vertex 87.4907 58.875 4
    endloop
  endfacet
  facet normal 0.752171 0.658968 0
    outer loop
      vertex 87.6575 58.6575 9
      vertex 87.567 58.7608 4
      vertex 87.567 58.7608 9
    endloop
  endfacet
  facet normal 0.752171 0.658968 0
    outer loop
      vertex 87.567 58.7608 4
      vertex 87.6575 58.6575 9
      vertex 87.6575 58.6575 4
    endloop
  endfacet
  facet normal -0.442549 -0.896744 0
    outer loop
      vertex 88.8018 60.3701 4
      vertex 88.925 60.3093 9
      vertex 88.8018 60.3701 9
    endloop
  endfacet
  facet normal -0.442549 -0.896744 -0
    outer loop
      vertex 88.925 60.3093 9
      vertex 88.8018 60.3701 4
      vertex 88.925 60.3093 4
    endloop
  endfacet
  facet normal 0.658968 0.752171 -0
    outer loop
      vertex 87.7608 58.567 4
      vertex 87.6575 58.6575 9
      vertex 87.7608 58.567 9
    endloop
  endfacet
  facet normal 0.658968 0.752171 0
    outer loop
      vertex 87.6575 58.6575 9
      vertex 87.7608 58.567 4
      vertex 87.6575 58.6575 4
    endloop
  endfacet
  facet normal 0.658968 -0.752171 0
    outer loop
      vertex 87.6575 60.1425 4
      vertex 87.7608 60.233 9
      vertex 87.6575 60.1425 9
    endloop
  endfacet
  facet normal 0.658968 -0.752171 0
    outer loop
      vertex 87.7608 60.233 9
      vertex 87.6575 60.1425 4
      vertex 87.7608 60.233 4
    endloop
  endfacet
  facet normal 0.0655045 0.997852 -0
    outer loop
      vertex 88.4 58.35 4
      vertex 88.2629 58.359 9
      vertex 88.4 58.35 9
    endloop
  endfacet
  facet normal 0.0655045 0.997852 0
    outer loop
      vertex 88.2629 58.359 9
      vertex 88.4 58.35 4
      vertex 88.2629 58.359 4
    endloop
  endfacet
  facet normal 0.83149 -0.55554 0
    outer loop
      vertex 87.4907 59.925 9
      vertex 87.567 60.0392 4
      vertex 87.567 60.0392 9
    endloop
  endfacet
  facet normal 0.83149 -0.55554 0
    outer loop
      vertex 87.567 60.0392 4
      vertex 87.4907 59.925 9
      vertex 87.4907 59.925 4
    endloop
  endfacet
  facet normal 0.83149 0.55554 0
    outer loop
      vertex 87.567 58.7608 9
      vertex 87.4907 58.875 4
      vertex 87.4907 58.875 9
    endloop
  endfacet
  facet normal 0.83149 0.55554 0
    outer loop
      vertex 87.4907 58.875 4
      vertex 87.567 58.7608 9
      vertex 87.567 58.7608 4
    endloop
  endfacet
  facet normal -0.55554 0.83149 0
    outer loop
      vertex 89.0392 58.567 4
      vertex 88.925 58.4907 9
      vertex 89.0392 58.567 9
    endloop
  endfacet
  facet normal -0.55554 0.83149 0
    outer loop
      vertex 88.925 58.4907 9
      vertex 89.0392 58.567 4
      vertex 88.925 58.4907 4
    endloop
  endfacet
  facet normal -0.194997 0.980804 0
    outer loop
      vertex 88.6718 58.3858 4
      vertex 88.537 58.359 9
      vertex 88.6718 58.3858 9
    endloop
  endfacet
  facet normal -0.194997 0.980804 0
    outer loop
      vertex 88.537 58.359 9
      vertex 88.6718 58.3858 4
      vertex 88.537 58.359 4
    endloop
  endfacet
  facet normal 0.946995 0.32125 0
    outer loop
      vertex 87.4299 58.9982 9
      vertex 87.3858 59.1282 4
      vertex 87.3858 59.1282 9
    endloop
  endfacet
  facet normal 0.946995 0.32125 0
    outer loop
      vertex 87.3858 59.1282 4
      vertex 87.4299 58.9982 9
      vertex 87.4299 58.9982 4
    endloop
  endfacet
  facet normal -0.32125 -0.946995 0
    outer loop
      vertex 88.6718 60.4142 4
      vertex 88.8018 60.3701 9
      vertex 88.6718 60.4142 9
    endloop
  endfacet
  facet normal -0.32125 -0.946995 -0
    outer loop
      vertex 88.8018 60.3701 9
      vertex 88.6718 60.4142 4
      vertex 88.8018 60.3701 4
    endloop
  endfacet
  facet normal 0.442549 -0.896744 0
    outer loop
      vertex 87.875 60.3093 4
      vertex 87.9982 60.3701 9
      vertex 87.875 60.3093 9
    endloop
  endfacet
  facet normal 0.442549 -0.896744 0
    outer loop
      vertex 87.9982 60.3701 9
      vertex 87.875 60.3093 4
      vertex 87.9982 60.3701 4
    endloop
  endfacet
  facet normal -0.896744 0.442549 0
    outer loop
      vertex 89.3093 58.875 4
      vertex 89.3701 58.9982 9
      vertex 89.3701 58.9982 4
    endloop
  endfacet
  facet normal -0.896744 0.442549 0
    outer loop
      vertex 89.3701 58.9982 9
      vertex 89.3093 58.875 4
      vertex 89.3093 58.875 9
    endloop
  endfacet
  facet normal -0.658968 -0.752171 0
    outer loop
      vertex 89.0392 60.233 4
      vertex 89.1425 60.1425 9
      vertex 89.0392 60.233 9
    endloop
  endfacet
  facet normal -0.658968 -0.752171 -0
    outer loop
      vertex 89.1425 60.1425 9
      vertex 89.0392 60.233 4
      vertex 89.1425 60.1425 4
    endloop
  endfacet
  facet normal -0.32125 0.946995 0
    outer loop
      vertex 88.8018 58.4299 4
      vertex 88.6718 58.3858 9
      vertex 88.8018 58.4299 9
    endloop
  endfacet
  facet normal -0.32125 0.946995 0
    outer loop
      vertex 88.6718 58.3858 9
      vertex 88.8018 58.4299 4
      vertex 88.6718 58.3858 4
    endloop
  endfacet
  facet normal -0.946995 0.32125 0
    outer loop
      vertex 89.3701 58.9982 4
      vertex 89.4142 59.1282 9
      vertex 89.4142 59.1282 4
    endloop
  endfacet
  facet normal -0.946995 0.32125 0
    outer loop
      vertex 89.4142 59.1282 9
      vertex 89.3701 58.9982 4
      vertex 89.3701 58.9982 9
    endloop
  endfacet
  facet normal 0.195136 0.980776 -0
    outer loop
      vertex 88.2629 58.359 4
      vertex 88.1282 58.3858 9
      vertex 88.2629 58.359 9
    endloop
  endfacet
  facet normal 0.195136 0.980776 0
    outer loop
      vertex 88.1282 58.3858 9
      vertex 88.2629 58.359 4
      vertex 88.1282 58.3858 4
    endloop
  endfacet
  facet normal 0.55554 0.83149 -0
    outer loop
      vertex 87.875 58.4907 4
      vertex 87.7608 58.567 9
      vertex 87.875 58.4907 9
    endloop
  endfacet
  facet normal 0.55554 0.83149 0
    outer loop
      vertex 87.7608 58.567 9
      vertex 87.875 58.4907 4
      vertex 87.7608 58.567 4
    endloop
  endfacet
  facet normal 0.195136 -0.980776 0
    outer loop
      vertex 88.1282 60.4142 4
      vertex 88.2629 60.441 9
      vertex 88.1282 60.4142 9
    endloop
  endfacet
  facet normal 0.195136 -0.980776 0
    outer loop
      vertex 88.2629 60.441 9
      vertex 88.1282 60.4142 4
      vertex 88.2629 60.441 4
    endloop
  endfacet
  facet normal -0.896744 -0.442549 0
    outer loop
      vertex 89.3701 59.8018 4
      vertex 89.3093 59.925 9
      vertex 89.3093 59.925 4
    endloop
  endfacet
  facet normal -0.896744 -0.442549 0
    outer loop
      vertex 89.3093 59.925 9
      vertex 89.3701 59.8018 4
      vertex 89.3701 59.8018 9
    endloop
  endfacet
  facet normal 0.946995 -0.32125 0
    outer loop
      vertex 87.3858 59.6718 9
      vertex 87.4299 59.8018 4
      vertex 87.4299 59.8018 9
    endloop
  endfacet
  facet normal 0.946995 -0.32125 0
    outer loop
      vertex 87.4299 59.8018 4
      vertex 87.3858 59.6718 9
      vertex 87.3858 59.6718 4
    endloop
  endfacet
  facet normal 0.980776 -0.195136 0
    outer loop
      vertex 87.359 59.5371 9
      vertex 87.3858 59.6718 4
      vertex 87.3858 59.6718 9
    endloop
  endfacet
  facet normal 0.980776 -0.195136 0
    outer loop
      vertex 87.3858 59.6718 4
      vertex 87.359 59.5371 9
      vertex 87.359 59.5371 4
    endloop
  endfacet
  facet normal -0.55554 -0.83149 0
    outer loop
      vertex 88.925 60.3093 4
      vertex 89.0392 60.233 9
      vertex 88.925 60.3093 9
    endloop
  endfacet
  facet normal -0.55554 -0.83149 -0
    outer loop
      vertex 89.0392 60.233 9
      vertex 88.925 60.3093 4
      vertex 89.0392 60.233 4
    endloop
  endfacet
  facet normal 0.997852 0.0655045 0
    outer loop
      vertex 87.359 59.2629 9
      vertex 87.35 59.4 4
      vertex 87.35 59.4 9
    endloop
  endfacet
  facet normal 0.997852 0.0655045 0
    outer loop
      vertex 87.35 59.4 4
      vertex 87.359 59.2629 9
      vertex 87.359 59.2629 4
    endloop
  endfacet
  facet normal -0.752171 0.658968 0
    outer loop
      vertex 89.1425 58.6575 4
      vertex 89.233 58.7608 9
      vertex 89.233 58.7608 4
    endloop
  endfacet
  facet normal -0.752171 0.658968 0
    outer loop
      vertex 89.233 58.7608 9
      vertex 89.1425 58.6575 4
      vertex 89.1425 58.6575 9
    endloop
  endfacet
  facet normal 0 0 1
    outer loop
      vertex 89.441 59.5371 4
      vertex 89.441 59.2629 4
      vertex 89.45 59.4 4
    endloop
  endfacet
  facet normal 0 0 1
    outer loop
      vertex 89.4142 59.6718 4
      vertex 89.441 59.2629 4
      vertex 89.441 59.5371 4
    endloop
  endfacet
  facet normal 0 0 1
    outer loop
      vertex 89.4142 59.6718 4
      vertex 89.4142 59.1282 4
      vertex 89.441 59.2629 4
    endloop
  endfacet
  facet normal 0 0 1
    outer loop
      vertex 89.3701 59.8018 4
      vertex 89.4142 59.1282 4
      vertex 89.4142 59.6718 4
    endloop
  endfacet
  facet normal 0 0 1
    outer loop
      vertex 89.3701 59.8018 4
      vertex 89.3701 58.9982 4
      vertex 89.4142 59.1282 4
    endloop
  endfacet
  facet normal 0 0 1
    outer loop
      vertex 89.3093 59.925 4
      vertex 89.3701 58.9982 4
      vertex 89.3701 59.8018 4
    endloop
  endfacet
  facet normal 0 0 1
    outer loop
      vertex 89.3093 59.925 4
      vertex 89.3093 58.875 4
      vertex 89.3701 58.9982 4
    endloop
  endfacet
  facet normal 0 0 1
    outer loop
      vertex 89.233 60.0392 4
      vertex 89.3093 58.875 4
      vertex 89.3093 59.925 4
    endloop
  endfacet
  facet normal 0 0 1
    outer loop
      vertex 89.233 60.0392 4
      vertex 89.233 58.7608 4
      vertex 89.3093 58.875 4
    endloop
  endfacet
  facet normal 0 0 1
    outer loop
      vertex 89.1425 60.1425 4
      vertex 89.233 58.7608 4
      vertex 89.233 60.0392 4
    endloop
  endfacet
  facet normal 0 0 1
    outer loop
      vertex 89.1425 60.1425 4
      vertex 89.1425 58.6575 4
      vertex 89.233 58.7608 4
    endloop
  endfacet
  facet normal 0 0 1
    outer loop
      vertex 89.0392 60.233 4
      vertex 89.1425 58.6575 4
      vertex 89.1425 60.1425 4
    endloop
  endfacet
  facet normal 0 0 1
    outer loop
      vertex 89.0392 60.233 4
      vertex 89.0392 58.567 4
      vertex 89.1425 58.6575 4
    endloop
  endfacet
  facet normal 0 0 1
    outer loop
      vertex 88.925 60.3093 4
      vertex 89.0392 58.567 4
      vertex 89.0392 60.233 4
    endloop
  endfacet
  facet normal 0 0 1
    outer loop
      vertex 88.925 60.3093 4
      vertex 88.925 58.4907 4
      vertex 89.0392 58.567 4
    endloop
  endfacet
  facet normal 0 0 1
    outer loop
      vertex 88.8018 60.3701 4
      vertex 88.925 58.4907 4
      vertex 88.925 60.3093 4
    endloop
  endfacet
  facet normal 0 0 1
    outer loop
      vertex 88.8018 60.3701 4
      vertex 88.8018 58.4299 4
      vertex 88.925 58.4907 4
    endloop
  endfacet
  facet normal 0 0 1
    outer loop
      vertex 88.6718 60.4142 4
      vertex 88.8018 58.4299 4
      vertex 88.8018 60.3701 4
    endloop
  endfacet
  facet normal 0 0 1
    outer loop
      vertex 88.6718 60.4142 4
      vertex 88.6718 58.3858 4
      vertex 88.8018 58.4299 4
    endloop
  endfacet
  facet normal 0 0 1
    outer loop
      vertex 88.537 60.441 4
      vertex 88.6718 58.3858 4
      vertex 88.6718 60.4142 4
    endloop
  endfacet
  facet normal 0 0 1
    outer loop
      vertex 88.537 60.441 4
      vertex 88.537 58.359 4
      vertex 88.6718 58.3858 4
    endloop
  endfacet
  facet normal 0 0 1
    outer loop
      vertex 88.4 60.45 4
      vertex 88.537 58.359 4
      vertex 88.537 60.441 4
    endloop
  endfacet
  facet normal 0 0 1
    outer loop
      vertex 88.4 60.45 4
      vertex 88.4 58.35 4
      vertex 88.537 58.359 4
    endloop
  endfacet
  facet normal -0 0 1
    outer loop
      vertex 88.2629 60.441 4
      vertex 88.4 58.35 4
      vertex 88.4 60.45 4
    endloop
  endfacet
  facet normal 0 0 1
    outer loop
      vertex 88.2629 60.441 4
      vertex 88.2629 58.359 4
      vertex 88.4 58.35 4
    endloop
  endfacet
  facet normal -0 0 1
    outer loop
      vertex 88.1282 60.4142 4
      vertex 88.2629 58.359 4
      vertex 88.2629 60.441 4
    endloop
  endfacet
  facet normal 0 0 1
    outer loop
      vertex 88.1282 60.4142 4
      vertex 88.1282 58.3858 4
      vertex 88.2629 58.359 4
    endloop
  endfacet
  facet normal -0 0 1
    outer loop
      vertex 87.9982 60.3701 4
      vertex 88.1282 58.3858 4
      vertex 88.1282 60.4142 4
    endloop
  endfacet
  facet normal 0 0 1
    outer loop
      vertex 87.9982 60.3701 4
      vertex 87.9982 58.4299 4
      vertex 88.1282 58.3858 4
    endloop
  endfacet
  facet normal -0 0 1
    outer loop
      vertex 87.875 60.3093 4
      vertex 87.9982 58.4299 4
      vertex 87.9982 60.3701 4
    endloop
  endfacet
  facet normal 0 0 1
    outer loop
      vertex 87.875 60.3093 4
      vertex 87.875 58.4907 4
      vertex 87.9982 58.4299 4
    endloop
  endfacet
  facet normal -0 0 1
    outer loop
      vertex 87.7608 60.233 4
      vertex 87.875 58.4907 4
      vertex 87.875 60.3093 4
    endloop
  endfacet
  facet normal 0 0 1
    outer loop
      vertex 87.7608 60.233 4
      vertex 87.7608 58.567 4
      vertex 87.875 58.4907 4
    endloop
  endfacet
  facet normal -0 0 1
    outer loop
      vertex 87.6575 60.1425 4
      vertex 87.7608 58.567 4
      vertex 87.7608 60.233 4
    endloop
  endfacet
  facet normal 0 0 1
    outer loop
      vertex 87.6575 60.1425 4
      vertex 87.6575 58.6575 4
      vertex 87.7608 58.567 4
    endloop
  endfacet
  facet normal -0 0 1
    outer loop
      vertex 87.567 60.0392 4
      vertex 87.6575 58.6575 4
      vertex 87.6575 60.1425 4
    endloop
  endfacet
  facet normal 0 0 1
    outer loop
      vertex 87.567 60.0392 4
      vertex 87.567 58.7608 4
      vertex 87.6575 58.6575 4
    endloop
  endfacet
  facet normal -0 0 1
    outer loop
      vertex 87.4907 59.925 4
      vertex 87.567 58.7608 4
      vertex 87.567 60.0392 4
    endloop
  endfacet
  facet normal 0 0 1
    outer loop
      vertex 87.4907 59.925 4
      vertex 87.4907 58.875 4
      vertex 87.567 58.7608 4
    endloop
  endfacet
  facet normal -0 0 1
    outer loop
      vertex 87.4299 59.8018 4
      vertex 87.4907 58.875 4
      vertex 87.4907 59.925 4
    endloop
  endfacet
  facet normal 0 0 1
    outer loop
      vertex 87.4299 59.8018 4
      vertex 87.4299 58.9982 4
      vertex 87.4907 58.875 4
    endloop
  endfacet
  facet normal -0 0 1
    outer loop
      vertex 87.3858 59.6718 4
      vertex 87.4299 58.9982 4
      vertex 87.4299 59.8018 4
    endloop
  endfacet
  facet normal 0 0 1
    outer loop
      vertex 87.3858 59.6718 4
      vertex 87.3858 59.1282 4
      vertex 87.4299 58.9982 4
    endloop
  endfacet
  facet normal -0 0 1
    outer loop
      vertex 87.359 59.5371 4
      vertex 87.3858 59.1282 4
      vertex 87.3858 59.6718 4
    endloop
  endfacet
  facet normal 0 0 1
    outer loop
      vertex 87.359 59.5371 4
      vertex 87.359 59.2629 4
      vertex 87.3858 59.1282 4
    endloop
  endfacet
  facet normal 0 -0 1
    outer loop
      vertex 87.359 59.2629 4
      vertex 87.359 59.5371 4
      vertex 87.35 59.4 4
    endloop
  endfacet
  facet normal -0.752171 -0.658968 0
    outer loop
      vertex 89.233 60.0392 4
      vertex 89.1425 60.1425 9
      vertex 89.1425 60.1425 4
    endloop
  endfacet
  facet normal -0.752171 -0.658968 0
    outer loop
      vertex 89.1425 60.1425 9
      vertex 89.233 60.0392 4
      vertex 89.233 60.0392 9
    endloop
  endfacet
  facet normal -0.946995 -0.32125 0
    outer loop
      vertex 89.4142 59.6718 4
      vertex 89.3701 59.8018 9
      vertex 89.3701 59.8018 4
    endloop
  endfacet
  facet normal -0.946995 -0.32125 0
    outer loop
      vertex 89.3701 59.8018 9
      vertex 89.4142 59.6718 4
      vertex 89.4142 59.6718 9
    endloop
  endfacet
  facet normal 0.896744 -0.442549 0
    outer loop
      vertex 87.4299 59.8018 9
      vertex 87.4907 59.925 4
      vertex 87.4907 59.925 9
    endloop
  endfacet
  facet normal 0.896744 -0.442549 0
    outer loop
      vertex 87.4907 59.925 4
      vertex 87.4299 59.8018 9
      vertex 87.4299 59.8018 4
    endloop
  endfacet
  facet normal 0.32125 -0.946995 0
    outer loop
      vertex 87.9982 60.3701 4
      vertex 88.1282 60.4142 9
      vertex 87.9982 60.3701 9
    endloop
  endfacet
  facet normal 0.32125 -0.946995 0
    outer loop
      vertex 88.1282 60.4142 9
      vertex 87.9982 60.3701 4
      vertex 88.1282 60.4142 4
    endloop
  endfacet
  facet normal -0.83149 0.55554 0
    outer loop
      vertex 89.233 58.7608 4
      vertex 89.3093 58.875 9
      vertex 89.3093 58.875 4
    endloop
  endfacet
  facet normal -0.83149 0.55554 0
    outer loop
      vertex 89.3093 58.875 9
      vertex 89.233 58.7608 4
      vertex 89.233 58.7608 9
    endloop
  endfacet
  facet normal -0.658968 0.752171 0
    outer loop
      vertex 89.1425 58.6575 4
      vertex 89.0392 58.567 9
      vertex 89.1425 58.6575 9
    endloop
  endfacet
  facet normal -0.658968 0.752171 0
    outer loop
      vertex 89.0392 58.567 9
      vertex 89.1425 58.6575 4
      vertex 89.0392 58.567 4
    endloop
  endfacet
  facet normal -0.0655521 -0.997849 0
    outer loop
      vertex 88.4 60.45 4
      vertex 88.537 60.441 9
      vertex 88.4 60.45 9
    endloop
  endfacet
  facet normal -0.0655521 -0.997849 -0
    outer loop
      vertex 88.537 60.441 9
      vertex 88.4 60.45 4
      vertex 88.537 60.441 4
    endloop
  endfacet
  facet normal 0.55554 -0.83149 0
    outer loop
      vertex 87.7608 60.233 4
      vertex 87.875 60.3093 9
      vertex 87.7608 60.233 9
    endloop
  endfacet
  facet normal 0.55554 -0.83149 0
    outer loop
      vertex 87.875 60.3093 9
      vertex 87.7608 60.233 4
      vertex 87.875 60.3093 4
    endloop
  endfacet
  facet normal -0.194997 -0.980804 0
    outer loop
      vertex 88.537 60.441 4
      vertex 88.6718 60.4142 9
      vertex 88.537 60.441 9
    endloop
  endfacet
  facet normal -0.194997 -0.980804 -0
    outer loop
      vertex 88.6718 60.4142 9
      vertex 88.537 60.441 4
      vertex 88.6718 60.4142 4
    endloop
  endfacet
  facet normal -0.0655521 0.997849 0
    outer loop
      vertex 88.537 58.359 4
      vertex 88.4 58.35 9
      vertex 88.537 58.359 9
    endloop
  endfacet
  facet normal -0.0655521 0.997849 0
    outer loop
      vertex 88.4 58.35 9
      vertex 88.537 58.359 4
      vertex 88.4 58.35 4
    endloop
  endfacet
  facet normal 0.32125 0.946995 -0
    outer loop
      vertex 88.1282 58.3858 4
      vertex 87.9982 58.4299 9
      vertex 88.1282 58.3858 9
    endloop
  endfacet
  facet normal 0.32125 0.946995 0
    outer loop
      vertex 87.9982 58.4299 9
      vertex 88.1282 58.3858 4
      vertex 87.9982 58.4299 4
    endloop
  endfacet
  facet normal -0.195135 0.980776 0
    outer loop
      vertex -5.96474 28.5363 0
      vertex -6.47791 28.4342 4
      vertex -5.96474 28.5363 4
    endloop
  endfacet
  facet normal -0.195135 0.980776 0
    outer loop
      vertex -6.47791 28.4342 4
      vertex -5.96474 28.5363 0
      vertex -6.47791 28.4342 0
    endloop
  endfacet
  facet normal -0.321458 0.946924 0
    outer loop
      vertex -5.46927 28.7045 0
      vertex -5.96474 28.5363 4
      vertex -5.46927 28.7045 4
    endloop
  endfacet
  facet normal -0.321458 0.946924 0
    outer loop
      vertex -5.96474 28.5363 4
      vertex -5.46927 28.7045 0
      vertex -5.96474 28.5363 0
    endloop
  endfacet
  facet normal -0.44226 0.896887 0
    outer loop
      vertex -5 28.9359 0
      vertex -5.46927 28.7045 4
      vertex -5 28.9359 4
    endloop
  endfacet
  facet normal -0.44226 0.896887 0
    outer loop
      vertex -5.46927 28.7045 4
      vertex -5 28.9359 0
      vertex -5.46927 28.7045 0
    endloop
  endfacet
  facet normal -0.555591 0.831456 0
    outer loop
      vertex -4.56496 29.2266 0
      vertex -5 28.9359 4
      vertex -4.56496 29.2266 4
    endloop
  endfacet
  facet normal -0.555591 0.831456 0
    outer loop
      vertex -5 28.9359 4
      vertex -4.56496 29.2266 0
      vertex -5 28.9359 0
    endloop
  endfacet
  facet normal -0.659371 0.751817 0
    outer loop
      vertex -4.17159 29.5716 0
      vertex -4.56496 29.2266 4
      vertex -4.17159 29.5716 4
    endloop
  endfacet
  facet normal -0.659371 0.751817 0
    outer loop
      vertex -4.56496 29.2266 4
      vertex -4.17159 29.5716 0
      vertex -4.56496 29.2266 0
    endloop
  endfacet
  facet normal -0.751852 0.659332 0
    outer loop
      vertex -4.17159 29.5716 0
      vertex -3.8266 29.965 4
      vertex -3.8266 29.965 0
    endloop
  endfacet
  facet normal -0.751852 0.659332 0
    outer loop
      vertex -3.8266 29.965 4
      vertex -4.17159 29.5716 0
      vertex -4.17159 29.5716 4
    endloop
  endfacet
  facet normal -0.831432 0.555626 0
    outer loop
      vertex -3.8266 29.965 0
      vertex -3.5359 30.4 4
      vertex -3.5359 30.4 0
    endloop
  endfacet
  facet normal -0.831432 0.555626 0
    outer loop
      vertex -3.5359 30.4 4
      vertex -3.8266 29.965 0
      vertex -3.8266 29.965 4
    endloop
  endfacet
  facet normal -0.89689 0.442253 0
    outer loop
      vertex -3.5359 30.4 0
      vertex -3.30449 30.8693 4
      vertex -3.30449 30.8693 0
    endloop
  endfacet
  facet normal -0.89689 0.442253 0
    outer loop
      vertex -3.30449 30.8693 4
      vertex -3.5359 30.4 0
      vertex -3.5359 30.4 4
    endloop
  endfacet
  facet normal -0.946922 0.321464 0
    outer loop
      vertex -3.30449 30.8693 0
      vertex -3.13631 31.3647 4
      vertex -3.13631 31.3647 0
    endloop
  endfacet
  facet normal -0.946922 0.321464 0
    outer loop
      vertex -3.13631 31.3647 4
      vertex -3.30449 30.8693 0
      vertex -3.30449 30.8693 4
    endloop
  endfacet
  facet normal -0.980786 0.195087 0
    outer loop
      vertex -3.13631 31.3647 0
      vertex -3.03423 31.8779 4
      vertex -3.03423 31.8779 0
    endloop
  endfacet
  facet normal -0.980786 0.195087 0
    outer loop
      vertex -3.03423 31.8779 4
      vertex -3.13631 31.3647 0
      vertex -3.13631 31.3647 4
    endloop
  endfacet
  facet normal -0.997858 0.0654217 0
    outer loop
      vertex -3.03423 31.8779 0
      vertex -3 32.4 4
      vertex -3 32.4 0
    endloop
  endfacet
  facet normal -0.997858 0.0654217 0
    outer loop
      vertex -3 32.4 4
      vertex -3.03423 31.8779 0
      vertex -3.03423 31.8779 4
    endloop
  endfacet
  facet normal -0.997858 -0.0654217 0
    outer loop
      vertex -3 32.4 0
      vertex -3.03423 32.9221 4
      vertex -3.03423 32.9221 0
    endloop
  endfacet
  facet normal -0.997858 -0.0654217 0
    outer loop
      vertex -3.03423 32.9221 4
      vertex -3 32.4 0
      vertex -3 32.4 4
    endloop
  endfacet
  facet normal -0.980786 -0.195087 0
    outer loop
      vertex -3.03423 32.9221 0
      vertex -3.13631 33.4353 4
      vertex -3.13631 33.4353 0
    endloop
  endfacet
  facet normal -0.980786 -0.195087 0
    outer loop
      vertex -3.13631 33.4353 4
      vertex -3.03423 32.9221 0
      vertex -3.03423 32.9221 4
    endloop
  endfacet
  facet normal -0.946922 -0.321464 0
    outer loop
      vertex -3.13631 33.4353 0
      vertex -3.30449 33.9307 4
      vertex -3.30449 33.9307 0
    endloop
  endfacet
  facet normal -0.946922 -0.321464 0
    outer loop
      vertex -3.30449 33.9307 4
      vertex -3.13631 33.4353 0
      vertex -3.13631 33.4353 4
    endloop
  endfacet
  facet normal -0.89689 -0.442253 0
    outer loop
      vertex -3.30449 33.9307 0
      vertex -3.5359 34.4 4
      vertex -3.5359 34.4 0
    endloop
  endfacet
  facet normal -0.89689 -0.442253 0
    outer loop
      vertex -3.5359 34.4 4
      vertex -3.30449 33.9307 0
      vertex -3.30449 33.9307 4
    endloop
  endfacet
  facet normal -0.831432 -0.555626 0
    outer loop
      vertex -3.5359 34.4 0
      vertex -3.8266 34.835 4
      vertex -3.8266 34.835 0
    endloop
  endfacet
  facet normal -0.831432 -0.555626 0
    outer loop
      vertex -3.8266 34.835 4
      vertex -3.5359 34.4 0
      vertex -3.5359 34.4 4
    endloop
  endfacet
  facet normal -0.751852 -0.659332 0
    outer loop
      vertex -3.8266 34.835 0
      vertex -4.17159 35.2284 4
      vertex -4.17159 35.2284 0
    endloop
  endfacet
  facet normal -0.751852 -0.659332 0
    outer loop
      vertex -4.17159 35.2284 4
      vertex -3.8266 34.835 0
      vertex -3.8266 34.835 4
    endloop
  endfacet
  facet normal -0.659371 -0.751817 0
    outer loop
      vertex -4.56496 35.5734 0
      vertex -4.17159 35.2284 4
      vertex -4.56496 35.5734 4
    endloop
  endfacet
  facet normal -0.659371 -0.751817 -0
    outer loop
      vertex -4.17159 35.2284 4
      vertex -4.56496 35.5734 0
      vertex -4.17159 35.2284 0
    endloop
  endfacet
  facet normal -0.555591 -0.831456 0
    outer loop
      vertex -5 35.8641 0
      vertex -4.56496 35.5734 4
      vertex -5 35.8641 4
    endloop
  endfacet
  facet normal -0.555591 -0.831456 -0
    outer loop
      vertex -4.56496 35.5734 4
      vertex -5 35.8641 0
      vertex -4.56496 35.5734 0
    endloop
  endfacet
  facet normal -1 0 0
    outer loop
      vertex -5 35.8641 0
      vertex -5 38.4 4
      vertex -5 38.4 0
    endloop
  endfacet
  facet normal -1 -0 0
    outer loop
      vertex -5 38.4 4
      vertex -5 35.8641 0
      vertex -5 35.8641 4
    endloop
  endfacet
  facet normal -0.997856 -0.0654532 0
    outer loop
      vertex -5 38.4 0
      vertex -5.01712 38.661 4
      vertex -5.01712 38.661 0
    endloop
  endfacet
  facet normal -0.997856 -0.0654532 0
    outer loop
      vertex -5.01712 38.661 4
      vertex -5 38.4 0
      vertex -5 38.4 4
    endloop
  endfacet
  facet normal -0.980786 -0.195087 0
    outer loop
      vertex -5.01712 38.661 0
      vertex -5.06816 38.9176 4
      vertex -5.06816 38.9176 0
    endloop
  endfacet
  facet normal -0.980786 -0.195087 0
    outer loop
      vertex -5.06816 38.9176 4
      vertex -5.01712 38.661 0
      vertex -5.01712 38.661 4
    endloop
  endfacet
  facet normal -0.946961 -0.321348 0
    outer loop
      vertex -5.06816 38.9176 0
      vertex -5.15225 39.1654 4
      vertex -5.15225 39.1654 0
    endloop
  endfacet
  facet normal -0.946961 -0.321348 0
    outer loop
      vertex -5.15225 39.1654 4
      vertex -5.06816 38.9176 0
      vertex -5.06816 38.9176 4
    endloop
  endfacet
  facet normal -0.896845 -0.442344 0
    outer loop
      vertex -5.15225 39.1654 0
      vertex -5.26796 39.4 4
      vertex -5.26796 39.4 0
    endloop
  endfacet
  facet normal -0.896845 -0.442344 0
    outer loop
      vertex -5.26796 39.4 4
      vertex -5.15225 39.1654 0
      vertex -5.15225 39.1654 4
    endloop
  endfacet
  facet normal -0.83145 -0.5556 0
    outer loop
      vertex -5.26796 39.4 0
      vertex -5.4133 39.6175 4
      vertex -5.4133 39.6175 0
    endloop
  endfacet
  facet normal -0.83145 -0.5556 0
    outer loop
      vertex -5.4133 39.6175 4
      vertex -5.26796 39.4 0
      vertex -5.26796 39.4 4
    endloop
  endfacet
  facet normal -0.751842 -0.659343 0
    outer loop
      vertex -5.4133 39.6175 0
      vertex -5.5858 39.8142 4
      vertex -5.5858 39.8142 0
    endloop
  endfacet
  facet normal -0.751842 -0.659343 0
    outer loop
      vertex -5.5858 39.8142 4
      vertex -5.4133 39.6175 0
      vertex -5.4133 39.6175 4
    endloop
  endfacet
  facet normal -0.659362 -0.751826 0
    outer loop
      vertex -5.78249 39.9867 0
      vertex -5.5858 39.8142 4
      vertex -5.78249 39.9867 4
    endloop
  endfacet
  facet normal -0.659362 -0.751826 -0
    outer loop
      vertex -5.5858 39.8142 4
      vertex -5.78249 39.9867 0
      vertex -5.5858 39.8142 0
    endloop
  endfacet
  facet normal -0.555476 -0.831532 0
    outer loop
      vertex -6 40.132 0
      vertex -5.78249 39.9867 4
      vertex -6 40.132 4
    endloop
  endfacet
  facet normal -0.555476 -0.831532 -0
    outer loop
      vertex -5.78249 39.9867 4
      vertex -6 40.132 0
      vertex -5.78249 39.9867 0
    endloop
  endfacet
  facet normal -0.442268 -0.896883 0
    outer loop
      vertex -6.23463 40.2477 0
      vertex -6 40.132 4
      vertex -6.23463 40.2477 4
    endloop
  endfacet
  facet normal -0.442268 -0.896883 -0
    outer loop
      vertex -6 40.132 4
      vertex -6.23463 40.2477 0
      vertex -6 40.132 0
    endloop
  endfacet
  facet normal -0.32144 -0.94693 0
    outer loop
      vertex -6.48238 40.3318 0
      vertex -6.23463 40.2477 4
      vertex -6.48238 40.3318 4
    endloop
  endfacet
  facet normal -0.32144 -0.94693 -0
    outer loop
      vertex -6.23463 40.2477 4
      vertex -6.48238 40.3318 0
      vertex -6.23463 40.2477 0
    endloop
  endfacet
  facet normal -0.19533 -0.980738 0
    outer loop
      vertex -6.73895 40.3829 0
      vertex -6.48238 40.3318 4
      vertex -6.73895 40.3829 4
    endloop
  endfacet
  facet normal -0.19533 -0.980738 -0
    outer loop
      vertex -6.48238 40.3318 4
      vertex -6.73895 40.3829 0
      vertex -6.48238 40.3318 0
    endloop
  endfacet
  facet normal -0.0653646 -0.997861 0
    outer loop
      vertex -7 40.4 0
      vertex -6.73895 40.3829 4
      vertex -7 40.4 4
    endloop
  endfacet
  facet normal -0.0653646 -0.997861 -0
    outer loop
      vertex -6.73895 40.3829 4
      vertex -7 40.4 0
      vertex -6.73895 40.3829 0
    endloop
  endfacet
  facet normal 0.0653646 -0.997861 0
    outer loop
      vertex -7.26105 40.3829 0
      vertex -7 40.4 4
      vertex -7.26105 40.3829 4
    endloop
  endfacet
  facet normal 0.0653646 -0.997861 0
    outer loop
      vertex -7 40.4 4
      vertex -7.26105 40.3829 0
      vertex -7 40.4 0
    endloop
  endfacet
  facet normal 0.19533 -0.980738 0
    outer loop
      vertex -7.51762 40.3318 0
      vertex -7.26105 40.3829 4
      vertex -7.51762 40.3318 4
    endloop
  endfacet
  facet normal 0.19533 -0.980738 0
    outer loop
      vertex -7.26105 40.3829 4
      vertex -7.51762 40.3318 0
      vertex -7.26105 40.3829 0
    endloop
  endfacet
  facet normal 0.32144 -0.94693 0
    outer loop
      vertex -7.76537 40.2477 0
      vertex -7.51762 40.3318 4
      vertex -7.76537 40.2477 4
    endloop
  endfacet
  facet normal 0.32144 -0.94693 0
    outer loop
      vertex -7.51762 40.3318 4
      vertex -7.76537 40.2477 0
      vertex -7.51762 40.3318 0
    endloop
  endfacet
  facet normal 0.442268 -0.896883 0
    outer loop
      vertex -8 40.132 0
      vertex -7.76537 40.2477 4
      vertex -8 40.132 4
    endloop
  endfacet
  facet normal 0.442268 -0.896883 0
    outer loop
      vertex -7.76537 40.2477 4
      vertex -8 40.132 0
      vertex -7.76537 40.2477 0
    endloop
  endfacet
  facet normal 0.555476 -0.831532 0
    outer loop
      vertex -8.21751 39.9867 0
      vertex -8 40.132 4
      vertex -8.21751 39.9867 4
    endloop
  endfacet
  facet normal 0.555476 -0.831532 0
    outer loop
      vertex -8 40.132 4
      vertex -8.21751 39.9867 0
      vertex -8 40.132 0
    endloop
  endfacet
  facet normal 0.659362 -0.751826 0
    outer loop
      vertex -8.4142 39.8142 0
      vertex -8.21751 39.9867 4
      vertex -8.4142 39.8142 4
    endloop
  endfacet
  facet normal 0.659362 -0.751826 0
    outer loop
      vertex -8.21751 39.9867 4
      vertex -8.4142 39.8142 0
      vertex -8.21751 39.9867 0
    endloop
  endfacet
  facet normal 0.751842 -0.659343 0
    outer loop
      vertex -8.5867 39.6175 4
      vertex -8.4142 39.8142 0
      vertex -8.4142 39.8142 4
    endloop
  endfacet
  facet normal 0.751842 -0.659343 0
    outer loop
      vertex -8.4142 39.8142 0
      vertex -8.5867 39.6175 4
      vertex -8.5867 39.6175 0
    endloop
  endfacet
  facet normal 0.83145 -0.5556 0
    outer loop
      vertex -8.73204 39.4 4
      vertex -8.5867 39.6175 0
      vertex -8.5867 39.6175 4
    endloop
  endfacet
  facet normal 0.83145 -0.5556 0
    outer loop
      vertex -8.5867 39.6175 0
      vertex -8.73204 39.4 4
      vertex -8.73204 39.4 0
    endloop
  endfacet
  facet normal 0.896845 -0.442344 0
    outer loop
      vertex -8.84775 39.1654 4
      vertex -8.73204 39.4 0
      vertex -8.73204 39.4 4
    endloop
  endfacet
  facet normal 0.896845 -0.442344 0
    outer loop
      vertex -8.73204 39.4 0
      vertex -8.84775 39.1654 4
      vertex -8.84775 39.1654 0
    endloop
  endfacet
  facet normal 0.946961 -0.321348 0
    outer loop
      vertex -8.93184 38.9176 4
      vertex -8.84775 39.1654 0
      vertex -8.84775 39.1654 4
    endloop
  endfacet
  facet normal 0.946961 -0.321348 0
    outer loop
      vertex -8.84775 39.1654 0
      vertex -8.93184 38.9176 4
      vertex -8.93184 38.9176 0
    endloop
  endfacet
  facet normal 0.980786 -0.195087 0
    outer loop
      vertex -8.98288 38.661 4
      vertex -8.93184 38.9176 0
      vertex -8.93184 38.9176 4
    endloop
  endfacet
  facet normal 0.980786 -0.195087 0
    outer loop
      vertex -8.93184 38.9176 0
      vertex -8.98288 38.661 4
      vertex -8.98288 38.661 0
    endloop
  endfacet
  facet normal 0.997856 -0.0654532 0
    outer loop
      vertex -9 38.4 4
      vertex -8.98288 38.661 0
      vertex -8.98288 38.661 4
    endloop
  endfacet
  facet normal 0.997856 -0.0654532 0
    outer loop
      vertex -8.98288 38.661 0
      vertex -9 38.4 4
      vertex -9 38.4 0
    endloop
  endfacet
  facet normal 1 -0 0
    outer loop
      vertex -9 35.8641 4
      vertex -9 38.4 0
      vertex -9 38.4 4
    endloop
  endfacet
  facet normal 1 0 0
    outer loop
      vertex -9 38.4 0
      vertex -9 35.8641 4
      vertex -9 35.8641 0
    endloop
  endfacet
  facet normal 0.555591 -0.831456 0
    outer loop
      vertex -9.43504 35.5734 0
      vertex -9 35.8641 4
      vertex -9.43504 35.5734 4
    endloop
  endfacet
  facet normal 0.555591 -0.831456 0
    outer loop
      vertex -9 35.8641 4
      vertex -9.43504 35.5734 0
      vertex -9 35.8641 0
    endloop
  endfacet
  facet normal 0.659371 -0.751817 0
    outer loop
      vertex -9.82841 35.2284 0
      vertex -9.43504 35.5734 4
      vertex -9.82841 35.2284 4
    endloop
  endfacet
  facet normal 0.659371 -0.751817 0
    outer loop
      vertex -9.43504 35.5734 4
      vertex -9.82841 35.2284 0
      vertex -9.43504 35.5734 0
    endloop
  endfacet
  facet normal 0.751852 -0.659332 0
    outer loop
      vertex -10.1734 34.835 4
      vertex -9.82841 35.2284 0
      vertex -9.82841 35.2284 4
    endloop
  endfacet
  facet normal 0.751852 -0.659332 0
    outer loop
      vertex -9.82841 35.2284 0
      vertex -10.1734 34.835 4
      vertex -10.1734 34.835 0
    endloop
  endfacet
  facet normal 0.831432 -0.555626 0
    outer loop
      vertex -10.4641 34.4 4
      vertex -10.1734 34.835 0
      vertex -10.1734 34.835 4
    endloop
  endfacet
  facet normal 0.831432 -0.555626 0
    outer loop
      vertex -10.1734 34.835 0
      vertex -10.4641 34.4 4
      vertex -10.4641 34.4 0
    endloop
  endfacet
  facet normal 0.896898 -0.442238 0
    outer loop
      vertex -10.6955 33.9307 4
      vertex -10.4641 34.4 0
      vertex -10.4641 34.4 4
    endloop
  endfacet
  facet normal 0.896898 -0.442238 0
    outer loop
      vertex -10.4641 34.4 0
      vertex -10.6955 33.9307 4
      vertex -10.6955 33.9307 0
    endloop
  endfacet
  facet normal 0.94691 -0.321498 0
    outer loop
      vertex -10.8637 33.4353 4
      vertex -10.6955 33.9307 0
      vertex -10.6955 33.9307 4
    endloop
  endfacet
  facet normal 0.94691 -0.321498 0
    outer loop
      vertex -10.6955 33.9307 0
      vertex -10.8637 33.4353 4
      vertex -10.8637 33.4353 0
    endloop
  endfacet
  facet normal 0.980779 -0.195124 0
    outer loop
      vertex -10.9658 32.9221 4
      vertex -10.8637 33.4353 0
      vertex -10.8637 33.4353 4
    endloop
  endfacet
  facet normal 0.980779 -0.195124 0
    outer loop
      vertex -10.8637 33.4353 0
      vertex -10.9658 32.9221 4
      vertex -10.9658 32.9221 0
    endloop
  endfacet
  facet normal 0.997861 -0.0653646 0
    outer loop
      vertex -11 32.4 4
      vertex -10.9658 32.9221 0
      vertex -10.9658 32.9221 4
    endloop
  endfacet
  facet normal 0.997861 -0.0653646 0
    outer loop
      vertex -10.9658 32.9221 0
      vertex -11 32.4 4
      vertex -11 32.4 0
    endloop
  endfacet
  facet normal 0.997861 0.0653646 0
    outer loop
      vertex -10.9658 31.8779 4
      vertex -11 32.4 0
      vertex -11 32.4 4
    endloop
  endfacet
  facet normal 0.997861 0.0653646 0
    outer loop
      vertex -11 32.4 0
      vertex -10.9658 31.8779 4
      vertex -10.9658 31.8779 0
    endloop
  endfacet
  facet normal 0.980779 0.195124 0
    outer loop
      vertex -10.8637 31.3647 4
      vertex -10.9658 31.8779 0
      vertex -10.9658 31.8779 4
    endloop
  endfacet
  facet normal 0.980779 0.195124 0
    outer loop
      vertex -10.9658 31.8779 0
      vertex -10.8637 31.3647 4
      vertex -10.8637 31.3647 0
    endloop
  endfacet
  facet normal 0.94691 0.321498 0
    outer loop
      vertex -10.6955 30.8693 4
      vertex -10.8637 31.3647 0
      vertex -10.8637 31.3647 4
    endloop
  endfacet
  facet normal 0.94691 0.321498 0
    outer loop
      vertex -10.8637 31.3647 0
      vertex -10.6955 30.8693 4
      vertex -10.6955 30.8693 0
    endloop
  endfacet
  facet normal 0.896898 0.442238 0
    outer loop
      vertex -10.4641 30.4 4
      vertex -10.6955 30.8693 0
      vertex -10.6955 30.8693 4
    endloop
  endfacet
  facet normal 0.896898 0.442238 0
    outer loop
      vertex -10.6955 30.8693 0
      vertex -10.4641 30.4 4
      vertex -10.4641 30.4 0
    endloop
  endfacet
  facet normal 0.831432 0.555626 0
    outer loop
      vertex -10.1734 29.965 4
      vertex -10.4641 30.4 0
      vertex -10.4641 30.4 4
    endloop
  endfacet
  facet normal 0.831432 0.555626 0
    outer loop
      vertex -10.4641 30.4 0
      vertex -10.1734 29.965 4
      vertex -10.1734 29.965 0
    endloop
  endfacet
  facet normal 0.751852 0.659332 0
    outer loop
      vertex -9.82841 29.5716 4
      vertex -10.1734 29.965 0
      vertex -10.1734 29.965 4
    endloop
  endfacet
  facet normal 0.751852 0.659332 0
    outer loop
      vertex -10.1734 29.965 0
      vertex -9.82841 29.5716 4
      vertex -9.82841 29.5716 0
    endloop
  endfacet
  facet normal 0.659371 0.751817 -0
    outer loop
      vertex -9.43504 29.2266 0
      vertex -9.82841 29.5716 4
      vertex -9.43504 29.2266 4
    endloop
  endfacet
  facet normal 0.659371 0.751817 0
    outer loop
      vertex -9.82841 29.5716 4
      vertex -9.43504 29.2266 0
      vertex -9.82841 29.5716 0
    endloop
  endfacet
  facet normal 0.555591 0.831456 -0
    outer loop
      vertex -9 28.9359 0
      vertex -9.43504 29.2266 4
      vertex -9 28.9359 4
    endloop
  endfacet
  facet normal 0.555591 0.831456 0
    outer loop
      vertex -9.43504 29.2266 4
      vertex -9 28.9359 0
      vertex -9.43504 29.2266 0
    endloop
  endfacet
  facet normal 0.44226 0.896887 -0
    outer loop
      vertex -8.53073 28.7045 0
      vertex -9 28.9359 4
      vertex -8.53073 28.7045 4
    endloop
  endfacet
  facet normal 0.44226 0.896887 0
    outer loop
      vertex -9 28.9359 4
      vertex -8.53073 28.7045 0
      vertex -9 28.9359 0
    endloop
  endfacet
  facet normal 0.321458 0.946924 -0
    outer loop
      vertex -8.03526 28.5363 0
      vertex -8.53073 28.7045 4
      vertex -8.03526 28.5363 4
    endloop
  endfacet
  facet normal 0.321458 0.946924 0
    outer loop
      vertex -8.53073 28.7045 4
      vertex -8.03526 28.5363 0
      vertex -8.53073 28.7045 0
    endloop
  endfacet
  facet normal 0.195135 0.980776 -0
    outer loop
      vertex -7.52209 28.4342 0
      vertex -8.03526 28.5363 4
      vertex -7.52209 28.4342 4
    endloop
  endfacet
  facet normal 0.195135 0.980776 0
    outer loop
      vertex -8.03526 28.5363 4
      vertex -7.52209 28.4342 0
      vertex -8.03526 28.5363 0
    endloop
  endfacet
  facet normal 0.0653659 0.997861 -0
    outer loop
      vertex -7 28.4 0
      vertex -7.52209 28.4342 4
      vertex -7 28.4 4
    endloop
  endfacet
  facet normal 0.0653659 0.997861 0
    outer loop
      vertex -7.52209 28.4342 4
      vertex -7 28.4 0
      vertex -7.52209 28.4342 0
    endloop
  endfacet
  facet normal -0.0653659 0.997861 0
    outer loop
      vertex -6.47791 28.4342 0
      vertex -7 28.4 4
      vertex -6.47791 28.4342 4
    endloop
  endfacet
  facet normal -0.0653659 0.997861 0
    outer loop
      vertex -7 28.4 4
      vertex -6.47791 28.4342 0
      vertex -7 28.4 0
    endloop
  endfacet
  facet normal -0.195197 0.980764 0
    outer loop
      vertex 101.835 28.5363 0
      vertex 101.322 28.4342 4
      vertex 101.835 28.5363 4
    endloop
  endfacet
  facet normal -0.195197 0.980764 0
    outer loop
      vertex 101.322 28.4342 4
      vertex 101.835 28.5363 0
      vertex 101.322 28.4342 0
    endloop
  endfacet
  facet normal -0.32115 0.947028 0
    outer loop
      vertex 102.331 28.7045 0
      vertex 101.835 28.5363 4
      vertex 102.331 28.7045 4
    endloop
  endfacet
  facet normal -0.32115 0.947028 0
    outer loop
      vertex 101.835 28.5363 4
      vertex 102.331 28.7045 0
      vertex 101.835 28.5363 0
    endloop
  endfacet
  facet normal -0.442465 0.896786 0
    outer loop
      vertex 102.8 28.9359 0
      vertex 102.331 28.7045 4
      vertex 102.8 28.9359 4
    endloop
  endfacet
  facet normal -0.442465 0.896786 0
    outer loop
      vertex 102.331 28.7045 4
      vertex 102.8 28.9359 0
      vertex 102.331 28.7045 0
    endloop
  endfacet
  facet normal -0.555626 0.831432 0
    outer loop
      vertex 103.235 29.2266 0
      vertex 102.8 28.9359 4
      vertex 103.235 29.2266 4
    endloop
  endfacet
  facet normal -0.555626 0.831432 0
    outer loop
      vertex 102.8 28.9359 4
      vertex 103.235 29.2266 0
      vertex 102.8 28.9359 0
    endloop
  endfacet
  facet normal -0.659722 0.75151 0
    outer loop
      vertex 103.628 29.5716 0
      vertex 103.235 29.2266 4
      vertex 103.628 29.5716 4
    endloop
  endfacet
  facet normal -0.659722 0.75151 0
    outer loop
      vertex 103.235 29.2266 4
      vertex 103.628 29.5716 0
      vertex 103.235 29.2266 0
    endloop
  endfacet
  facet normal -0.751842 0.659343 0
    outer loop
      vertex 103.628 29.5716 0
      vertex 103.973 29.965 4
      vertex 103.973 29.965 0
    endloop
  endfacet
  facet normal -0.751842 0.659343 0
    outer loop
      vertex 103.973 29.965 4
      vertex 103.628 29.5716 0
      vertex 103.628 29.5716 4
    endloop
  endfacet
  facet normal -0.831167 0.556022 0
    outer loop
      vertex 103.973 29.965 0
      vertex 104.264 30.4 4
      vertex 104.264 30.4 0
    endloop
  endfacet
  facet normal -0.831167 0.556022 0
    outer loop
      vertex 104.264 30.4 4
      vertex 103.973 29.965 0
      vertex 103.973 29.965 4
    endloop
  endfacet
  facet normal -0.896443 0.443159 0
    outer loop
      vertex 104.264 30.4 0
      vertex 104.496 30.8693 4
      vertex 104.496 30.8693 0
    endloop
  endfacet
  facet normal -0.896443 0.443159 0
    outer loop
      vertex 104.496 30.8693 4
      vertex 104.264 30.4 0
      vertex 104.264 30.4 4
    endloop
  endfacet
  facet normal -0.947026 0.321156 0
    outer loop
      vertex 104.496 30.8693 0
      vertex 104.664 31.3647 4
      vertex 104.664 31.3647 0
    endloop
  endfacet
  facet normal -0.947026 0.321156 0
    outer loop
      vertex 104.664 31.3647 4
      vertex 104.496 30.8693 0
      vertex 104.496 30.8693 4
    endloop
  endfacet
  facet normal -0.980815 0.19494 0
    outer loop
      vertex 104.664 31.3647 0
      vertex 104.766 31.8779 4
      vertex 104.766 31.8779 0
    endloop
  endfacet
  facet normal -0.980815 0.19494 0
    outer loop
      vertex 104.766 31.8779 4
      vertex 104.664 31.3647 0
      vertex 104.664 31.3647 4
    endloop
  endfacet
  facet normal -0.997886 0.064984 0
    outer loop
      vertex 104.766 31.8779 0
      vertex 104.8 32.4 4
      vertex 104.8 32.4 0
    endloop
  endfacet
  facet normal -0.997886 0.064984 0
    outer loop
      vertex 104.8 32.4 4
      vertex 104.766 31.8779 0
      vertex 104.766 31.8779 4
    endloop
  endfacet
  facet normal -0.997886 -0.064984 0
    outer loop
      vertex 104.8 32.4 0
      vertex 104.766 32.9221 4
      vertex 104.766 32.9221 0
    endloop
  endfacet
  facet normal -0.997886 -0.064984 0
    outer loop
      vertex 104.766 32.9221 4
      vertex 104.8 32.4 0
      vertex 104.8 32.4 4
    endloop
  endfacet
  facet normal -0.980815 -0.19494 0
    outer loop
      vertex 104.766 32.9221 0
      vertex 104.664 33.4353 4
      vertex 104.664 33.4353 0
    endloop
  endfacet
  facet normal -0.980815 -0.19494 0
    outer loop
      vertex 104.664 33.4353 4
      vertex 104.766 32.9221 0
      vertex 104.766 32.9221 4
    endloop
  endfacet
  facet normal -0.947026 -0.321156 0
    outer loop
      vertex 104.664 33.4353 0
      vertex 104.496 33.9307 4
      vertex 104.496 33.9307 0
    endloop
  endfacet
  facet normal -0.947026 -0.321156 0
    outer loop
      vertex 104.496 33.9307 4
      vertex 104.664 33.4353 0
      vertex 104.664 33.4353 4
    endloop
  endfacet
  facet normal -0.896443 -0.443159 0
    outer loop
      vertex 104.496 33.9307 0
      vertex 104.264 34.4 4
      vertex 104.264 34.4 0
    endloop
  endfacet
  facet normal -0.896443 -0.443159 0
    outer loop
      vertex 104.264 34.4 4
      vertex 104.496 33.9307 0
      vertex 104.496 33.9307 4
    endloop
  endfacet
  facet normal -0.831167 -0.556022 0
    outer loop
      vertex 104.264 34.4 0
      vertex 103.973 34.835 4
      vertex 103.973 34.835 0
    endloop
  endfacet
  facet normal -0.831167 -0.556022 0
    outer loop
      vertex 103.973 34.835 4
      vertex 104.264 34.4 0
      vertex 104.264 34.4 4
    endloop
  endfacet
  facet normal -0.751842 -0.659343 0
    outer loop
      vertex 103.973 34.835 0
      vertex 103.628 35.2284 4
      vertex 103.628 35.2284 0
    endloop
  endfacet
  facet normal -0.751842 -0.659343 0
    outer loop
      vertex 103.628 35.2284 4
      vertex 103.973 34.835 0
      vertex 103.973 34.835 4
    endloop
  endfacet
  facet normal -0.659722 -0.75151 0
    outer loop
      vertex 103.235 35.5734 0
      vertex 103.628 35.2284 4
      vertex 103.235 35.5734 4
    endloop
  endfacet
  facet normal -0.659722 -0.75151 -0
    outer loop
      vertex 103.628 35.2284 4
      vertex 103.235 35.5734 0
      vertex 103.628 35.2284 0
    endloop
  endfacet
  facet normal -0.555626 -0.831432 0
    outer loop
      vertex 102.8 35.8641 0
      vertex 103.235 35.5734 4
      vertex 102.8 35.8641 4
    endloop
  endfacet
  facet normal -0.555626 -0.831432 -0
    outer loop
      vertex 103.235 35.5734 4
      vertex 102.8 35.8641 0
      vertex 103.235 35.5734 0
    endloop
  endfacet
  facet normal -1 0 0
    outer loop
      vertex 102.8 35.8641 0
      vertex 102.8 38.4 4
      vertex 102.8 38.4 0
    endloop
  endfacet
  facet normal -1 -0 0
    outer loop
      vertex 102.8 38.4 4
      vertex 102.8 35.8641 0
      vertex 102.8 35.8641 4
    endloop
  endfacet
  facet normal -0.997886 -0.0649964 0
    outer loop
      vertex 102.8 38.4 0
      vertex 102.783 38.661 4
      vertex 102.783 38.661 0
    endloop
  endfacet
  facet normal -0.997886 -0.0649964 0
    outer loop
      vertex 102.783 38.661 4
      vertex 102.8 38.4 0
      vertex 102.8 38.4 4
    endloop
  endfacet
  facet normal -0.980815 -0.19494 0
    outer loop
      vertex 102.783 38.661 0
      vertex 102.732 38.9176 4
      vertex 102.732 38.9176 0
    endloop
  endfacet
  facet normal -0.980815 -0.19494 0
    outer loop
      vertex 102.732 38.9176 4
      vertex 102.783 38.661 0
      vertex 102.783 38.661 4
    endloop
  endfacet
  facet normal -0.947066 -0.321039 0
    outer loop
      vertex 102.732 38.9176 0
      vertex 102.648 39.1654 4
      vertex 102.648 39.1654 0
    endloop
  endfacet
  facet normal -0.947066 -0.321039 0
    outer loop
      vertex 102.648 39.1654 4
      vertex 102.732 38.9176 0
      vertex 102.732 38.9176 4
    endloop
  endfacet
  facet normal -0.896405 -0.443235 0
    outer loop
      vertex 102.648 39.1654 0
      vertex 102.532 39.4 4
      vertex 102.532 39.4 0
    endloop
  endfacet
  facet normal -0.896405 -0.443235 0
    outer loop
      vertex 102.532 39.4 4
      vertex 102.648 39.1654 0
      vertex 102.648 39.1654 4
    endloop
  endfacet
  facet normal -0.83205 -0.5547 0
    outer loop
      vertex 102.532 39.4 0
      vertex 102.387 39.6175 4
      vertex 102.387 39.6175 0
    endloop
  endfacet
  facet normal -0.83205 -0.5547 0
    outer loop
      vertex 102.387 39.6175 4
      vertex 102.532 39.4 0
      vertex 102.532 39.4 4
    endloop
  endfacet
  facet normal -0.750895 -0.660421 0
    outer loop
      vertex 102.387 39.6175 0
      vertex 102.214 39.8142 4
      vertex 102.214 39.8142 0
    endloop
  endfacet
  facet normal -0.750895 -0.660421 0
    outer loop
      vertex 102.214 39.8142 4
      vertex 102.387 39.6175 0
      vertex 102.387 39.6175 4
    endloop
  endfacet
  facet normal -0.660671 -0.750676 0
    outer loop
      vertex 102.018 39.9867 0
      vertex 102.214 39.8142 4
      vertex 102.018 39.9867 4
    endloop
  endfacet
  facet normal -0.660671 -0.750676 -0
    outer loop
      vertex 102.214 39.8142 4
      vertex 102.018 39.9867 0
      vertex 102.214 39.8142 0
    endloop
  endfacet
  facet normal -0.554612 -0.832109 0
    outer loop
      vertex 101.8 40.132 0
      vertex 102.018 39.9867 4
      vertex 101.8 40.132 4
    endloop
  endfacet
  facet normal -0.554612 -0.832109 -0
    outer loop
      vertex 102.018 39.9867 4
      vertex 101.8 40.132 0
      vertex 102.018 39.9867 0
    endloop
  endfacet
  facet normal -0.441708 -0.897159 0
    outer loop
      vertex 101.565 40.2477 0
      vertex 101.8 40.132 4
      vertex 101.565 40.2477 4
    endloop
  endfacet
  facet normal -0.441708 -0.897159 -0
    outer loop
      vertex 101.8 40.132 4
      vertex 101.565 40.2477 0
      vertex 101.8 40.132 0
    endloop
  endfacet
  facet normal -0.322315 -0.946632 0
    outer loop
      vertex 101.318 40.3318 0
      vertex 101.565 40.2477 4
      vertex 101.318 40.3318 4
    endloop
  endfacet
  facet normal -0.322315 -0.946632 -0
    outer loop
      vertex 101.565 40.2477 4
      vertex 101.318 40.3318 0
      vertex 101.565 40.2477 0
    endloop
  endfacet
  facet normal -0.195015 -0.9808 0
    outer loop
      vertex 101.061 40.3829 0
      vertex 101.318 40.3318 4
      vertex 101.061 40.3829 4
    endloop
  endfacet
  facet normal -0.195015 -0.9808 -0
    outer loop
      vertex 101.318 40.3318 4
      vertex 101.061 40.3829 0
      vertex 101.318 40.3318 0
    endloop
  endfacet
  facet normal -0.0653771 -0.997861 0
    outer loop
      vertex 100.8 40.4 0
      vertex 101.061 40.3829 4
      vertex 100.8 40.4 4
    endloop
  endfacet
  facet normal -0.0653771 -0.997861 -0
    outer loop
      vertex 101.061 40.3829 4
      vertex 100.8 40.4 0
      vertex 101.061 40.3829 0
    endloop
  endfacet
  facet normal 0.0653771 -0.997861 0
    outer loop
      vertex 100.539 40.3829 0
      vertex 100.8 40.4 4
      vertex 100.539 40.3829 4
    endloop
  endfacet
  facet normal 0.0653771 -0.997861 0
    outer loop
      vertex 100.8 40.4 4
      vertex 100.539 40.3829 0
      vertex 100.8 40.4 0
    endloop
  endfacet
  facet normal 0.195015 -0.9808 0
    outer loop
      vertex 100.282 40.3318 0
      vertex 100.539 40.3829 4
      vertex 100.282 40.3318 4
    endloop
  endfacet
  facet normal 0.195015 -0.9808 0
    outer loop
      vertex 100.539 40.3829 4
      vertex 100.282 40.3318 0
      vertex 100.539 40.3829 0
    endloop
  endfacet
  facet normal 0.322315 -0.946632 0
    outer loop
      vertex 100.035 40.2477 0
      vertex 100.282 40.3318 4
      vertex 100.035 40.2477 4
    endloop
  endfacet
  facet normal 0.322315 -0.946632 0
    outer loop
      vertex 100.282 40.3318 4
      vertex 100.035 40.2477 0
      vertex 100.282 40.3318 0
    endloop
  endfacet
  facet normal 0.441708 -0.897159 0
    outer loop
      vertex 99.8 40.132 0
      vertex 100.035 40.2477 4
      vertex 99.8 40.132 4
    endloop
  endfacet
  facet normal 0.441708 -0.897159 0
    outer loop
      vertex 100.035 40.2477 4
      vertex 99.8 40.132 0
      vertex 100.035 40.2477 0
    endloop
  endfacet
  facet normal 0.555494 -0.831521 0
    outer loop
      vertex 99.5825 39.9867 0
      vertex 99.8 40.132 4
      vertex 99.5825 39.9867 4
    endloop
  endfacet
  facet normal 0.555494 -0.831521 0
    outer loop
      vertex 99.8 40.132 4
      vertex 99.5825 39.9867 0
      vertex 99.8 40.132 0
    endloop
  endfacet
  facet normal 0.659343 -0.751842 0
    outer loop
      vertex 99.3858 39.8142 0
      vertex 99.5825 39.9867 4
      vertex 99.3858 39.8142 4
    endloop
  endfacet
  facet normal 0.659343 -0.751842 0
    outer loop
      vertex 99.5825 39.9867 4
      vertex 99.3858 39.8142 0
      vertex 99.5825 39.9867 0
    endloop
  endfacet
  facet normal 0.751842 -0.659343 0
    outer loop
      vertex 99.2133 39.6175 4
      vertex 99.3858 39.8142 0
      vertex 99.3858 39.8142 4
    endloop
  endfacet
  facet normal 0.751842 -0.659343 0
    outer loop
      vertex 99.3858 39.8142 0
      vertex 99.2133 39.6175 4
      vertex 99.2133 39.6175 0
    endloop
  endfacet
  facet normal 0.831521 -0.555494 0
    outer loop
      vertex 99.068 39.4 4
      vertex 99.2133 39.6175 0
      vertex 99.2133 39.6175 4
    endloop
  endfacet
  facet normal 0.831521 -0.555494 0
    outer loop
      vertex 99.2133 39.6175 0
      vertex 99.068 39.4 4
      vertex 99.068 39.4 0
    endloop
  endfacet
  facet normal 0.89686 -0.442314 0
    outer loop
      vertex 98.9523 39.1654 4
      vertex 99.068 39.4 0
      vertex 99.068 39.4 4
    endloop
  endfacet
  facet normal 0.89686 -0.442314 0
    outer loop
      vertex 99.068 39.4 0
      vertex 98.9523 39.1654 4
      vertex 98.9523 39.1654 0
    endloop
  endfacet
  facet normal 0.94695 -0.321382 0
    outer loop
      vertex 98.8682 38.9176 4
      vertex 98.9523 39.1654 0
      vertex 98.9523 39.1654 4
    endloop
  endfacet
  facet normal 0.94695 -0.321382 0
    outer loop
      vertex 98.9523 39.1654 0
      vertex 98.8682 38.9176 4
      vertex 98.8682 38.9176 0
    endloop
  endfacet
  facet normal 0.980742 -0.195308 0
    outer loop
      vertex 98.8171 38.661 4
      vertex 98.8682 38.9176 0
      vertex 98.8682 38.9176 4
    endloop
  endfacet
  facet normal 0.980742 -0.195308 0
    outer loop
      vertex 98.8682 38.9176 0
      vertex 98.8171 38.661 4
      vertex 98.8171 38.661 0
    endloop
  endfacet
  facet normal 0.997861 -0.0653771 0
    outer loop
      vertex 98.8 38.4 4
      vertex 98.8171 38.661 0
      vertex 98.8171 38.661 4
    endloop
  endfacet
  facet normal 0.997861 -0.0653771 0
    outer loop
      vertex 98.8171 38.661 0
      vertex 98.8 38.4 4
      vertex 98.8 38.4 0
    endloop
  endfacet
  facet normal 1 -0 0
    outer loop
      vertex 98.8 35.8641 4
      vertex 98.8 38.4 0
      vertex 98.8 38.4 4
    endloop
  endfacet
  facet normal 1 0 0
    outer loop
      vertex 98.8 38.4 0
      vertex 98.8 35.8641 4
      vertex 98.8 35.8641 0
    endloop
  endfacet
  facet normal 0.555626 -0.831432 0
    outer loop
      vertex 98.365 35.5734 0
      vertex 98.8 35.8641 4
      vertex 98.365 35.5734 4
    endloop
  endfacet
  facet normal 0.555626 -0.831432 0
    outer loop
      vertex 98.8 35.8641 4
      vertex 98.365 35.5734 0
      vertex 98.8 35.8641 0
    endloop
  endfacet
  facet normal 0.659343 -0.751842 0
    outer loop
      vertex 97.9716 35.2284 0
      vertex 98.365 35.5734 4
      vertex 97.9716 35.2284 4
    endloop
  endfacet
  facet normal 0.659343 -0.751842 0
    outer loop
      vertex 98.365 35.5734 4
      vertex 97.9716 35.2284 0
      vertex 98.365 35.5734 0
    endloop
  endfacet
  facet normal 0.751842 -0.659343 0
    outer loop
      vertex 97.6266 34.835 4
      vertex 97.9716 35.2284 0
      vertex 97.9716 35.2284 4
    endloop
  endfacet
  facet normal 0.751842 -0.659343 0
    outer loop
      vertex 97.9716 35.2284 0
      vertex 97.6266 34.835 4
      vertex 97.6266 34.835 0
    endloop
  endfacet
  facet normal 0.831432 -0.555626 0
    outer loop
      vertex 97.3359 34.4 4
      vertex 97.6266 34.835 0
      vertex 97.6266 34.835 4
    endloop
  endfacet
  facet normal 0.831432 -0.555626 0
    outer loop
      vertex 97.6266 34.835 0
      vertex 97.3359 34.4 4
      vertex 97.3359 34.4 0
    endloop
  endfacet
  facet normal 0.896898 -0.442238 0
    outer loop
      vertex 97.1045 33.9307 4
      vertex 97.3359 34.4 0
      vertex 97.3359 34.4 4
    endloop
  endfacet
  facet normal 0.896898 -0.442238 0
    outer loop
      vertex 97.3359 34.4 0
      vertex 97.1045 33.9307 4
      vertex 97.1045 33.9307 0
    endloop
  endfacet
  facet normal 0.94691 -0.321498 0
    outer loop
      vertex 96.9363 33.4353 4
      vertex 97.1045 33.9307 0
      vertex 97.1045 33.9307 4
    endloop
  endfacet
  facet normal 0.94691 -0.321498 0
    outer loop
      vertex 97.1045 33.9307 0
      vertex 96.9363 33.4353 4
      vertex 96.9363 33.4353 0
    endloop
  endfacet
  facet normal 0.980779 -0.195124 0
    outer loop
      vertex 96.8342 32.9221 4
      vertex 96.9363 33.4353 0
      vertex 96.9363 33.4353 4
    endloop
  endfacet
  facet normal 0.980779 -0.195124 0
    outer loop
      vertex 96.9363 33.4353 0
      vertex 96.8342 32.9221 4
      vertex 96.8342 32.9221 0
    endloop
  endfacet
  facet normal 0.997861 -0.0653646 0
    outer loop
      vertex 96.8 32.4 4
      vertex 96.8342 32.9221 0
      vertex 96.8342 32.9221 4
    endloop
  endfacet
  facet normal 0.997861 -0.0653646 0
    outer loop
      vertex 96.8342 32.9221 0
      vertex 96.8 32.4 4
      vertex 96.8 32.4 0
    endloop
  endfacet
  facet normal 0.997861 0.0653646 0
    outer loop
      vertex 96.8342 31.8779 4
      vertex 96.8 32.4 0
      vertex 96.8 32.4 4
    endloop
  endfacet
  facet normal 0.997861 0.0653646 0
    outer loop
      vertex 96.8 32.4 0
      vertex 96.8342 31.8779 4
      vertex 96.8342 31.8779 0
    endloop
  endfacet
  facet normal 0.980779 0.195124 0
    outer loop
      vertex 96.9363 31.3647 4
      vertex 96.8342 31.8779 0
      vertex 96.8342 31.8779 4
    endloop
  endfacet
  facet normal 0.980779 0.195124 0
    outer loop
      vertex 96.8342 31.8779 0
      vertex 96.9363 31.3647 4
      vertex 96.9363 31.3647 0
    endloop
  endfacet
  facet normal 0.94691 0.321498 0
    outer loop
      vertex 97.1045 30.8693 4
      vertex 96.9363 31.3647 0
      vertex 96.9363 31.3647 4
    endloop
  endfacet
  facet normal 0.94691 0.321498 0
    outer loop
      vertex 96.9363 31.3647 0
      vertex 97.1045 30.8693 4
      vertex 97.1045 30.8693 0
    endloop
  endfacet
  facet normal 0.896898 0.442238 0
    outer loop
      vertex 97.3359 30.4 4
      vertex 97.1045 30.8693 0
      vertex 97.1045 30.8693 4
    endloop
  endfacet
  facet normal 0.896898 0.442238 0
    outer loop
      vertex 97.1045 30.8693 0
      vertex 97.3359 30.4 4
      vertex 97.3359 30.4 0
    endloop
  endfacet
  facet normal 0.831432 0.555626 0
    outer loop
      vertex 97.6266 29.965 4
      vertex 97.3359 30.4 0
      vertex 97.3359 30.4 4
    endloop
  endfacet
  facet normal 0.831432 0.555626 0
    outer loop
      vertex 97.3359 30.4 0
      vertex 97.6266 29.965 4
      vertex 97.6266 29.965 0
    endloop
  endfacet
  facet normal 0.751842 0.659343 0
    outer loop
      vertex 97.9716 29.5716 4
      vertex 97.6266 29.965 0
      vertex 97.6266 29.965 4
    endloop
  endfacet
  facet normal 0.751842 0.659343 0
    outer loop
      vertex 97.6266 29.965 0
      vertex 97.9716 29.5716 4
      vertex 97.9716 29.5716 0
    endloop
  endfacet
  facet normal 0.659343 0.751842 -0
    outer loop
      vertex 98.365 29.2266 0
      vertex 97.9716 29.5716 4
      vertex 98.365 29.2266 4
    endloop
  endfacet
  facet normal 0.659343 0.751842 0
    outer loop
      vertex 97.9716 29.5716 4
      vertex 98.365 29.2266 0
      vertex 97.9716 29.5716 0
    endloop
  endfacet
  facet normal 0.555626 0.831432 -0
    outer loop
      vertex 98.8 28.9359 0
      vertex 98.365 29.2266 4
      vertex 98.8 28.9359 4
    endloop
  endfacet
  facet normal 0.555626 0.831432 0
    outer loop
      vertex 98.365 29.2266 4
      vertex 98.8 28.9359 0
      vertex 98.365 29.2266 0
    endloop
  endfacet
  facet normal 0.442238 0.896898 -0
    outer loop
      vertex 99.2693 28.7045 0
      vertex 98.8 28.9359 4
      vertex 99.2693 28.7045 4
    endloop
  endfacet
  facet normal 0.442238 0.896898 0
    outer loop
      vertex 98.8 28.9359 4
      vertex 99.2693 28.7045 0
      vertex 98.8 28.9359 0
    endloop
  endfacet
  facet normal 0.321498 0.94691 -0
    outer loop
      vertex 99.7647 28.5363 0
      vertex 99.2693 28.7045 4
      vertex 99.7647 28.5363 4
    endloop
  endfacet
  facet normal 0.321498 0.94691 0
    outer loop
      vertex 99.2693 28.7045 4
      vertex 99.7647 28.5363 0
      vertex 99.2693 28.7045 0
    endloop
  endfacet
  facet normal 0.195087 0.980786 -0
    outer loop
      vertex 100.278 28.4342 0
      vertex 99.7647 28.5363 4
      vertex 100.278 28.4342 4
    endloop
  endfacet
  facet normal 0.195087 0.980786 0
    outer loop
      vertex 99.7647 28.5363 4
      vertex 100.278 28.4342 0
      vertex 99.7647 28.5363 0
    endloop
  endfacet
  facet normal 0.0653771 0.997861 -0
    outer loop
      vertex 100.8 28.4 0
      vertex 100.278 28.4342 4
      vertex 100.8 28.4 4
    endloop
  endfacet
  facet normal 0.0653771 0.997861 0
    outer loop
      vertex 100.278 28.4342 4
      vertex 100.8 28.4 0
      vertex 100.278 28.4342 0
    endloop
  endfacet
  facet normal -0.0653771 0.997861 0
    outer loop
      vertex 101.322 28.4342 0
      vertex 100.8 28.4 4
      vertex 101.322 28.4342 4
    endloop
  endfacet
  facet normal -0.0653771 0.997861 0
    outer loop
      vertex 100.8 28.4 4
      vertex 101.322 28.4342 0
      vertex 100.8 28.4 0
    endloop
  endfacet
  facet normal -1 0 0
    outer loop
      vertex 9.4 25.4 2
      vertex 9.4 39.4 3
      vertex 9.4 39.4 2
    endloop
  endfacet
  facet normal -1 -0 0
    outer loop
      vertex 9.4 39.4 3
      vertex 9.4 25.4 2
      vertex 9.4 25.4 3
    endloop
  endfacet
  facet normal -0 0 1
    outer loop
      vertex 1.4 39.4 2
      vertex 9.4 25.4 2
      vertex 9.4 39.4 2
    endloop
  endfacet
  facet normal 0 0 1
    outer loop
      vertex 9.4 25.4 2
      vertex 1.4 39.4 2
      vertex 1.4 25.4 2
    endloop
  endfacet
  facet normal 1 -0 0
    outer loop
      vertex 1.4 25.4 3
      vertex 1.4 39.4 2
      vertex 1.4 39.4 3
    endloop
  endfacet
  facet normal 1 0 0
    outer loop
      vertex 1.4 39.4 2
      vertex 1.4 25.4 3
      vertex 1.4 25.4 2
    endloop
  endfacet
  facet normal 0 -1 0
    outer loop
      vertex 1.4 39.4 2
      vertex 9.4 39.4 3
      vertex 1.4 39.4 3
    endloop
  endfacet
  facet normal 0 -1 -0
    outer loop
      vertex 9.4 39.4 3
      vertex 1.4 39.4 2
      vertex 9.4 39.4 2
    endloop
  endfacet
  facet normal 0 1 -0
    outer loop
      vertex 9.4 25.4 2
      vertex 1.4 25.4 3
      vertex 9.4 25.4 3
    endloop
  endfacet
  facet normal 0 1 0
    outer loop
      vertex 1.4 25.4 3
      vertex 9.4 25.4 2
      vertex 1.4 25.4 2
    endloop
  endfacet
endsolid OpenSCAD_Model
