solid OpenSCAD_Model
  facet normal 0.487933 -0.478053 -0.730333
    outer loop
      vertex 6.15 64.6 58.0402
      vertex 6.91314 66.8 57.11
      vertex 6.18263 64.6 58.062
    endloop
  endfacet
  facet normal -0.831715 -0.478061 -0.282326
    outer loop
      vertex 4.55111 66.8 57.9118
      vertex 4.61418 66.8 57.726
      vertex 5.72284 64.6 58.1852
    endloop
  endfacet
  facet normal 0.876445 -0.478061 -0.0574608
    outer loop
      vertex 6.29743 64.6 58.2608
      vertex 7.5 66.8 58.3
      vertex 6.3 64.6 58.3
    endloop
  endfacet
  facet normal 0.876446 -0.478062 -0.0574301
    outer loop
      vertex 6.29743 64.6 58.2608
      vertex 7.48717 66.8 58.1042
      vertex 7.5 66.8 58.3
    endloop
  endfacet
  facet normal 0.389213 -0.478076 0.787373
    outer loop
      vertex 6.1148 64.6 58.5772
      vertex 6.15 64.6 58.5598
      vertex 6.75 66.8 59.599
    endloop
  endfacet
  facet normal -0.282045 -0.478066 0.831807
    outer loop
      vertex 5.61177 66.8 59.7489
      vertex 5.88519 64.6 58.5772
      vertex 5.92235 64.6 58.5898
    endloop
  endfacet
  facet normal 0.57894 -0.478062 0.660519
    outer loop
      vertex 6.18263 64.6 58.538
      vertex 7.06066 66.8 59.3607
      vertex 6.91314 66.8 59.49
    endloop
  endfacet
  facet normal -0.861395 -0.478069 -0.171606
    outer loop
      vertex 4.55111 66.8 57.9118
      vertex 5.71022 64.6 58.2224
      vertex 5.70257 64.6 58.2608
    endloop
  endfacet
  facet normal 0.730119 -0.478067 -0.488239
    outer loop
      vertex 6.23801 64.6 58.1174
      vertex 7.19003 66.8 57.3869
      vertex 6.25981 64.6 58.15
    endloop
  endfacet
  facet normal 0.787772 -0.47806 -0.388425
    outer loop
      vertex 6.25981 64.6 58.15
      vertex 7.29904 66.8 57.55
      vertex 7.38582 66.8 57.726
    endloop
  endfacet
  facet normal 0.170138 -0.478115 -0.861661
    outer loop
      vertex 6.03916 64.6 58.0026
      vertex 6.19579 66.8 56.8128
      vertex 6.07765 64.6 58.0102
    endloop
  endfacet
  facet normal 0.170148 -0.478024 0.861709
    outer loop
      vertex 6.03916 64.6 58.5974
      vertex 6.07765 64.6 58.5898
      vertex 6.38823 66.8 59.7489
    endloop
  endfacet
  facet normal 0.487933 -0.478055 0.730332
    outer loop
      vertex 6.15 64.6 58.5598
      vertex 6.18263 64.6 58.538
      vertex 6.75 66.8 59.599
    endloop
  endfacet
  facet normal 0.282462 -0.478054 -0.831673
    outer loop
      vertex 6.07765 64.6 58.0102
      vertex 6.38823 66.8 56.8511
      vertex 6.57402 66.8 56.9142
    endloop
  endfacet
  facet normal -0.171443 -0.478079 0.861422
    outer loop
      vertex 5.61177 66.8 59.7489
      vertex 5.96084 64.6 58.5974
      vertex 5.80421 66.8 59.7872
    endloop
  endfacet
  facet normal -0.876446 -0.478062 0.0574301
    outer loop
      vertex 4.5 66.8 58.3
      vertex 5.70257 64.6 58.3392
      vertex 4.51283 66.8 58.4958
    endloop
  endfacet
  facet normal -0.579479 -0.478092 -0.660024
    outer loop
      vertex 4.93934 66.8 57.2393
      vertex 5.81737 64.6 58.062
      vertex 5.78787 64.6 58.0879
    endloop
  endfacet
  facet normal -0.388552 -0.478055 -0.787712
    outer loop
      vertex 5.25 66.8 57.001
      vertex 5.42597 66.8 56.9142
      vertex 5.85 64.6 58.0402
    endloop
  endfacet
  facet normal -0.876445 -0.478061 -0.0574608
    outer loop
      vertex 4.5 66.8 58.3
      vertex 5.70257 64.6 58.2608
      vertex 5.7 64.6 58.3
    endloop
  endfacet
  facet normal -0.282448 -0.478054 -0.831677
    outer loop
      vertex 5.42597 66.8 56.9142
      vertex 5.61177 66.8 56.8511
      vertex 5.92235 64.6 58.0102
    endloop
  endfacet
  facet normal 0.579479 -0.478092 0.660024
    outer loop
      vertex 6.18263 64.6 58.538
      vertex 6.21213 64.6 58.5121
      vertex 7.06066 66.8 59.3607
    endloop
  endfacet
  facet normal 0.787823 -0.478065 -0.388316
    outer loop
      vertex 6.25981 64.6 58.15
      vertex 7.38582 66.8 57.726
      vertex 6.27716 64.6 58.1852
    endloop
  endfacet
  facet normal -0.861442 -0.47806 -0.171393
    outer loop
      vertex 4.51283 66.8 58.1042
      vertex 4.55111 66.8 57.9118
      vertex 5.70257 64.6 58.2608
    endloop
  endfacet
  facet normal -0.0581885 -0.478041 -0.876408
    outer loop
      vertex 5.96084 64.6 58.0026
      vertex 6 66.8 56.8
      vertex 6 64.6 58
    endloop
  endfacet
  facet normal -0.861442 -0.47806 0.171393
    outer loop
      vertex 4.51283 66.8 58.4958
      vertex 5.70257 64.6 58.3392
      vertex 4.55111 66.8 58.6882
    endloop
  endfacet
  facet normal -0.787823 -0.478065 0.388316
    outer loop
      vertex 4.61418 66.8 58.874
      vertex 5.72284 64.6 58.4148
      vertex 5.74019 64.6 58.45
    endloop
  endfacet
  facet normal 0.831763 -0.478067 -0.282173
    outer loop
      vertex 6.27716 64.6 58.1852
      vertex 7.44889 66.8 57.9118
      vertex 6.28978 64.6 58.2224
    endloop
  endfacet
  facet normal -0.170148 -0.478024 0.861709
    outer loop
      vertex 5.61177 66.8 59.7489
      vertex 5.92235 64.6 58.5898
      vertex 5.96084 64.6 58.5974
    endloop
  endfacet
  facet normal 0.730241 -0.478058 -0.488066
    outer loop
      vertex 6.25981 64.6 58.15
      vertex 7.19003 66.8 57.3869
      vertex 7.29904 66.8 57.55
    endloop
  endfacet
  facet normal 0.730241 -0.478058 0.488066
    outer loop
      vertex 6.25981 64.6 58.45
      vertex 7.29904 66.8 59.05
      vertex 7.19003 66.8 59.2131
    endloop
  endfacet
  facet normal 0.861442 -0.47806 -0.171393
    outer loop
      vertex 6.29743 64.6 58.2608
      vertex 7.44889 66.8 57.9118
      vertex 7.48717 66.8 58.1042
    endloop
  endfacet
  facet normal 0.282463 -0.478049 0.831675
    outer loop
      vertex 6.1148 64.6 58.5772
      vertex 6.57402 66.8 59.6858
      vertex 6.38823 66.8 59.7489
    endloop
  endfacet
  facet normal -0.730119 -0.478067 -0.488239
    outer loop
      vertex 4.80997 66.8 57.3869
      vertex 5.76199 64.6 58.1174
      vertex 5.74019 64.6 58.15
    endloop
  endfacet
  facet normal -0.487954 -0.478054 0.730319
    outer loop
      vertex 5.08686 66.8 59.49
      vertex 5.81737 64.6 58.538
      vertex 5.25 66.8 59.599
    endloop
  endfacet
  facet normal -0.282449 -0.478049 0.83168
    outer loop
      vertex 5.42597 66.8 59.6858
      vertex 5.88519 64.6 58.5772
      vertex 5.61177 66.8 59.7489
    endloop
  endfacet
  facet normal 0.787823 -0.478065 0.388316
    outer loop
      vertex 6.25981 64.6 58.45
      vertex 6.27716 64.6 58.4148
      vertex 7.38582 66.8 58.874
    endloop
  endfacet
  facet normal 0.831715 -0.478061 0.282326
    outer loop
      vertex 6.27716 64.6 58.4148
      vertex 7.44889 66.8 58.6882
      vertex 7.38582 66.8 58.874
    endloop
  endfacet
  facet normal 0.861395 -0.478069 -0.171606
    outer loop
      vertex 6.28978 64.6 58.2224
      vertex 7.44889 66.8 57.9118
      vertex 6.29743 64.6 58.2608
    endloop
  endfacet
  facet normal 0.787772 -0.47806 0.388425
    outer loop
      vertex 6.25981 64.6 58.45
      vertex 7.38582 66.8 58.874
      vertex 7.29904 66.8 59.05
    endloop
  endfacet
  facet normal -0.660519 -0.478064 -0.578938
    outer loop
      vertex 4.80997 66.8 57.3869
      vertex 4.93934 66.8 57.2393
      vertex 5.76199 64.6 58.1174
    endloop
  endfacet
  facet normal -0.171445 -0.47806 -0.861432
    outer loop
      vertex 5.61177 66.8 56.8511
      vertex 5.80421 66.8 56.8128
      vertex 5.92235 64.6 58.0102
    endloop
  endfacet
  facet normal -0.389301 -0.478078 0.787328
    outer loop
      vertex 5.25 66.8 59.599
      vertex 5.85 64.6 58.5598
      vertex 5.88519 64.6 58.5772
    endloop
  endfacet
  facet normal -0.831715 -0.478061 0.282326
    outer loop
      vertex 4.55111 66.8 58.6882
      vertex 5.72284 64.6 58.4148
      vertex 4.61418 66.8 58.874
    endloop
  endfacet
  facet normal 0.57894 -0.478062 -0.660519
    outer loop
      vertex 6.18263 64.6 58.062
      vertex 6.91314 66.8 57.11
      vertex 7.06066 66.8 57.2393
    endloop
  endfacet
  facet normal -0.487933 -0.478055 0.730332
    outer loop
      vertex 5.25 66.8 59.599
      vertex 5.81737 64.6 58.538
      vertex 5.85 64.6 58.5598
    endloop
  endfacet
  facet normal 0.388537 -0.478044 0.787727
    outer loop
      vertex 6.1148 64.6 58.5772
      vertex 6.75 66.8 59.599
      vertex 6.57402 66.8 59.6858
    endloop
  endfacet
  facet normal -0.876446 -0.478062 -0.0574301
    outer loop
      vertex 4.5 66.8 58.3
      vertex 4.51283 66.8 58.1042
      vertex 5.70257 64.6 58.2608
    endloop
  endfacet
  facet normal 0.487954 -0.478054 0.730319
    outer loop
      vertex 6.18263 64.6 58.538
      vertex 6.91314 66.8 59.49
      vertex 6.75 66.8 59.599
    endloop
  endfacet
  facet normal 0.660251 -0.478081 -0.57923
    outer loop
      vertex 6.21213 64.6 58.0879
      vertex 7.06066 66.8 57.2393
      vertex 6.23801 64.6 58.1174
    endloop
  endfacet
  facet normal 0.660251 -0.478081 0.57923
    outer loop
      vertex 6.21213 64.6 58.5121
      vertex 6.23801 64.6 58.4826
      vertex 7.06066 66.8 59.3607
    endloop
  endfacet
  facet normal -0.787772 -0.47806 0.388425
    outer loop
      vertex 4.61418 66.8 58.874
      vertex 5.74019 64.6 58.45
      vertex 4.70096 66.8 59.05
    endloop
  endfacet
  facet normal -0.0572987 -0.478078 0.876447
    outer loop
      vertex 5.80421 66.8 59.7872
      vertex 5.96084 64.6 58.5974
      vertex 6 66.8 59.8
    endloop
  endfacet
  facet normal -0.730241 -0.478058 -0.488066
    outer loop
      vertex 4.70096 66.8 57.55
      vertex 4.80997 66.8 57.3869
      vertex 5.74019 64.6 58.15
    endloop
  endfacet
  facet normal 0.660519 -0.478064 0.578938
    outer loop
      vertex 6.23801 64.6 58.4826
      vertex 7.19003 66.8 59.2131
      vertex 7.06066 66.8 59.3607
    endloop
  endfacet
  facet normal 0.861442 -0.47806 0.171393
    outer loop
      vertex 6.29743 64.6 58.3392
      vertex 7.48717 66.8 58.4958
      vertex 7.44889 66.8 58.6882
    endloop
  endfacet
  facet normal -0.730241 -0.478058 0.488066
    outer loop
      vertex 4.70096 66.8 59.05
      vertex 5.74019 64.6 58.45
      vertex 4.80997 66.8 59.2131
    endloop
  endfacet
  facet normal 0.171445 -0.47806 -0.861432
    outer loop
      vertex 6.07765 64.6 58.0102
      vertex 6.19579 66.8 56.8128
      vertex 6.38823 66.8 56.8511
    endloop
  endfacet
  facet normal 0.876446 -0.478062 0.0574301
    outer loop
      vertex 6.29743 64.6 58.3392
      vertex 7.5 66.8 58.3
      vertex 7.48717 66.8 58.4958
    endloop
  endfacet
  facet normal 0.876445 -0.478061 0.0574608
    outer loop
      vertex 6.29743 64.6 58.3392
      vertex 6.3 64.6 58.3
      vertex 7.5 66.8 58.3
    endloop
  endfacet
  facet normal -0.57894 -0.478062 0.660519
    outer loop
      vertex 4.93934 66.8 59.3607
      vertex 5.81737 64.6 58.538
      vertex 5.08686 66.8 59.49
    endloop
  endfacet
  facet normal -0.0572987 -0.478078 -0.876447
    outer loop
      vertex 5.80421 66.8 56.8128
      vertex 6 66.8 56.8
      vertex 5.96084 64.6 58.0026
    endloop
  endfacet
  facet normal -0.831763 -0.478067 -0.282173
    outer loop
      vertex 4.55111 66.8 57.9118
      vertex 5.72284 64.6 58.1852
      vertex 5.71022 64.6 58.2224
    endloop
  endfacet
  facet normal -0.831763 -0.478067 0.282173
    outer loop
      vertex 4.55111 66.8 58.6882
      vertex 5.71022 64.6 58.3776
      vertex 5.72284 64.6 58.4148
    endloop
  endfacet
  facet normal 0.579479 -0.478092 -0.660024
    outer loop
      vertex 6.18263 64.6 58.062
      vertex 7.06066 66.8 57.2393
      vertex 6.21213 64.6 58.0879
    endloop
  endfacet
  facet normal 0.831763 -0.478067 0.282173
    outer loop
      vertex 6.27716 64.6 58.4148
      vertex 6.28978 64.6 58.3776
      vertex 7.44889 66.8 58.6882
    endloop
  endfacet
  facet normal -0.57894 -0.478062 -0.660519
    outer loop
      vertex 4.93934 66.8 57.2393
      vertex 5.08686 66.8 57.11
      vertex 5.81737 64.6 58.062
    endloop
  endfacet
  facet normal -0.170138 -0.478115 -0.861661
    outer loop
      vertex 5.80421 66.8 56.8128
      vertex 5.96084 64.6 58.0026
      vertex 5.92235 64.6 58.0102
    endloop
  endfacet
  facet normal -0.787823 -0.478065 -0.388316
    outer loop
      vertex 4.61418 66.8 57.726
      vertex 5.74019 64.6 58.15
      vertex 5.72284 64.6 58.1852
    endloop
  endfacet
  facet normal -0.861395 -0.478069 0.171606
    outer loop
      vertex 4.55111 66.8 58.6882
      vertex 5.70257 64.6 58.3392
      vertex 5.71022 64.6 58.3776
    endloop
  endfacet
  facet normal 0.831715 -0.478061 -0.282326
    outer loop
      vertex 6.27716 64.6 58.1852
      vertex 7.38582 66.8 57.726
      vertex 7.44889 66.8 57.9118
    endloop
  endfacet
  facet normal 0.0581885 -0.478041 -0.876408
    outer loop
      vertex 6 64.6 58
      vertex 6 66.8 56.8
      vertex 6.03916 64.6 58.0026
    endloop
  endfacet
  facet normal 0.171443 -0.478079 0.861422
    outer loop
      vertex 6.03916 64.6 58.5974
      vertex 6.38823 66.8 59.7489
      vertex 6.19579 66.8 59.7872
    endloop
  endfacet
  facet normal 0.0581885 -0.478041 0.876408
    outer loop
      vertex 6 64.6 58.6
      vertex 6.03916 64.6 58.5974
      vertex 6 66.8 59.8
    endloop
  endfacet
  facet normal -0.787772 -0.47806 -0.388425
    outer loop
      vertex 4.61418 66.8 57.726
      vertex 4.70096 66.8 57.55
      vertex 5.74019 64.6 58.15
    endloop
  endfacet
  facet normal 0.282117 -0.478039 -0.831798
    outer loop
      vertex 6.07765 64.6 58.0102
      vertex 6.57402 66.8 56.9142
      vertex 6.1148 64.6 58.0228
    endloop
  endfacet
  facet normal -0.876445 -0.478061 0.0574608
    outer loop
      vertex 4.5 66.8 58.3
      vertex 5.7 64.6 58.3
      vertex 5.70257 64.6 58.3392
    endloop
  endfacet
  facet normal -0.388554 -0.478044 0.787718
    outer loop
      vertex 5.25 66.8 59.599
      vertex 5.88519 64.6 58.5772
      vertex 5.42597 66.8 59.6858
    endloop
  endfacet
  facet normal 0.861395 -0.478069 0.171606
    outer loop
      vertex 6.28978 64.6 58.3776
      vertex 6.29743 64.6 58.3392
      vertex 7.44889 66.8 58.6882
    endloop
  endfacet
  facet normal 0.0572987 -0.478078 -0.876447
    outer loop
      vertex 6 66.8 56.8
      vertex 6.19579 66.8 56.8128
      vertex 6.03916 64.6 58.0026
    endloop
  endfacet
  facet normal 0.0572987 -0.478078 0.876447
    outer loop
      vertex 6 66.8 59.8
      vertex 6.03916 64.6 58.5974
      vertex 6.19579 66.8 59.7872
    endloop
  endfacet
  facet normal 0.388534 -0.478055 -0.787721
    outer loop
      vertex 6.15 64.6 58.0402
      vertex 6.57402 66.8 56.9142
      vertex 6.75 66.8 57.001
    endloop
  endfacet
  facet normal -0.660519 -0.478064 0.578938
    outer loop
      vertex 4.80997 66.8 59.2131
      vertex 5.76199 64.6 58.4826
      vertex 4.93934 66.8 59.3607
    endloop
  endfacet
  facet normal -0.579479 -0.478092 0.660024
    outer loop
      vertex 4.93934 66.8 59.3607
      vertex 5.78787 64.6 58.5121
      vertex 5.81737 64.6 58.538
    endloop
  endfacet
  facet normal 0 -1 0
    outer loop
      vertex 15.9899 66.8 12.9899
      vertex 15.9899 66.8 31.01
      vertex 15.8523 66.8 13.1107
    endloop
  endfacet
  facet normal 0 -1 0
    outer loop
      vertex 76.7066 66.8 31.4642
      vertex 77.8173 66.8 13.388
      vertex 78 66.8 13.4
    endloop
  endfacet
  facet normal 0 -1 0
    outer loop
      vertex 15.9899 66.8 31.01
      vertex 15.9899 66.8 12.9899
      vertex 16.1107 66.8 31.1477
    endloop
  endfacet
  facet normal 0 -1 0
    outer loop
      vertex 76.7066 66.8 31.4642
      vertex 77.6376 66.8 13.3523
      vertex 77.8173 66.8 13.388
    endloop
  endfacet
  facet normal 0 -1 0
    outer loop
      vertex 16.1107 66.8 12.8523
      vertex 16.1107 66.8 31.1477
      vertex 15.9899 66.8 12.9899
    endloop
  endfacet
  facet normal 0 -1 0
    outer loop
      vertex 76.7066 66.8 31.4642
      vertex 77.4642 66.8 13.2934
      vertex 77.6376 66.8 13.3523
    endloop
  endfacet
  facet normal 0 -1 0
    outer loop
      vertex 16.1107 66.8 31.1477
      vertex 16.1107 66.8 12.8523
      vertex 16.2124 66.8 31.3
    endloop
  endfacet
  facet normal 0 -1 0
    outer loop
      vertex 76.7066 66.8 31.4642
      vertex 77.3 66.8 13.2124
      vertex 77.4642 66.8 13.2934
    endloop
  endfacet
  facet normal 0 -1 0
    outer loop
      vertex 16.2124 66.8 12.7
      vertex 16.2124 66.8 31.3
      vertex 16.1107 66.8 12.8523
    endloop
  endfacet
  facet normal 0 -1 0
    outer loop
      vertex 76.7066 66.8 31.4642
      vertex 77.1477 66.8 13.1107
      vertex 77.3 66.8 13.2124
    endloop
  endfacet
  facet normal 0 -1 0
    outer loop
      vertex 16.2124 66.8 31.3
      vertex 16.2124 66.8 12.7
      vertex 16.2934 66.8 31.4642
    endloop
  endfacet
  facet normal 0 -1 0
    outer loop
      vertex 76.7066 66.8 31.4642
      vertex 77.01 66.8 12.9899
      vertex 77.1477 66.8 13.1107
    endloop
  endfacet
  facet normal 0 -1 0
    outer loop
      vertex 16.2934 66.8 12.5358
      vertex 16.2934 66.8 31.4642
      vertex 16.2124 66.8 12.7
    endloop
  endfacet
  facet normal 0 -1 0
    outer loop
      vertex 76.7066 66.8 31.4642
      vertex 76.8893 66.8 12.8523
      vertex 77.01 66.8 12.9899
    endloop
  endfacet
  facet normal 0 -1 0
    outer loop
      vertex 16.3523 66.8 12.3623
      vertex 16.2934 66.8 31.4642
      vertex 16.2934 66.8 12.5358
    endloop
  endfacet
  facet normal 0 -1 0
    outer loop
      vertex 76.7066 66.8 31.4642
      vertex 76.7876 66.8 12.7
      vertex 76.8893 66.8 12.8523
    endloop
  endfacet
  facet normal 0 -1 0
    outer loop
      vertex 16.2934 66.8 31.4642
      vertex 16.3523 66.8 12.3623
      vertex 76.7066 66.8 31.4642
    endloop
  endfacet
  facet normal 0 -1 0
    outer loop
      vertex 76.7066 66.8 31.4642
      vertex 76.7066 66.8 12.5358
      vertex 76.7876 66.8 12.7
    endloop
  endfacet
  facet normal 0 -1 0
    outer loop
      vertex 76.6477 66.8 12.3623
      vertex 76.7066 66.8 31.4642
      vertex 16.3523 66.8 12.3623
    endloop
  endfacet
  facet normal 0 -1 -0
    outer loop
      vertex 76.7066 66.8 31.4642
      vertex 76.6477 66.8 12.3623
      vertex 76.7066 66.8 12.5358
    endloop
  endfacet
  facet normal 0 -1 0
    outer loop
      vertex 16.388 66.8 12.1827
      vertex 76.6477 66.8 12.3623
      vertex 16.3523 66.8 12.3623
    endloop
  endfacet
  facet normal 0 -1 0
    outer loop
      vertex 16.388 66.8 12.1827
      vertex 76.612 66.8 12.1827
      vertex 76.6477 66.8 12.3623
    endloop
  endfacet
  facet normal 0 -1 0
    outer loop
      vertex 16.4 66.8 12
      vertex 76.612 66.8 12.1827
      vertex 16.388 66.8 12.1827
    endloop
  endfacet
  facet normal 0 -1 0
    outer loop
      vertex 16.4 66.8 12
      vertex 76.6 66.8 12
      vertex 76.612 66.8 12.1827
    endloop
  endfacet
  facet normal 0 -1 0
    outer loop
      vertex 16.388 66.8 11.8173
      vertex 76.6 66.8 12
      vertex 16.4 66.8 12
    endloop
  endfacet
  facet normal 0 -1 0
    outer loop
      vertex 16.388 66.8 11.8173
      vertex 76.612 66.8 11.8173
      vertex 76.6 66.8 12
    endloop
  endfacet
  facet normal 0 -1 0
    outer loop
      vertex 16.3523 66.8 11.6377
      vertex 76.612 66.8 11.8173
      vertex 16.388 66.8 11.8173
    endloop
  endfacet
  facet normal 0 -1 0
    outer loop
      vertex 16.3523 66.8 11.6377
      vertex 76.6477 66.8 11.6377
      vertex 76.612 66.8 11.8173
    endloop
  endfacet
  facet normal 0 -1 0
    outer loop
      vertex 16.2934 66.8 11.4642
      vertex 76.6477 66.8 11.6377
      vertex 16.3523 66.8 11.6377
    endloop
  endfacet
  facet normal 0 -1 0
    outer loop
      vertex 16.2934 66.8 11.4642
      vertex 76.7066 66.8 11.4642
      vertex 76.6477 66.8 11.6377
    endloop
  endfacet
  facet normal 0 -1 0
    outer loop
      vertex 16.2124 66.8 11.3
      vertex 76.7066 66.8 11.4642
      vertex 16.2934 66.8 11.4642
    endloop
  endfacet
  facet normal 0 -1 0
    outer loop
      vertex 16.2124 66.8 11.3
      vertex 76.7876 66.8 11.3
      vertex 76.7066 66.8 11.4642
    endloop
  endfacet
  facet normal 0 -1 0
    outer loop
      vertex 16.1107 66.8 11.1477
      vertex 76.7876 66.8 11.3
      vertex 16.2124 66.8 11.3
    endloop
  endfacet
  facet normal 0 -1 0
    outer loop
      vertex 16.1107 66.8 11.1477
      vertex 76.8893 66.8 11.1477
      vertex 76.7876 66.8 11.3
    endloop
  endfacet
  facet normal 0 -1 0
    outer loop
      vertex 15.9899 66.8 11.01
      vertex 76.8893 66.8 11.1477
      vertex 16.1107 66.8 11.1477
    endloop
  endfacet
  facet normal 0 -1 0
    outer loop
      vertex 15.9899 66.8 11.01
      vertex 77.01 66.8 11.01
      vertex 76.8893 66.8 11.1477
    endloop
  endfacet
  facet normal 0 -1 0
    outer loop
      vertex 15.8523 66.8 10.8893
      vertex 77.01 66.8 11.01
      vertex 15.9899 66.8 11.01
    endloop
  endfacet
  facet normal 0 -1 0
    outer loop
      vertex 15.8523 66.8 10.8893
      vertex 77.1477 66.8 10.8893
      vertex 77.01 66.8 11.01
    endloop
  endfacet
  facet normal 0 -1 0
    outer loop
      vertex 15.7 66.8 10.7876
      vertex 77.1477 66.8 10.8893
      vertex 15.8523 66.8 10.8893
    endloop
  endfacet
  facet normal 0 -1 0
    outer loop
      vertex 15.7 66.8 10.7876
      vertex 77.3 66.8 10.7876
      vertex 77.1477 66.8 10.8893
    endloop
  endfacet
  facet normal 0 -1 0
    outer loop
      vertex 15.5358 66.8 10.7066
      vertex 77.3 66.8 10.7876
      vertex 15.7 66.8 10.7876
    endloop
  endfacet
  facet normal 0 -1 0
    outer loop
      vertex 15.5358 66.8 10.7066
      vertex 77.4642 66.8 10.7066
      vertex 77.3 66.8 10.7876
    endloop
  endfacet
  facet normal 0 -1 0
    outer loop
      vertex -5 66.8 0
      vertex 15.5358 66.8 10.7066
      vertex 15.3623 66.8 10.6477
    endloop
  endfacet
  facet normal 0 -1 -0
    outer loop
      vertex 15.5358 66.8 10.7066
      vertex -5 66.8 0
      vertex 77.4642 66.8 10.7066
    endloop
  endfacet
  facet normal 0 -1 0
    outer loop
      vertex -5 66.8 0
      vertex 15.3623 66.8 10.6477
      vertex 15.1827 66.8 10.612
    endloop
  endfacet
  facet normal 0 -1 -0
    outer loop
      vertex 77.4642 66.8 10.7066
      vertex -5 66.8 0
      vertex 77.6376 66.8 10.6477
    endloop
  endfacet
  facet normal 0 -1 0
    outer loop
      vertex -5 66.8 0
      vertex 15.1827 66.8 10.612
      vertex 15 66.8 10.6
    endloop
  endfacet
  facet normal 0 -1 0
    outer loop
      vertex 100.8 66.8 0
      vertex 77.6376 66.8 10.6477
      vertex -5 66.8 0
    endloop
  endfacet
  facet normal 0 -1 0
    outer loop
      vertex 77.6376 66.8 30.6477
      vertex 98.3 66.8 13.5
      vertex 77.8173 66.8 30.612
    endloop
  endfacet
  facet normal 0 -1 0
    outer loop
      vertex 77.1477 66.8 30.8893
      vertex 78 66.8 13.4
      vertex 77.3 66.8 30.7876
    endloop
  endfacet
  facet normal 0 -1 0
    outer loop
      vertex 14.8173 66.8 13.388
      vertex -2.30421 66.8 13.4872
      vertex -2.11177 66.8 13.4489
    endloop
  endfacet
  facet normal 0 -1 0
    outer loop
      vertex 78.1827 66.8 13.388
      vertex 77.3 66.8 30.7876
      vertex 78 66.8 13.4
    endloop
  endfacet
  facet normal 0 -1 0
    outer loop
      vertex 77.3 66.8 30.7876
      vertex 98.1042 66.8 13.4872
      vertex 98.3 66.8 13.5
    endloop
  endfacet
  facet normal 0 -1 0
    outer loop
      vertex -2.30421 66.8 13.4872
      vertex 14.8173 66.8 13.388
      vertex 15 66.8 13.4
    endloop
  endfacet
  facet normal 0 -1 0
    outer loop
      vertex 14.6377 66.8 13.3523
      vertex -2.11177 66.8 13.4489
      vertex -1.92597 66.8 13.3858
    endloop
  endfacet
  facet normal 0 -1 0
    outer loop
      vertex -2.11177 66.8 13.4489
      vertex 14.6377 66.8 13.3523
      vertex 14.8173 66.8 13.388
    endloop
  endfacet
  facet normal 0 -1 0
    outer loop
      vertex 14.4642 66.8 13.2934
      vertex -1.92597 66.8 13.3858
      vertex -1.75 66.8 13.299
    endloop
  endfacet
  facet normal 0 -1 0
    outer loop
      vertex -1.92597 66.8 13.3858
      vertex 14.4642 66.8 13.2934
      vertex 14.6377 66.8 13.3523
    endloop
  endfacet
  facet normal 0 -1 0
    outer loop
      vertex -1.75 66.8 13.299
      vertex 14.3 66.8 13.2124
      vertex 14.4642 66.8 13.2934
    endloop
  endfacet
  facet normal 0 -1 0
    outer loop
      vertex -1.58686 66.8 13.19
      vertex 14.3 66.8 13.2124
      vertex -1.75 66.8 13.299
    endloop
  endfacet
  facet normal 0 -1 0
    outer loop
      vertex -1.58686 66.8 13.19
      vertex 14.1477 66.8 13.1107
      vertex 14.3 66.8 13.2124
    endloop
  endfacet
  facet normal 0 -1 0
    outer loop
      vertex -1.43934 66.8 13.0607
      vertex 14.1477 66.8 13.1107
      vertex -1.58686 66.8 13.19
    endloop
  endfacet
  facet normal 0 -1 0
    outer loop
      vertex -1.43934 66.8 13.0607
      vertex 14.01 66.8 12.9899
      vertex 14.1477 66.8 13.1107
    endloop
  endfacet
  facet normal 0 -1 0
    outer loop
      vertex -1.30997 66.8 12.9131
      vertex 14.01 66.8 12.9899
      vertex -1.43934 66.8 13.0607
    endloop
  endfacet
  facet normal 0 -1 0
    outer loop
      vertex -1.30997 66.8 12.9131
      vertex 13.8893 66.8 12.8523
      vertex 14.01 66.8 12.9899
    endloop
  endfacet
  facet normal 0 -1 0
    outer loop
      vertex -1.20096 66.8 12.75
      vertex 13.8893 66.8 12.8523
      vertex -1.30997 66.8 12.9131
    endloop
  endfacet
  facet normal 0 -1 0
    outer loop
      vertex -1.20096 66.8 12.75
      vertex 13.7876 66.8 12.7
      vertex 13.8893 66.8 12.8523
    endloop
  endfacet
  facet normal 0 -1 0
    outer loop
      vertex -1.11418 66.8 12.574
      vertex 13.7876 66.8 12.7
      vertex -1.20096 66.8 12.75
    endloop
  endfacet
  facet normal 0 -1 0
    outer loop
      vertex -1.11418 66.8 12.574
      vertex 13.7066 66.8 12.5358
      vertex 13.7876 66.8 12.7
    endloop
  endfacet
  facet normal 0 -1 0
    outer loop
      vertex -1.05111 66.8 12.3882
      vertex 13.7066 66.8 12.5358
      vertex -1.11418 66.8 12.574
    endloop
  endfacet
  facet normal 0 -1 0
    outer loop
      vertex -1.05111 66.8 12.3882
      vertex 13.6477 66.8 12.3623
      vertex 13.7066 66.8 12.5358
    endloop
  endfacet
  facet normal 0 -1 0
    outer loop
      vertex -1.01283 66.8 12.1958
      vertex 13.6477 66.8 12.3623
      vertex -1.05111 66.8 12.3882
    endloop
  endfacet
  facet normal 0 -1 0
    outer loop
      vertex -1.01283 66.8 12.1958
      vertex 13.612 66.8 12.1827
      vertex 13.6477 66.8 12.3623
    endloop
  endfacet
  facet normal 0 -1 0
    outer loop
      vertex -1 66.8 12
      vertex 13.612 66.8 12.1827
      vertex -1.01283 66.8 12.1958
    endloop
  endfacet
  facet normal 0 -1 0
    outer loop
      vertex -1 66.8 12
      vertex 13.6 66.8 12
      vertex 13.612 66.8 12.1827
    endloop
  endfacet
  facet normal 0 -1 0
    outer loop
      vertex -1 66.8 12
      vertex 13.612 66.8 11.8173
      vertex 13.6 66.8 12
    endloop
  endfacet
  facet normal 0 -1 0
    outer loop
      vertex -1.01283 66.8 11.8042
      vertex 13.612 66.8 11.8173
      vertex -1 66.8 12
    endloop
  endfacet
  facet normal 0 -1 0
    outer loop
      vertex -1.01283 66.8 11.8042
      vertex 13.6477 66.8 11.6377
      vertex 13.612 66.8 11.8173
    endloop
  endfacet
  facet normal 0 -1 0
    outer loop
      vertex -1.05111 66.8 11.6118
      vertex 13.6477 66.8 11.6377
      vertex -1.01283 66.8 11.8042
    endloop
  endfacet
  facet normal 0 -1 0
    outer loop
      vertex -1.05111 66.8 11.6118
      vertex 13.7066 66.8 11.4642
      vertex 13.6477 66.8 11.6377
    endloop
  endfacet
  facet normal 0 -1 0
    outer loop
      vertex -1.11418 66.8 11.426
      vertex 13.7066 66.8 11.4642
      vertex -1.05111 66.8 11.6118
    endloop
  endfacet
  facet normal 0 -1 0
    outer loop
      vertex -1.11418 66.8 11.426
      vertex 13.7876 66.8 11.3
      vertex 13.7066 66.8 11.4642
    endloop
  endfacet
  facet normal 0 -1 0
    outer loop
      vertex -1.20096 66.8 11.25
      vertex 13.7876 66.8 11.3
      vertex -1.11418 66.8 11.426
    endloop
  endfacet
  facet normal 0 -1 0
    outer loop
      vertex -1.20096 66.8 11.25
      vertex 13.8893 66.8 11.1477
      vertex 13.7876 66.8 11.3
    endloop
  endfacet
  facet normal 0 -1 0
    outer loop
      vertex -1.30997 66.8 11.0869
      vertex 13.8893 66.8 11.1477
      vertex -1.20096 66.8 11.25
    endloop
  endfacet
  facet normal 0 -1 0
    outer loop
      vertex -1.30997 66.8 11.0869
      vertex 14.01 66.8 11.01
      vertex 13.8893 66.8 11.1477
    endloop
  endfacet
  facet normal 0 -1 0
    outer loop
      vertex -1.43934 66.8 10.9393
      vertex 14.01 66.8 11.01
      vertex -1.30997 66.8 11.0869
    endloop
  endfacet
  facet normal 0 -1 0
    outer loop
      vertex -5 66.8 0
      vertex 14.01 66.8 11.01
      vertex -1.43934 66.8 10.9393
    endloop
  endfacet
  facet normal 0 -1 0
    outer loop
      vertex -5 66.8 0
      vertex -1.43934 66.8 10.9393
      vertex -1.58686 66.8 10.81
    endloop
  endfacet
  facet normal 0 -1 -0
    outer loop
      vertex 14.01 66.8 11.01
      vertex -5 66.8 0
      vertex 14.1477 66.8 10.8893
    endloop
  endfacet
  facet normal 0 -1 -0
    outer loop
      vertex 14.1477 66.8 10.8893
      vertex -5 66.8 0
      vertex 14.3 66.8 10.7876
    endloop
  endfacet
  facet normal 0 -1 0
    outer loop
      vertex -5 66.8 0
      vertex -1.58686 66.8 10.81
      vertex -1.75 66.8 10.701
    endloop
  endfacet
  facet normal 0 -1 -0
    outer loop
      vertex 14.3 66.8 10.7876
      vertex -5 66.8 0
      vertex 14.4642 66.8 10.7066
    endloop
  endfacet
  facet normal 0 -1 0
    outer loop
      vertex -5 66.8 0
      vertex -1.75 66.8 10.701
      vertex -1.92597 66.8 10.6142
    endloop
  endfacet
  facet normal 0 -1 -0
    outer loop
      vertex 14.4642 66.8 10.7066
      vertex -5 66.8 0
      vertex 14.6377 66.8 10.6477
    endloop
  endfacet
  facet normal 0 -1 -0
    outer loop
      vertex 14.6377 66.8 10.6477
      vertex -5 66.8 0
      vertex 14.8173 66.8 10.612
    endloop
  endfacet
  facet normal 0 -1 -0
    outer loop
      vertex 14.8173 66.8 10.612
      vertex -5 66.8 0
      vertex 15 66.8 10.6
    endloop
  endfacet
  facet normal 0 -1 0
    outer loop
      vertex -5 66.8 0
      vertex -1.92597 66.8 10.6142
      vertex -2.11177 66.8 10.5511
    endloop
  endfacet
  facet normal 0 -1 -0
    outer loop
      vertex 13.7876 66.8 31.3
      vertex -1.01283 66.8 26.1958
      vertex 13.8893 66.8 31.1477
    endloop
  endfacet
  facet normal 0 -1 0
    outer loop
      vertex 77.8173 66.8 30.612
      vertex 98.1042 66.8 27.4872
      vertex 98.3 66.8 27.5
    endloop
  endfacet
  facet normal 0 -1 0
    outer loop
      vertex -1 66.8 26
      vertex 13.8893 66.8 31.1477
      vertex -1.01283 66.8 26.1958
    endloop
  endfacet
  facet normal 0 -1 0
    outer loop
      vertex 77.8173 66.8 30.612
      vertex 97.9118 66.8 27.4489
      vertex 98.1042 66.8 27.4872
    endloop
  endfacet
  facet normal 0 -1 -0
    outer loop
      vertex 13.8893 66.8 31.1477
      vertex -1 66.8 26
      vertex 14.01 66.8 31.01
    endloop
  endfacet
  facet normal 0 -1 0
    outer loop
      vertex 77.8173 66.8 30.612
      vertex 97.726 66.8 27.3858
      vertex 97.9118 66.8 27.4489
    endloop
  endfacet
  facet normal 0 -1 0
    outer loop
      vertex -1.01283 66.8 25.8042
      vertex 14.01 66.8 31.01
      vertex -1 66.8 26
    endloop
  endfacet
  facet normal 0 -1 0
    outer loop
      vertex 77.8173 66.8 30.612
      vertex 97.55 66.8 27.299
      vertex 97.726 66.8 27.3858
    endloop
  endfacet
  facet normal 0 -1 -0
    outer loop
      vertex 14.01 66.8 31.01
      vertex -1.01283 66.8 25.8042
      vertex 14.1477 66.8 30.8893
    endloop
  endfacet
  facet normal 0 -1 0
    outer loop
      vertex 77.8173 66.8 30.612
      vertex 97.3869 66.8 27.19
      vertex 97.55 66.8 27.299
    endloop
  endfacet
  facet normal 0 -1 0
    outer loop
      vertex -1.05111 66.8 25.6118
      vertex 14.1477 66.8 30.8893
      vertex -1.01283 66.8 25.8042
    endloop
  endfacet
  facet normal 0 -1 0
    outer loop
      vertex 77.8173 66.8 30.612
      vertex 97.2393 66.8 27.0607
      vertex 97.3869 66.8 27.19
    endloop
  endfacet
  facet normal 0 -1 -0
    outer loop
      vertex 14.1477 66.8 30.8893
      vertex -1.05111 66.8 25.6118
      vertex 14.3 66.8 30.7876
    endloop
  endfacet
  facet normal 0 -1 0
    outer loop
      vertex 77.8173 66.8 30.612
      vertex 97.11 66.8 26.9131
      vertex 97.2393 66.8 27.0607
    endloop
  endfacet
  facet normal 0 -1 0
    outer loop
      vertex -1.11418 66.8 25.426
      vertex 14.3 66.8 30.7876
      vertex -1.05111 66.8 25.6118
    endloop
  endfacet
  facet normal 0 -1 0
    outer loop
      vertex 77.8173 66.8 30.612
      vertex 97.001 66.8 26.75
      vertex 97.11 66.8 26.9131
    endloop
  endfacet
  facet normal 0 -1 0
    outer loop
      vertex 15 66.8 13.4
      vertex 14.3 66.8 30.7876
      vertex -1.11418 66.8 25.426
    endloop
  endfacet
  facet normal 0 -1 0
    outer loop
      vertex 77.8173 66.8 30.612
      vertex 96.9142 66.8 26.574
      vertex 97.001 66.8 26.75
    endloop
  endfacet
  facet normal 0 -1 0
    outer loop
      vertex 15 66.8 13.4
      vertex -1.11418 66.8 25.426
      vertex -1.20096 66.8 25.25
    endloop
  endfacet
  facet normal 0 -1 0
    outer loop
      vertex 77.8173 66.8 30.612
      vertex 96.8511 66.8 26.3882
      vertex 96.9142 66.8 26.574
    endloop
  endfacet
  facet normal 0 -1 0
    outer loop
      vertex 15 66.8 13.4
      vertex -1.30997 66.8 25.0869
      vertex -2.30421 66.8 13.4872
    endloop
  endfacet
  facet normal 0 -1 0
    outer loop
      vertex 77.8173 66.8 30.612
      vertex 96.8128 66.8 26.1958
      vertex 96.8511 66.8 26.3882
    endloop
  endfacet
  facet normal 0 -1 0
    outer loop
      vertex -1.30997 66.8 25.0869
      vertex 15 66.8 13.4
      vertex -1.20096 66.8 25.25
    endloop
  endfacet
  facet normal 0 -1 0
    outer loop
      vertex 77.8173 66.8 30.612
      vertex 96.8 66.8 26
      vertex 96.8128 66.8 26.1958
    endloop
  endfacet
  facet normal 0 -1 0
    outer loop
      vertex 14.3 66.8 30.7876
      vertex 15 66.8 13.4
      vertex 14.4642 66.8 30.7066
    endloop
  endfacet
  facet normal 0 -1 0
    outer loop
      vertex 77.8173 66.8 30.612
      vertex 96.8128 66.8 25.8042
      vertex 96.8 66.8 26
    endloop
  endfacet
  facet normal 0 -1 0
    outer loop
      vertex 14.8173 66.8 30.612
      vertex 15 66.8 13.4
      vertex 15 66.8 30.6
    endloop
  endfacet
  facet normal 0 -1 0
    outer loop
      vertex 77.8173 66.8 30.612
      vertex 96.8511 66.8 25.6118
      vertex 96.8128 66.8 25.8042
    endloop
  endfacet
  facet normal 0 -1 0
    outer loop
      vertex 14.4642 66.8 30.7066
      vertex 15 66.8 13.4
      vertex 14.6377 66.8 30.6477
    endloop
  endfacet
  facet normal 0 -1 0
    outer loop
      vertex 77.4642 66.8 30.7066
      vertex 98.3 66.8 13.5
      vertex 77.6376 66.8 30.6477
    endloop
  endfacet
  facet normal 0 -1 0
    outer loop
      vertex 14.6377 66.8 30.6477
      vertex 15 66.8 13.4
      vertex 14.8173 66.8 30.612
    endloop
  endfacet
  facet normal -0 -1 -0
    outer loop
      vertex 97.001 66.8 25.25
      vertex 77.8173 66.8 30.612
      vertex 98.3 66.8 13.5
    endloop
  endfacet
  facet normal 0 -1 -0
    outer loop
      vertex -1.43934 66.8 24.9393
      vertex -2.30421 66.8 13.4872
      vertex -1.30997 66.8 25.0869
    endloop
  endfacet
  facet normal 0 -1 0
    outer loop
      vertex 77.8173 66.8 30.612
      vertex 96.9142 66.8 25.426
      vertex 96.8511 66.8 25.6118
    endloop
  endfacet
  facet normal 0 -1 -0
    outer loop
      vertex -1.58686 66.8 24.81
      vertex -2.30421 66.8 13.4872
      vertex -1.43934 66.8 24.9393
    endloop
  endfacet
  facet normal 0 -1 0
    outer loop
      vertex 77.8173 66.8 30.612
      vertex 97.001 66.8 25.25
      vertex 96.9142 66.8 25.426
    endloop
  endfacet
  facet normal 0 -1 -0
    outer loop
      vertex -1.75 66.8 24.701
      vertex -2.30421 66.8 13.4872
      vertex -1.58686 66.8 24.81
    endloop
  endfacet
  facet normal 0 -1 0
    outer loop
      vertex 97.001 66.8 25.25
      vertex 98.3 66.8 13.5
      vertex 97.11 66.8 25.0869
    endloop
  endfacet
  facet normal 0 -1 -0
    outer loop
      vertex -1.92597 66.8 24.6142
      vertex -2.30421 66.8 13.4872
      vertex -1.75 66.8 24.701
    endloop
  endfacet
  facet normal 0 -1 0
    outer loop
      vertex 97.11 66.8 25.0869
      vertex 98.3 66.8 13.5
      vertex 97.2393 66.8 24.9393
    endloop
  endfacet
  facet normal 0 -1 -0
    outer loop
      vertex -2.11177 66.8 24.5511
      vertex -2.30421 66.8 13.4872
      vertex -1.92597 66.8 24.6142
    endloop
  endfacet
  facet normal 0 -1 0
    outer loop
      vertex 97.2393 66.8 24.9393
      vertex 98.3 66.8 13.5
      vertex 97.3869 66.8 24.81
    endloop
  endfacet
  facet normal 0 -1 0
    outer loop
      vertex -2.30421 66.8 24.5128
      vertex -2.30421 66.8 13.4872
      vertex -2.11177 66.8 24.5511
    endloop
  endfacet
  facet normal 0 -1 0
    outer loop
      vertex 97.3869 66.8 24.81
      vertex 98.3 66.8 13.5
      vertex 97.55 66.8 24.701
    endloop
  endfacet
  facet normal 0 -1 0
    outer loop
      vertex -2.30421 66.8 13.4872
      vertex -2.30421 66.8 24.5128
      vertex -2.5 66.8 13.5
    endloop
  endfacet
  facet normal 0 -1 0
    outer loop
      vertex 97.55 66.8 24.701
      vertex 98.3 66.8 13.5
      vertex 97.726 66.8 24.6142
    endloop
  endfacet
  facet normal 0 -1 0
    outer loop
      vertex -2.5 66.8 13.5
      vertex -2.30421 66.8 24.5128
      vertex -2.5 66.8 24.5
    endloop
  endfacet
  facet normal 0 -1 0
    outer loop
      vertex 97.726 66.8 24.6142
      vertex 98.3 66.8 13.5
      vertex 97.9118 66.8 24.5511
    endloop
  endfacet
  facet normal 0 -1 -0
    outer loop
      vertex 29.8042 66.8 56.8128
      vertex 16.1107 66.8 32.8523
      vertex 30 66.8 56.8
    endloop
  endfacet
  facet normal 0 -1 0
    outer loop
      vertex 42 66.8 56.8
      vertex 77.8173 66.8 33.388
      vertex 78 66.8 33.4
    endloop
  endfacet
  facet normal 0 -1 0
    outer loop
      vertex 16.2124 66.8 32.7
      vertex 30 66.8 56.8
      vertex 16.1107 66.8 32.8523
    endloop
  endfacet
  facet normal 0 -1 0
    outer loop
      vertex 42 66.8 56.8
      vertex 77.6376 66.8 33.3523
      vertex 77.8173 66.8 33.388
    endloop
  endfacet
  facet normal 0 -1 -0
    outer loop
      vertex 30 66.8 56.8
      vertex 16.2124 66.8 32.7
      vertex 30.1958 66.8 56.8128
    endloop
  endfacet
  facet normal 0 -1 0
    outer loop
      vertex 42 66.8 56.8
      vertex 77.4642 66.8 33.2934
      vertex 77.6376 66.8 33.3523
    endloop
  endfacet
  facet normal 0 -1 0
    outer loop
      vertex 16.2934 66.8 32.5358
      vertex 30.1958 66.8 56.8128
      vertex 16.2124 66.8 32.7
    endloop
  endfacet
  facet normal 0 -1 0
    outer loop
      vertex 42 66.8 56.8
      vertex 77.3 66.8 33.2124
      vertex 77.4642 66.8 33.2934
    endloop
  endfacet
  facet normal 0 -1 -0
    outer loop
      vertex 30.1958 66.8 56.8128
      vertex 16.2934 66.8 32.5358
      vertex 30.3882 66.8 56.8511
    endloop
  endfacet
  facet normal 0 -1 0
    outer loop
      vertex 42 66.8 56.8
      vertex 77.1477 66.8 33.1107
      vertex 77.3 66.8 33.2124
    endloop
  endfacet
  facet normal 0 -1 0
    outer loop
      vertex 16.3523 66.8 32.3623
      vertex 30.3882 66.8 56.8511
      vertex 16.2934 66.8 32.5358
    endloop
  endfacet
  facet normal 0 -1 0
    outer loop
      vertex 42 66.8 56.8
      vertex 77.01 66.8 32.9899
      vertex 77.1477 66.8 33.1107
    endloop
  endfacet
  facet normal 0 -1 -0
    outer loop
      vertex 30.3882 66.8 56.8511
      vertex 16.3523 66.8 32.3623
      vertex 41.6118 66.8 56.8511
    endloop
  endfacet
  facet normal 0 -1 0
    outer loop
      vertex 42 66.8 56.8
      vertex 76.8893 66.8 32.8523
      vertex 77.01 66.8 32.9899
    endloop
  endfacet
  facet normal 0 -1 0
    outer loop
      vertex 16.388 66.8 32.1827
      vertex 41.6118 66.8 56.8511
      vertex 16.3523 66.8 32.3623
    endloop
  endfacet
  facet normal 0 -1 0
    outer loop
      vertex 42 66.8 56.8
      vertex 76.7876 66.8 32.7
      vertex 76.8893 66.8 32.8523
    endloop
  endfacet
  facet normal 0 -1 -0
    outer loop
      vertex 41.6118 66.8 56.8511
      vertex 16.388 66.8 32.1827
      vertex 41.8042 66.8 56.8128
    endloop
  endfacet
  facet normal 0 -1 0
    outer loop
      vertex 42 66.8 56.8
      vertex 76.7066 66.8 32.5358
      vertex 76.7876 66.8 32.7
    endloop
  endfacet
  facet normal 0 -1 0
    outer loop
      vertex 16.4 66.8 32
      vertex 41.8042 66.8 56.8128
      vertex 16.388 66.8 32.1827
    endloop
  endfacet
  facet normal 0 -1 0
    outer loop
      vertex 42 66.8 56.8
      vertex 76.6477 66.8 32.3623
      vertex 76.7066 66.8 32.5358
    endloop
  endfacet
  facet normal 0 -1 -0
    outer loop
      vertex 41.8042 66.8 56.8128
      vertex 16.4 66.8 32
      vertex 42 66.8 56.8
    endloop
  endfacet
  facet normal 0 -1 0
    outer loop
      vertex 42 66.8 56.8
      vertex 76.612 66.8 32.1827
      vertex 76.6477 66.8 32.3623
    endloop
  endfacet
  facet normal 0 -1 0
    outer loop
      vertex 16.388 66.8 31.8173
      vertex 42 66.8 56.8
      vertex 16.4 66.8 32
    endloop
  endfacet
  facet normal 0 -1 0
    outer loop
      vertex 42 66.8 56.8
      vertex 76.6 66.8 32
      vertex 76.612 66.8 32.1827
    endloop
  endfacet
  facet normal 0 -1 0
    outer loop
      vertex 76.612 66.8 31.8173
      vertex 42 66.8 56.8
      vertex 16.388 66.8 31.8173
    endloop
  endfacet
  facet normal 0 -1 0
    outer loop
      vertex 42 66.8 56.8
      vertex 76.612 66.8 31.8173
      vertex 76.6 66.8 32
    endloop
  endfacet
  facet normal 0 -1 0
    outer loop
      vertex 16.3523 66.8 31.6377
      vertex 76.612 66.8 31.8173
      vertex 16.388 66.8 31.8173
    endloop
  endfacet
  facet normal 0 -1 0
    outer loop
      vertex 16.3523 66.8 31.6377
      vertex 76.6477 66.8 31.6377
      vertex 76.612 66.8 31.8173
    endloop
  endfacet
  facet normal 0 -1 0
    outer loop
      vertex 16.2934 66.8 31.4642
      vertex 76.6477 66.8 31.6377
      vertex 16.3523 66.8 31.6377
    endloop
  endfacet
  facet normal 0 -1 0
    outer loop
      vertex 16.2934 66.8 31.4642
      vertex 76.7066 66.8 31.4642
      vertex 76.6477 66.8 31.6377
    endloop
  endfacet
  facet normal 0 -1 0
    outer loop
      vertex 15.7 66.8 30.7876
      vertex 15.7 66.8 13.2124
      vertex 15.8523 66.8 30.8893
    endloop
  endfacet
  facet normal 0 -1 0
    outer loop
      vertex 15.8523 66.8 13.1107
      vertex 15.8523 66.8 30.8893
      vertex 15.7 66.8 13.2124
    endloop
  endfacet
  facet normal 0 -1 0
    outer loop
      vertex 15.7 66.8 13.2124
      vertex 15.7 66.8 30.7876
      vertex 15.5358 66.8 13.2934
    endloop
  endfacet
  facet normal 0 -1 0
    outer loop
      vertex 15.8523 66.8 30.8893
      vertex 15.8523 66.8 13.1107
      vertex 15.9899 66.8 31.01
    endloop
  endfacet
  facet normal 0 -1 0
    outer loop
      vertex 15.5358 66.8 30.7066
      vertex 15.5358 66.8 13.2934
      vertex 15.7 66.8 30.7876
    endloop
  endfacet
  facet normal 0 -1 0
    outer loop
      vertex 76.7066 66.8 31.4642
      vertex 78 66.8 13.4
      vertex 76.7876 66.8 31.3
    endloop
  endfacet
  facet normal 0 -1 0
    outer loop
      vertex 15.5358 66.8 13.2934
      vertex 15.5358 66.8 30.7066
      vertex 15.3623 66.8 13.3523
    endloop
  endfacet
  facet normal 0 -1 0
    outer loop
      vertex 76.7876 66.8 31.3
      vertex 78 66.8 13.4
      vertex 76.8893 66.8 31.1477
    endloop
  endfacet
  facet normal 0 -1 0
    outer loop
      vertex 15.3623 66.8 30.6477
      vertex 15.3623 66.8 13.3523
      vertex 15.5358 66.8 30.7066
    endloop
  endfacet
  facet normal 0 -1 0
    outer loop
      vertex 76.8893 66.8 31.1477
      vertex 78 66.8 13.4
      vertex 77.01 66.8 31.01
    endloop
  endfacet
  facet normal 0 -1 0
    outer loop
      vertex 15.1827 66.8 30.612
      vertex 15.1827 66.8 13.388
      vertex 15.3623 66.8 30.6477
    endloop
  endfacet
  facet normal 0 -1 0
    outer loop
      vertex 15.3623 66.8 13.3523
      vertex 15.3623 66.8 30.6477
      vertex 15.1827 66.8 13.388
    endloop
  endfacet
  facet normal 0 -1 0
    outer loop
      vertex 15.1827 66.8 13.388
      vertex 15.1827 66.8 30.612
      vertex 15 66.8 13.4
    endloop
  endfacet
  facet normal 0 -1 0
    outer loop
      vertex 77.01 66.8 31.01
      vertex 78 66.8 13.4
      vertex 77.1477 66.8 30.8893
    endloop
  endfacet
  facet normal 0 -1 0
    outer loop
      vertex 15 66.8 30.6
      vertex 15 66.8 13.4
      vertex 15.1827 66.8 30.612
    endloop
  endfacet
  facet normal 0 -1 0
    outer loop
      vertex 77.3 66.8 30.7876
      vertex 98.3 66.8 13.5
      vertex 77.4642 66.8 30.7066
    endloop
  endfacet
  facet normal 0 -1 0
    outer loop
      vertex -1.05111 66.8 26.3882
      vertex 13.7066 66.8 31.4642
      vertex -1.11418 66.8 26.574
    endloop
  endfacet
  facet normal 0 -1 -0
    outer loop
      vertex 13.7066 66.8 31.4642
      vertex -1.05111 66.8 26.3882
      vertex 13.7876 66.8 31.3
    endloop
  endfacet
  facet normal 0 -1 0
    outer loop
      vertex 15.5358 66.8 33.2934
      vertex 18.1958 66.8 56.8128
      vertex 15.3623 66.8 33.3523
    endloop
  endfacet
  facet normal 0 -1 0
    outer loop
      vertex 54 66.8 56.8
      vertex 98.1042 66.8 41.4872
      vertex 98.3 66.8 41.5
    endloop
  endfacet
  facet normal 0 -1 -0
    outer loop
      vertex 18.1958 66.8 56.8128
      vertex 15.5358 66.8 33.2934
      vertex 18.3882 66.8 56.8511
    endloop
  endfacet
  facet normal 0 -1 0
    outer loop
      vertex 54 66.8 56.8
      vertex 97.9118 66.8 41.4489
      vertex 98.1042 66.8 41.4872
    endloop
  endfacet
  facet normal 0 -1 0
    outer loop
      vertex 15.7 66.8 33.2124
      vertex 18.3882 66.8 56.8511
      vertex 15.5358 66.8 33.2934
    endloop
  endfacet
  facet normal 0 -1 0
    outer loop
      vertex 54 66.8 56.8
      vertex 97.726 66.8 41.3858
      vertex 97.9118 66.8 41.4489
    endloop
  endfacet
  facet normal 0 -1 -0
    outer loop
      vertex 18.574 66.8 56.9142
      vertex 15.8523 66.8 33.1107
      vertex 29.426 66.8 56.9142
    endloop
  endfacet
  facet normal 0 -1 0
    outer loop
      vertex 54 66.8 56.8
      vertex 97.55 66.8 41.299
      vertex 97.726 66.8 41.3858
    endloop
  endfacet
  facet normal 0 -1 0
    outer loop
      vertex 16.1107 66.8 32.8523
      vertex 29.8042 66.8 56.8128
      vertex 15.9899 66.8 32.9899
    endloop
  endfacet
  facet normal -0 -1 0
    outer loop
      vertex 97.2393 66.8 41.0607
      vertex 54 66.8 56.8
      vertex 78 66.8 33.4
    endloop
  endfacet
  facet normal 0 -1 -0
    outer loop
      vertex 29.6118 66.8 56.8511
      vertex 15.9899 66.8 32.9899
      vertex 29.8042 66.8 56.8128
    endloop
  endfacet
  facet normal 0 -1 0
    outer loop
      vertex 54 66.8 56.8
      vertex 97.3869 66.8 41.19
      vertex 97.55 66.8 41.299
    endloop
  endfacet
  facet normal 0 -1 -0
    outer loop
      vertex 18.3882 66.8 56.8511
      vertex 15.7 66.8 33.2124
      vertex 18.574 66.8 56.9142
    endloop
  endfacet
  facet normal 0 -1 0
    outer loop
      vertex 54 66.8 56.8
      vertex 97.2393 66.8 41.0607
      vertex 97.3869 66.8 41.19
    endloop
  endfacet
  facet normal 0 -1 0
    outer loop
      vertex 14.8173 66.8 33.388
      vertex -1.30997 66.8 40.9131
      vertex -1.20096 66.8 40.75
    endloop
  endfacet
  facet normal 0 -1 0
    outer loop
      vertex 78.1827 66.8 33.388
      vertex 97.2393 66.8 41.0607
      vertex 78 66.8 33.4
    endloop
  endfacet
  facet normal 0 -1 0
    outer loop
      vertex 14.6377 66.8 33.3523
      vertex -1.20096 66.8 40.75
      vertex -1.11418 66.8 40.574
    endloop
  endfacet
  facet normal 0 -1 0
    outer loop
      vertex 97.2393 66.8 41.0607
      vertex 78.1827 66.8 33.388
      vertex 97.11 66.8 40.9131
    endloop
  endfacet
  facet normal 0 -1 0
    outer loop
      vertex 14.4642 66.8 33.2934
      vertex -1.11418 66.8 40.574
      vertex -1.05111 66.8 40.3882
    endloop
  endfacet
  facet normal 0 -1 0
    outer loop
      vertex 78.3624 66.8 33.3523
      vertex 97.11 66.8 40.9131
      vertex 78.1827 66.8 33.388
    endloop
  endfacet
  facet normal 0 -1 0
    outer loop
      vertex 14.3 66.8 33.2124
      vertex -1.05111 66.8 40.3882
      vertex -1.01283 66.8 40.1958
    endloop
  endfacet
  facet normal 0 -1 0
    outer loop
      vertex 97.11 66.8 40.9131
      vertex 78.3624 66.8 33.3523
      vertex 97.001 66.8 40.75
    endloop
  endfacet
  facet normal 0 -1 0
    outer loop
      vertex 14.1477 66.8 33.1107
      vertex -1.01283 66.8 40.1958
      vertex -1 66.8 40
    endloop
  endfacet
  facet normal 0 -1 0
    outer loop
      vertex 78.5358 66.8 33.2934
      vertex 97.001 66.8 40.75
      vertex 78.3624 66.8 33.3523
    endloop
  endfacet
  facet normal 0 -1 0
    outer loop
      vertex 14.01 66.8 32.9899
      vertex -1 66.8 40
      vertex -1.01283 66.8 39.8042
    endloop
  endfacet
  facet normal 0 -1 0
    outer loop
      vertex 97.001 66.8 40.75
      vertex 78.5358 66.8 33.2934
      vertex 96.9142 66.8 40.574
    endloop
  endfacet
  facet normal 0 -1 0
    outer loop
      vertex 13.8893 66.8 32.8523
      vertex -1.01283 66.8 39.8042
      vertex -1.05111 66.8 39.6118
    endloop
  endfacet
  facet normal 0 -1 0
    outer loop
      vertex 78.7 66.8 33.2124
      vertex 96.9142 66.8 40.574
      vertex 78.5358 66.8 33.2934
    endloop
  endfacet
  facet normal 0 -1 0
    outer loop
      vertex 13.7876 66.8 32.7
      vertex -1.05111 66.8 39.6118
      vertex -1.11418 66.8 39.426
    endloop
  endfacet
  facet normal 0 -1 0
    outer loop
      vertex 96.9142 66.8 40.574
      vertex 78.7 66.8 33.2124
      vertex 96.8511 66.8 40.3882
    endloop
  endfacet
  facet normal 0 -1 0
    outer loop
      vertex 13.7066 66.8 32.5358
      vertex -1.11418 66.8 39.426
      vertex -1.20096 66.8 39.25
    endloop
  endfacet
  facet normal 0 -1 0
    outer loop
      vertex 78.8523 66.8 33.1107
      vertex 96.8511 66.8 40.3882
      vertex 78.7 66.8 33.2124
    endloop
  endfacet
  facet normal 0 -1 0
    outer loop
      vertex 13.6477 66.8 32.3623
      vertex -1.20096 66.8 39.25
      vertex -1.30997 66.8 39.0869
    endloop
  endfacet
  facet normal 0 -1 0
    outer loop
      vertex 96.8511 66.8 40.3882
      vertex 78.8523 66.8 33.1107
      vertex 96.8128 66.8 40.1958
    endloop
  endfacet
  facet normal 0 -1 0
    outer loop
      vertex 13.612 66.8 32.1827
      vertex -1.30997 66.8 39.0869
      vertex -1.43934 66.8 38.9393
    endloop
  endfacet
  facet normal 0 -1 0
    outer loop
      vertex 78.99 66.8 32.9899
      vertex 96.8128 66.8 40.1958
      vertex 78.8523 66.8 33.1107
    endloop
  endfacet
  facet normal 0 -1 0
    outer loop
      vertex -1.92597 66.8 27.3858
      vertex -1.92597 66.8 38.6142
      vertex -2.11177 66.8 27.4489
    endloop
  endfacet
  facet normal 0 -1 0
    outer loop
      vertex 96.8128 66.8 40.1958
      vertex 78.99 66.8 32.9899
      vertex 96.8 66.8 40
    endloop
  endfacet
  facet normal 0 -1 0
    outer loop
      vertex -2.11177 66.8 38.5511
      vertex -2.11177 66.8 27.4489
      vertex -1.92597 66.8 38.6142
    endloop
  endfacet
  facet normal 0 -1 0
    outer loop
      vertex 79.1107 66.8 32.8523
      vertex 96.8 66.8 40
      vertex 78.99 66.8 32.9899
    endloop
  endfacet
  facet normal 0 -1 0
    outer loop
      vertex -2.11177 66.8 27.4489
      vertex -2.11177 66.8 38.5511
      vertex -2.30421 66.8 27.4872
    endloop
  endfacet
  facet normal 0 -1 -0
    outer loop
      vertex 96.8 66.8 40
      vertex 79.1107 66.8 32.8523
      vertex 96.8128 66.8 39.8042
    endloop
  endfacet
  facet normal 0 -1 0
    outer loop
      vertex -2.30421 66.8 38.5128
      vertex -2.30421 66.8 27.4872
      vertex -2.11177 66.8 38.5511
    endloop
  endfacet
  facet normal 0 -1 0
    outer loop
      vertex 79.2124 66.8 32.7
      vertex 96.8128 66.8 39.8042
      vertex 79.1107 66.8 32.8523
    endloop
  endfacet
  facet normal 0 -1 0
    outer loop
      vertex -2.30421 66.8 27.4872
      vertex -2.30421 66.8 38.5128
      vertex -2.5 66.8 27.5
    endloop
  endfacet
  facet normal 0 -1 -0
    outer loop
      vertex 96.8128 66.8 39.8042
      vertex 79.2124 66.8 32.7
      vertex 96.8511 66.8 39.6118
    endloop
  endfacet
  facet normal 0 -1 0
    outer loop
      vertex -2.5 66.8 27.5
      vertex -2.30421 66.8 38.5128
      vertex -2.5 66.8 38.5
    endloop
  endfacet
  facet normal 0 -1 0
    outer loop
      vertex 79.2934 66.8 32.5358
      vertex 96.8511 66.8 39.6118
      vertex 79.2124 66.8 32.7
    endloop
  endfacet
  facet normal 0 -1 0
    outer loop
      vertex 78.1958 66.8 59.7872
      vertex 90 66.8 59.8
      vertex 78 66.8 59.8
    endloop
  endfacet
  facet normal 0 -1 0
    outer loop
      vertex 78.1958 66.8 59.7872
      vertex 89.8042 66.8 59.7872
      vertex 90 66.8 59.8
    endloop
  endfacet
  facet normal 0 -1 0
    outer loop
      vertex 78.3882 66.8 59.7489
      vertex 89.8042 66.8 59.7872
      vertex 78.1958 66.8 59.7872
    endloop
  endfacet
  facet normal 0 -1 0
    outer loop
      vertex 78.3882 66.8 59.7489
      vertex 89.6118 66.8 59.7489
      vertex 89.8042 66.8 59.7872
    endloop
  endfacet
  facet normal 0 -1 0
    outer loop
      vertex 78.574 66.8 59.6858
      vertex 89.6118 66.8 59.7489
      vertex 78.3882 66.8 59.7489
    endloop
  endfacet
  facet normal 0 -1 0
    outer loop
      vertex 78.574 66.8 59.6858
      vertex 89.426 66.8 59.6858
      vertex 89.6118 66.8 59.7489
    endloop
  endfacet
  facet normal 0 -1 0
    outer loop
      vertex 78.75 66.8 59.599
      vertex 89.426 66.8 59.6858
      vertex 78.574 66.8 59.6858
    endloop
  endfacet
  facet normal 0 -1 0
    outer loop
      vertex 78.75 66.8 59.599
      vertex 89.25 66.8 59.599
      vertex 89.426 66.8 59.6858
    endloop
  endfacet
  facet normal 0 -1 0
    outer loop
      vertex 78.9131 66.8 59.49
      vertex 89.25 66.8 59.599
      vertex 78.75 66.8 59.599
    endloop
  endfacet
  facet normal 0 -1 0
    outer loop
      vertex 78.9131 66.8 59.49
      vertex 89.0869 66.8 59.49
      vertex 89.25 66.8 59.599
    endloop
  endfacet
  facet normal 0 -1 0
    outer loop
      vertex 79.0607 66.8 59.3607
      vertex 89.0869 66.8 59.49
      vertex 78.9131 66.8 59.49
    endloop
  endfacet
  facet normal 0 -1 0
    outer loop
      vertex 79.0607 66.8 59.3607
      vertex 88.9393 66.8 59.3607
      vertex 89.0869 66.8 59.49
    endloop
  endfacet
  facet normal 0 -1 0
    outer loop
      vertex 79.19 66.8 59.2131
      vertex 88.9393 66.8 59.3607
      vertex 79.0607 66.8 59.3607
    endloop
  endfacet
  facet normal 0 -1 0
    outer loop
      vertex 79.19 66.8 59.2131
      vertex 88.81 66.8 59.2131
      vertex 88.9393 66.8 59.3607
    endloop
  endfacet
  facet normal 0 -1 0
    outer loop
      vertex 79.299 66.8 59.05
      vertex 88.81 66.8 59.2131
      vertex 79.19 66.8 59.2131
    endloop
  endfacet
  facet normal 0 -1 0
    outer loop
      vertex 79.299 66.8 59.05
      vertex 88.701 66.8 59.05
      vertex 88.81 66.8 59.2131
    endloop
  endfacet
  facet normal 0 -1 0
    outer loop
      vertex 79.3858 66.8 58.874
      vertex 88.701 66.8 59.05
      vertex 79.299 66.8 59.05
    endloop
  endfacet
  facet normal 0 -1 0
    outer loop
      vertex 79.3858 66.8 58.874
      vertex 88.6142 66.8 58.874
      vertex 88.701 66.8 59.05
    endloop
  endfacet
  facet normal 0 -1 0
    outer loop
      vertex 79.4489 66.8 58.6882
      vertex 88.6142 66.8 58.874
      vertex 79.3858 66.8 58.874
    endloop
  endfacet
  facet normal 0 -1 0
    outer loop
      vertex 79.4489 66.8 58.6882
      vertex 88.5511 66.8 58.6882
      vertex 88.6142 66.8 58.874
    endloop
  endfacet
  facet normal 0 -1 0
    outer loop
      vertex 79.4872 66.8 58.4958
      vertex 88.5511 66.8 58.6882
      vertex 79.4489 66.8 58.6882
    endloop
  endfacet
  facet normal 0 -1 0
    outer loop
      vertex 79.4872 66.8 58.4958
      vertex 88.5128 66.8 58.4958
      vertex 88.5511 66.8 58.6882
    endloop
  endfacet
  facet normal 0 -1 0
    outer loop
      vertex 79.5 66.8 58.3
      vertex 88.5128 66.8 58.4958
      vertex 79.4872 66.8 58.4958
    endloop
  endfacet
  facet normal 0 -1 0
    outer loop
      vertex 79.5 66.8 58.3
      vertex 88.5 66.8 58.3
      vertex 88.5128 66.8 58.4958
    endloop
  endfacet
  facet normal 0 -1 0
    outer loop
      vertex 79.4872 66.8 58.1042
      vertex 88.5 66.8 58.3
      vertex 79.5 66.8 58.3
    endloop
  endfacet
  facet normal 0 -1 0
    outer loop
      vertex 79.4872 66.8 58.1042
      vertex 88.5128 66.8 58.1042
      vertex 88.5 66.8 58.3
    endloop
  endfacet
  facet normal 0 -1 0
    outer loop
      vertex 79.4489 66.8 57.9118
      vertex 88.5128 66.8 58.1042
      vertex 79.4872 66.8 58.1042
    endloop
  endfacet
  facet normal 0 -1 0
    outer loop
      vertex 79.4489 66.8 57.9118
      vertex 88.5511 66.8 57.9118
      vertex 88.5128 66.8 58.1042
    endloop
  endfacet
  facet normal 0 -1 0
    outer loop
      vertex 79.3858 66.8 57.726
      vertex 88.5511 66.8 57.9118
      vertex 79.4489 66.8 57.9118
    endloop
  endfacet
  facet normal 0 -1 0
    outer loop
      vertex 79.3858 66.8 57.726
      vertex 88.6142 66.8 57.726
      vertex 88.5511 66.8 57.9118
    endloop
  endfacet
  facet normal 0 -1 0
    outer loop
      vertex 79.299 66.8 57.55
      vertex 88.6142 66.8 57.726
      vertex 79.3858 66.8 57.726
    endloop
  endfacet
  facet normal 0 -1 0
    outer loop
      vertex 79.299 66.8 57.55
      vertex 88.701 66.8 57.55
      vertex 88.6142 66.8 57.726
    endloop
  endfacet
  facet normal 0 -1 0
    outer loop
      vertex 79.19 66.8 57.3869
      vertex 88.701 66.8 57.55
      vertex 79.299 66.8 57.55
    endloop
  endfacet
  facet normal 0 -1 0
    outer loop
      vertex 79.19 66.8 57.3869
      vertex 88.81 66.8 57.3869
      vertex 88.701 66.8 57.55
    endloop
  endfacet
  facet normal 0 -1 0
    outer loop
      vertex 79.0607 66.8 57.2393
      vertex 88.81 66.8 57.3869
      vertex 79.19 66.8 57.3869
    endloop
  endfacet
  facet normal 0 -1 0
    outer loop
      vertex 79.0607 66.8 57.2393
      vertex 88.9393 66.8 57.2393
      vertex 88.81 66.8 57.3869
    endloop
  endfacet
  facet normal 0 -1 0
    outer loop
      vertex 78.9131 66.8 57.11
      vertex 88.9393 66.8 57.2393
      vertex 79.0607 66.8 57.2393
    endloop
  endfacet
  facet normal 0 -1 0
    outer loop
      vertex 78.9131 66.8 57.11
      vertex 89.0869 66.8 57.11
      vertex 88.9393 66.8 57.2393
    endloop
  endfacet
  facet normal 0 -1 0
    outer loop
      vertex 78.75 66.8 57.001
      vertex 89.0869 66.8 57.11
      vertex 78.9131 66.8 57.11
    endloop
  endfacet
  facet normal 0 -1 0
    outer loop
      vertex 78.75 66.8 57.001
      vertex 89.25 66.8 57.001
      vertex 89.0869 66.8 57.11
    endloop
  endfacet
  facet normal 0 -1 0
    outer loop
      vertex 78.574 66.8 56.9142
      vertex 89.25 66.8 57.001
      vertex 78.75 66.8 57.001
    endloop
  endfacet
  facet normal 0 -1 0
    outer loop
      vertex 78.574 66.8 56.9142
      vertex 89.426 66.8 56.9142
      vertex 89.25 66.8 57.001
    endloop
  endfacet
  facet normal 0 -1 0
    outer loop
      vertex 98.3 66.8 41.5
      vertex 78.574 66.8 56.9142
      vertex 78.3882 66.8 56.8511
    endloop
  endfacet
  facet normal 0 -1 0
    outer loop
      vertex 78.574 66.8 56.9142
      vertex 98.3 66.8 41.5
      vertex 89.426 66.8 56.9142
    endloop
  endfacet
  facet normal 0 -1 0
    outer loop
      vertex 98.3 66.8 41.5
      vertex 78.3882 66.8 56.8511
      vertex 78.1958 66.8 56.8128
    endloop
  endfacet
  facet normal 0 -1 0
    outer loop
      vertex 89.426 66.8 56.9142
      vertex 98.3 66.8 41.5
      vertex 89.6118 66.8 56.8511
    endloop
  endfacet
  facet normal 0 -1 0
    outer loop
      vertex 98.3 66.8 41.5
      vertex 78.1958 66.8 56.8128
      vertex 78 66.8 56.8
    endloop
  endfacet
  facet normal 0 -1 0
    outer loop
      vertex 89.6118 66.8 56.8511
      vertex 98.3 66.8 41.5
      vertex 89.8042 66.8 56.8128
    endloop
  endfacet
  facet normal 0 -1 0
    outer loop
      vertex 66.1958 66.8 59.7872
      vertex 78 66.8 59.8
      vertex 66 66.8 59.8
    endloop
  endfacet
  facet normal 0 -1 0
    outer loop
      vertex 66.1958 66.8 59.7872
      vertex 77.8042 66.8 59.7872
      vertex 78 66.8 59.8
    endloop
  endfacet
  facet normal 0 -1 0
    outer loop
      vertex 66.3882 66.8 59.7489
      vertex 77.8042 66.8 59.7872
      vertex 66.1958 66.8 59.7872
    endloop
  endfacet
  facet normal 0 -1 0
    outer loop
      vertex 66.3882 66.8 59.7489
      vertex 77.6118 66.8 59.7489
      vertex 77.8042 66.8 59.7872
    endloop
  endfacet
  facet normal 0 -1 0
    outer loop
      vertex 66.574 66.8 59.6858
      vertex 77.6118 66.8 59.7489
      vertex 66.3882 66.8 59.7489
    endloop
  endfacet
  facet normal 0 -1 0
    outer loop
      vertex 66.574 66.8 59.6858
      vertex 77.426 66.8 59.6858
      vertex 77.6118 66.8 59.7489
    endloop
  endfacet
  facet normal 0 -1 0
    outer loop
      vertex 66.75 66.8 59.599
      vertex 77.426 66.8 59.6858
      vertex 66.574 66.8 59.6858
    endloop
  endfacet
  facet normal 0 -1 0
    outer loop
      vertex 66.75 66.8 59.599
      vertex 77.25 66.8 59.599
      vertex 77.426 66.8 59.6858
    endloop
  endfacet
  facet normal 0 -1 0
    outer loop
      vertex 66.9131 66.8 59.49
      vertex 77.25 66.8 59.599
      vertex 66.75 66.8 59.599
    endloop
  endfacet
  facet normal 0 -1 0
    outer loop
      vertex 66.9131 66.8 59.49
      vertex 77.0869 66.8 59.49
      vertex 77.25 66.8 59.599
    endloop
  endfacet
  facet normal 0 -1 0
    outer loop
      vertex 67.0607 66.8 59.3607
      vertex 77.0869 66.8 59.49
      vertex 66.9131 66.8 59.49
    endloop
  endfacet
  facet normal 0 -1 0
    outer loop
      vertex 67.0607 66.8 59.3607
      vertex 76.9393 66.8 59.3607
      vertex 77.0869 66.8 59.49
    endloop
  endfacet
  facet normal 0 -1 0
    outer loop
      vertex 67.19 66.8 59.2131
      vertex 76.9393 66.8 59.3607
      vertex 67.0607 66.8 59.3607
    endloop
  endfacet
  facet normal 0 -1 0
    outer loop
      vertex 67.19 66.8 59.2131
      vertex 76.81 66.8 59.2131
      vertex 76.9393 66.8 59.3607
    endloop
  endfacet
  facet normal 0 -1 0
    outer loop
      vertex 67.299 66.8 59.05
      vertex 76.81 66.8 59.2131
      vertex 67.19 66.8 59.2131
    endloop
  endfacet
  facet normal 0 -1 0
    outer loop
      vertex 67.299 66.8 59.05
      vertex 76.701 66.8 59.05
      vertex 76.81 66.8 59.2131
    endloop
  endfacet
  facet normal 0 -1 0
    outer loop
      vertex 67.3858 66.8 58.874
      vertex 76.701 66.8 59.05
      vertex 67.299 66.8 59.05
    endloop
  endfacet
  facet normal 0 -1 0
    outer loop
      vertex 67.3858 66.8 58.874
      vertex 76.6142 66.8 58.874
      vertex 76.701 66.8 59.05
    endloop
  endfacet
  facet normal 0 -1 0
    outer loop
      vertex 67.4489 66.8 58.6882
      vertex 76.6142 66.8 58.874
      vertex 67.3858 66.8 58.874
    endloop
  endfacet
  facet normal 0 -1 0
    outer loop
      vertex 67.4489 66.8 58.6882
      vertex 76.5511 66.8 58.6882
      vertex 76.6142 66.8 58.874
    endloop
  endfacet
  facet normal 0 -1 0
    outer loop
      vertex 67.4872 66.8 58.4958
      vertex 76.5511 66.8 58.6882
      vertex 67.4489 66.8 58.6882
    endloop
  endfacet
  facet normal 0 -1 0
    outer loop
      vertex 67.4872 66.8 58.4958
      vertex 76.5128 66.8 58.4958
      vertex 76.5511 66.8 58.6882
    endloop
  endfacet
  facet normal 0 -1 0
    outer loop
      vertex 67.5 66.8 58.3
      vertex 76.5128 66.8 58.4958
      vertex 67.4872 66.8 58.4958
    endloop
  endfacet
  facet normal 0 -1 0
    outer loop
      vertex 67.5 66.8 58.3
      vertex 76.5 66.8 58.3
      vertex 76.5128 66.8 58.4958
    endloop
  endfacet
  facet normal 0 -1 0
    outer loop
      vertex 67.4872 66.8 58.1042
      vertex 76.5 66.8 58.3
      vertex 67.5 66.8 58.3
    endloop
  endfacet
  facet normal 0 -1 0
    outer loop
      vertex 67.4872 66.8 58.1042
      vertex 76.5128 66.8 58.1042
      vertex 76.5 66.8 58.3
    endloop
  endfacet
  facet normal 0 -1 0
    outer loop
      vertex 67.4489 66.8 57.9118
      vertex 76.5128 66.8 58.1042
      vertex 67.4872 66.8 58.1042
    endloop
  endfacet
  facet normal 0 -1 0
    outer loop
      vertex 67.4489 66.8 57.9118
      vertex 76.5511 66.8 57.9118
      vertex 76.5128 66.8 58.1042
    endloop
  endfacet
  facet normal 0 -1 0
    outer loop
      vertex 67.3858 66.8 57.726
      vertex 76.5511 66.8 57.9118
      vertex 67.4489 66.8 57.9118
    endloop
  endfacet
  facet normal 0 -1 0
    outer loop
      vertex 67.3858 66.8 57.726
      vertex 76.6142 66.8 57.726
      vertex 76.5511 66.8 57.9118
    endloop
  endfacet
  facet normal 0 -1 0
    outer loop
      vertex 67.299 66.8 57.55
      vertex 76.6142 66.8 57.726
      vertex 67.3858 66.8 57.726
    endloop
  endfacet
  facet normal 0 -1 0
    outer loop
      vertex 67.299 66.8 57.55
      vertex 76.701 66.8 57.55
      vertex 76.6142 66.8 57.726
    endloop
  endfacet
  facet normal 0 -1 0
    outer loop
      vertex 67.19 66.8 57.3869
      vertex 76.701 66.8 57.55
      vertex 67.299 66.8 57.55
    endloop
  endfacet
  facet normal 0 -1 0
    outer loop
      vertex 67.19 66.8 57.3869
      vertex 76.81 66.8 57.3869
      vertex 76.701 66.8 57.55
    endloop
  endfacet
  facet normal 0 -1 0
    outer loop
      vertex 67.0607 66.8 57.2393
      vertex 76.81 66.8 57.3869
      vertex 67.19 66.8 57.3869
    endloop
  endfacet
  facet normal 0 -1 0
    outer loop
      vertex 67.0607 66.8 57.2393
      vertex 76.9393 66.8 57.2393
      vertex 76.81 66.8 57.3869
    endloop
  endfacet
  facet normal 0 -1 0
    outer loop
      vertex 66.9131 66.8 57.11
      vertex 76.9393 66.8 57.2393
      vertex 67.0607 66.8 57.2393
    endloop
  endfacet
  facet normal 0 -1 0
    outer loop
      vertex 66.9131 66.8 57.11
      vertex 77.0869 66.8 57.11
      vertex 76.9393 66.8 57.2393
    endloop
  endfacet
  facet normal 0 -1 0
    outer loop
      vertex 66.75 66.8 57.001
      vertex 77.0869 66.8 57.11
      vertex 66.9131 66.8 57.11
    endloop
  endfacet
  facet normal 0 -1 0
    outer loop
      vertex 66.75 66.8 57.001
      vertex 77.25 66.8 57.001
      vertex 77.0869 66.8 57.11
    endloop
  endfacet
  facet normal 0 -1 0
    outer loop
      vertex 66.574 66.8 56.9142
      vertex 77.25 66.8 57.001
      vertex 66.75 66.8 57.001
    endloop
  endfacet
  facet normal 0 -1 0
    outer loop
      vertex 66.574 66.8 56.9142
      vertex 77.426 66.8 56.9142
      vertex 77.25 66.8 57.001
    endloop
  endfacet
  facet normal 0 -1 0
    outer loop
      vertex 66.3882 66.8 56.8511
      vertex 77.426 66.8 56.9142
      vertex 66.574 66.8 56.9142
    endloop
  endfacet
  facet normal 0 -1 0
    outer loop
      vertex 66.3882 66.8 56.8511
      vertex 77.6118 66.8 56.8511
      vertex 77.426 66.8 56.9142
    endloop
  endfacet
  facet normal 0 -1 0
    outer loop
      vertex 66.1958 66.8 56.8128
      vertex 77.6118 66.8 56.8511
      vertex 66.3882 66.8 56.8511
    endloop
  endfacet
  facet normal 0 -1 0
    outer loop
      vertex 66.1958 66.8 56.8128
      vertex 77.8042 66.8 56.8128
      vertex 77.6118 66.8 56.8511
    endloop
  endfacet
  facet normal 0 -1 0
    outer loop
      vertex 98.3 66.8 41.5
      vertex 66.1958 66.8 56.8128
      vertex 66 66.8 56.8
    endloop
  endfacet
  facet normal 0 -1 0
    outer loop
      vertex 66.1958 66.8 56.8128
      vertex 98.3 66.8 41.5
      vertex 77.8042 66.8 56.8128
    endloop
  endfacet
  facet normal 0 -1 0
    outer loop
      vertex 54.1958 66.8 59.7872
      vertex 66 66.8 59.8
      vertex 54 66.8 59.8
    endloop
  endfacet
  facet normal 0 -1 0
    outer loop
      vertex 54.1958 66.8 59.7872
      vertex 65.8042 66.8 59.7872
      vertex 66 66.8 59.8
    endloop
  endfacet
  facet normal 0 -1 0
    outer loop
      vertex 54.3882 66.8 59.7489
      vertex 65.8042 66.8 59.7872
      vertex 54.1958 66.8 59.7872
    endloop
  endfacet
  facet normal 0 -1 0
    outer loop
      vertex 54.3882 66.8 59.7489
      vertex 65.6118 66.8 59.7489
      vertex 65.8042 66.8 59.7872
    endloop
  endfacet
  facet normal 0 -1 0
    outer loop
      vertex 54.574 66.8 59.6858
      vertex 65.6118 66.8 59.7489
      vertex 54.3882 66.8 59.7489
    endloop
  endfacet
  facet normal 0 -1 0
    outer loop
      vertex 54.574 66.8 59.6858
      vertex 65.426 66.8 59.6858
      vertex 65.6118 66.8 59.7489
    endloop
  endfacet
  facet normal 0 -1 0
    outer loop
      vertex 54.75 66.8 59.599
      vertex 65.426 66.8 59.6858
      vertex 54.574 66.8 59.6858
    endloop
  endfacet
  facet normal 0 -1 0
    outer loop
      vertex 54.75 66.8 59.599
      vertex 65.25 66.8 59.599
      vertex 65.426 66.8 59.6858
    endloop
  endfacet
  facet normal 0 -1 0
    outer loop
      vertex 54.9131 66.8 59.49
      vertex 65.25 66.8 59.599
      vertex 54.75 66.8 59.599
    endloop
  endfacet
  facet normal 0 -1 0
    outer loop
      vertex 54.9131 66.8 59.49
      vertex 65.0869 66.8 59.49
      vertex 65.25 66.8 59.599
    endloop
  endfacet
  facet normal 0 -1 0
    outer loop
      vertex 55.0607 66.8 59.3607
      vertex 65.0869 66.8 59.49
      vertex 54.9131 66.8 59.49
    endloop
  endfacet
  facet normal 0 -1 0
    outer loop
      vertex 55.0607 66.8 59.3607
      vertex 64.9393 66.8 59.3607
      vertex 65.0869 66.8 59.49
    endloop
  endfacet
  facet normal 0 -1 0
    outer loop
      vertex 55.19 66.8 59.2131
      vertex 64.9393 66.8 59.3607
      vertex 55.0607 66.8 59.3607
    endloop
  endfacet
  facet normal 0 -1 0
    outer loop
      vertex 55.19 66.8 59.2131
      vertex 64.81 66.8 59.2131
      vertex 64.9393 66.8 59.3607
    endloop
  endfacet
  facet normal 0 -1 0
    outer loop
      vertex 55.299 66.8 59.05
      vertex 64.81 66.8 59.2131
      vertex 55.19 66.8 59.2131
    endloop
  endfacet
  facet normal 0 -1 0
    outer loop
      vertex 55.299 66.8 59.05
      vertex 64.701 66.8 59.05
      vertex 64.81 66.8 59.2131
    endloop
  endfacet
  facet normal 0 -1 0
    outer loop
      vertex 55.3858 66.8 58.874
      vertex 64.701 66.8 59.05
      vertex 55.299 66.8 59.05
    endloop
  endfacet
  facet normal 0 -1 0
    outer loop
      vertex 55.3858 66.8 58.874
      vertex 64.6142 66.8 58.874
      vertex 64.701 66.8 59.05
    endloop
  endfacet
  facet normal 0 -1 0
    outer loop
      vertex 55.4489 66.8 58.6882
      vertex 64.6142 66.8 58.874
      vertex 55.3858 66.8 58.874
    endloop
  endfacet
  facet normal 0 -1 0
    outer loop
      vertex 55.4489 66.8 58.6882
      vertex 64.5511 66.8 58.6882
      vertex 64.6142 66.8 58.874
    endloop
  endfacet
  facet normal 0 -1 0
    outer loop
      vertex 55.4872 66.8 58.4958
      vertex 64.5511 66.8 58.6882
      vertex 55.4489 66.8 58.6882
    endloop
  endfacet
  facet normal 0 -1 0
    outer loop
      vertex 55.4872 66.8 58.4958
      vertex 64.5128 66.8 58.4958
      vertex 64.5511 66.8 58.6882
    endloop
  endfacet
  facet normal 0 -1 0
    outer loop
      vertex 55.5 66.8 58.3
      vertex 64.5128 66.8 58.4958
      vertex 55.4872 66.8 58.4958
    endloop
  endfacet
  facet normal 0 -1 0
    outer loop
      vertex 55.5 66.8 58.3
      vertex 64.5 66.8 58.3
      vertex 64.5128 66.8 58.4958
    endloop
  endfacet
  facet normal 0 -1 0
    outer loop
      vertex 55.4872 66.8 58.1042
      vertex 64.5 66.8 58.3
      vertex 55.5 66.8 58.3
    endloop
  endfacet
  facet normal 0 -1 0
    outer loop
      vertex 55.4872 66.8 58.1042
      vertex 64.5128 66.8 58.1042
      vertex 64.5 66.8 58.3
    endloop
  endfacet
  facet normal 0 -1 0
    outer loop
      vertex 55.4489 66.8 57.9118
      vertex 64.5128 66.8 58.1042
      vertex 55.4872 66.8 58.1042
    endloop
  endfacet
  facet normal 0 -1 0
    outer loop
      vertex 55.4489 66.8 57.9118
      vertex 64.5511 66.8 57.9118
      vertex 64.5128 66.8 58.1042
    endloop
  endfacet
  facet normal 0 -1 0
    outer loop
      vertex 55.3858 66.8 57.726
      vertex 64.5511 66.8 57.9118
      vertex 55.4489 66.8 57.9118
    endloop
  endfacet
  facet normal 0 -1 0
    outer loop
      vertex 55.3858 66.8 57.726
      vertex 64.6142 66.8 57.726
      vertex 64.5511 66.8 57.9118
    endloop
  endfacet
  facet normal 0 -1 0
    outer loop
      vertex 55.299 66.8 57.55
      vertex 64.6142 66.8 57.726
      vertex 55.3858 66.8 57.726
    endloop
  endfacet
  facet normal 0 -1 0
    outer loop
      vertex 55.299 66.8 57.55
      vertex 64.701 66.8 57.55
      vertex 64.6142 66.8 57.726
    endloop
  endfacet
  facet normal 0 -1 0
    outer loop
      vertex 55.19 66.8 57.3869
      vertex 64.701 66.8 57.55
      vertex 55.299 66.8 57.55
    endloop
  endfacet
  facet normal 0 -1 0
    outer loop
      vertex 55.19 66.8 57.3869
      vertex 64.81 66.8 57.3869
      vertex 64.701 66.8 57.55
    endloop
  endfacet
  facet normal 0 -1 0
    outer loop
      vertex 55.0607 66.8 57.2393
      vertex 64.81 66.8 57.3869
      vertex 55.19 66.8 57.3869
    endloop
  endfacet
  facet normal 0 -1 0
    outer loop
      vertex 55.0607 66.8 57.2393
      vertex 64.9393 66.8 57.2393
      vertex 64.81 66.8 57.3869
    endloop
  endfacet
  facet normal 0 -1 0
    outer loop
      vertex 54.9131 66.8 57.11
      vertex 64.9393 66.8 57.2393
      vertex 55.0607 66.8 57.2393
    endloop
  endfacet
  facet normal 0 -1 0
    outer loop
      vertex 54.9131 66.8 57.11
      vertex 65.0869 66.8 57.11
      vertex 64.9393 66.8 57.2393
    endloop
  endfacet
  facet normal 0 -1 0
    outer loop
      vertex 54.75 66.8 57.001
      vertex 65.0869 66.8 57.11
      vertex 54.9131 66.8 57.11
    endloop
  endfacet
  facet normal 0 -1 0
    outer loop
      vertex 54.75 66.8 57.001
      vertex 65.25 66.8 57.001
      vertex 65.0869 66.8 57.11
    endloop
  endfacet
  facet normal 0 -1 0
    outer loop
      vertex 54.574 66.8 56.9142
      vertex 65.25 66.8 57.001
      vertex 54.75 66.8 57.001
    endloop
  endfacet
  facet normal 0 -1 0
    outer loop
      vertex 54.574 66.8 56.9142
      vertex 65.426 66.8 56.9142
      vertex 65.25 66.8 57.001
    endloop
  endfacet
  facet normal 0 -1 0
    outer loop
      vertex 54.3882 66.8 56.8511
      vertex 65.426 66.8 56.9142
      vertex 54.574 66.8 56.9142
    endloop
  endfacet
  facet normal 0 -1 0
    outer loop
      vertex 54.3882 66.8 56.8511
      vertex 65.6118 66.8 56.8511
      vertex 65.426 66.8 56.9142
    endloop
  endfacet
  facet normal 0 -1 0
    outer loop
      vertex 54.1958 66.8 56.8128
      vertex 65.6118 66.8 56.8511
      vertex 54.3882 66.8 56.8511
    endloop
  endfacet
  facet normal 0 -1 0
    outer loop
      vertex 54.1958 66.8 56.8128
      vertex 65.8042 66.8 56.8128
      vertex 65.6118 66.8 56.8511
    endloop
  endfacet
  facet normal 0 -1 0
    outer loop
      vertex 98.3 66.8 41.5
      vertex 54.1958 66.8 56.8128
      vertex 54 66.8 56.8
    endloop
  endfacet
  facet normal 0 -1 0
    outer loop
      vertex 54.1958 66.8 56.8128
      vertex 98.3 66.8 41.5
      vertex 65.8042 66.8 56.8128
    endloop
  endfacet
  facet normal 0 -1 0
    outer loop
      vertex 42.1958 66.8 59.7872
      vertex 54 66.8 59.8
      vertex 42 66.8 59.8
    endloop
  endfacet
  facet normal 0 -1 0
    outer loop
      vertex 42.1958 66.8 59.7872
      vertex 53.8042 66.8 59.7872
      vertex 54 66.8 59.8
    endloop
  endfacet
  facet normal 0 -1 0
    outer loop
      vertex 42.3882 66.8 59.7489
      vertex 53.8042 66.8 59.7872
      vertex 42.1958 66.8 59.7872
    endloop
  endfacet
  facet normal 0 -1 0
    outer loop
      vertex 42.3882 66.8 59.7489
      vertex 53.6118 66.8 59.7489
      vertex 53.8042 66.8 59.7872
    endloop
  endfacet
  facet normal 0 -1 0
    outer loop
      vertex 42.574 66.8 59.6858
      vertex 53.6118 66.8 59.7489
      vertex 42.3882 66.8 59.7489
    endloop
  endfacet
  facet normal 0 -1 0
    outer loop
      vertex 42.574 66.8 59.6858
      vertex 53.426 66.8 59.6858
      vertex 53.6118 66.8 59.7489
    endloop
  endfacet
  facet normal 0 -1 0
    outer loop
      vertex 42.75 66.8 59.599
      vertex 53.426 66.8 59.6858
      vertex 42.574 66.8 59.6858
    endloop
  endfacet
  facet normal 0 -1 0
    outer loop
      vertex 42.75 66.8 59.599
      vertex 53.25 66.8 59.599
      vertex 53.426 66.8 59.6858
    endloop
  endfacet
  facet normal 0 -1 0
    outer loop
      vertex 42.9131 66.8 59.49
      vertex 53.25 66.8 59.599
      vertex 42.75 66.8 59.599
    endloop
  endfacet
  facet normal 0 -1 0
    outer loop
      vertex 42.9131 66.8 59.49
      vertex 53.0869 66.8 59.49
      vertex 53.25 66.8 59.599
    endloop
  endfacet
  facet normal 0 -1 0
    outer loop
      vertex 43.0607 66.8 59.3607
      vertex 53.0869 66.8 59.49
      vertex 42.9131 66.8 59.49
    endloop
  endfacet
  facet normal 0 -1 0
    outer loop
      vertex 43.0607 66.8 59.3607
      vertex 52.9393 66.8 59.3607
      vertex 53.0869 66.8 59.49
    endloop
  endfacet
  facet normal 0 -1 0
    outer loop
      vertex 43.19 66.8 59.2131
      vertex 52.9393 66.8 59.3607
      vertex 43.0607 66.8 59.3607
    endloop
  endfacet
  facet normal 0 -1 0
    outer loop
      vertex 43.19 66.8 59.2131
      vertex 52.81 66.8 59.2131
      vertex 52.9393 66.8 59.3607
    endloop
  endfacet
  facet normal 0 -1 0
    outer loop
      vertex 43.299 66.8 59.05
      vertex 52.81 66.8 59.2131
      vertex 43.19 66.8 59.2131
    endloop
  endfacet
  facet normal 0 -1 0
    outer loop
      vertex 43.299 66.8 59.05
      vertex 52.701 66.8 59.05
      vertex 52.81 66.8 59.2131
    endloop
  endfacet
  facet normal 0 -1 0
    outer loop
      vertex 43.3858 66.8 58.874
      vertex 52.701 66.8 59.05
      vertex 43.299 66.8 59.05
    endloop
  endfacet
  facet normal 0 -1 0
    outer loop
      vertex 43.3858 66.8 58.874
      vertex 52.6142 66.8 58.874
      vertex 52.701 66.8 59.05
    endloop
  endfacet
  facet normal 0 -1 0
    outer loop
      vertex 43.4489 66.8 58.6882
      vertex 52.6142 66.8 58.874
      vertex 43.3858 66.8 58.874
    endloop
  endfacet
  facet normal 0 -1 0
    outer loop
      vertex 43.4489 66.8 58.6882
      vertex 52.5511 66.8 58.6882
      vertex 52.6142 66.8 58.874
    endloop
  endfacet
  facet normal 0 -1 0
    outer loop
      vertex 43.4872 66.8 58.4958
      vertex 52.5511 66.8 58.6882
      vertex 43.4489 66.8 58.6882
    endloop
  endfacet
  facet normal 0 -1 0
    outer loop
      vertex 43.4872 66.8 58.4958
      vertex 52.5128 66.8 58.4958
      vertex 52.5511 66.8 58.6882
    endloop
  endfacet
  facet normal 0 -1 0
    outer loop
      vertex 43.5 66.8 58.3
      vertex 52.5128 66.8 58.4958
      vertex 43.4872 66.8 58.4958
    endloop
  endfacet
  facet normal 0 -1 0
    outer loop
      vertex 43.5 66.8 58.3
      vertex 52.5 66.8 58.3
      vertex 52.5128 66.8 58.4958
    endloop
  endfacet
  facet normal 0 -1 0
    outer loop
      vertex 43.4872 66.8 58.1042
      vertex 52.5 66.8 58.3
      vertex 43.5 66.8 58.3
    endloop
  endfacet
  facet normal 0 -1 0
    outer loop
      vertex 43.4872 66.8 58.1042
      vertex 52.5128 66.8 58.1042
      vertex 52.5 66.8 58.3
    endloop
  endfacet
  facet normal 0 -1 0
    outer loop
      vertex 43.4489 66.8 57.9118
      vertex 52.5128 66.8 58.1042
      vertex 43.4872 66.8 58.1042
    endloop
  endfacet
  facet normal 0 -1 0
    outer loop
      vertex 43.4489 66.8 57.9118
      vertex 52.5511 66.8 57.9118
      vertex 52.5128 66.8 58.1042
    endloop
  endfacet
  facet normal 0 -1 0
    outer loop
      vertex 43.3858 66.8 57.726
      vertex 52.5511 66.8 57.9118
      vertex 43.4489 66.8 57.9118
    endloop
  endfacet
  facet normal 0 -1 0
    outer loop
      vertex 43.3858 66.8 57.726
      vertex 52.6142 66.8 57.726
      vertex 52.5511 66.8 57.9118
    endloop
  endfacet
  facet normal 0 -1 0
    outer loop
      vertex 43.299 66.8 57.55
      vertex 52.6142 66.8 57.726
      vertex 43.3858 66.8 57.726
    endloop
  endfacet
  facet normal 0 -1 0
    outer loop
      vertex 43.299 66.8 57.55
      vertex 52.701 66.8 57.55
      vertex 52.6142 66.8 57.726
    endloop
  endfacet
  facet normal 0 -1 0
    outer loop
      vertex 43.19 66.8 57.3869
      vertex 52.701 66.8 57.55
      vertex 43.299 66.8 57.55
    endloop
  endfacet
  facet normal 0 -1 0
    outer loop
      vertex 43.19 66.8 57.3869
      vertex 52.81 66.8 57.3869
      vertex 52.701 66.8 57.55
    endloop
  endfacet
  facet normal 0 -1 0
    outer loop
      vertex 43.0607 66.8 57.2393
      vertex 52.81 66.8 57.3869
      vertex 43.19 66.8 57.3869
    endloop
  endfacet
  facet normal 0 -1 0
    outer loop
      vertex 43.0607 66.8 57.2393
      vertex 52.9393 66.8 57.2393
      vertex 52.81 66.8 57.3869
    endloop
  endfacet
  facet normal 0 -1 0
    outer loop
      vertex 42.9131 66.8 57.11
      vertex 52.9393 66.8 57.2393
      vertex 43.0607 66.8 57.2393
    endloop
  endfacet
  facet normal 0 -1 0
    outer loop
      vertex 42.9131 66.8 57.11
      vertex 53.0869 66.8 57.11
      vertex 52.9393 66.8 57.2393
    endloop
  endfacet
  facet normal 0 -1 0
    outer loop
      vertex 42.75 66.8 57.001
      vertex 53.0869 66.8 57.11
      vertex 42.9131 66.8 57.11
    endloop
  endfacet
  facet normal 0 -1 0
    outer loop
      vertex 42.75 66.8 57.001
      vertex 53.25 66.8 57.001
      vertex 53.0869 66.8 57.11
    endloop
  endfacet
  facet normal 0 -1 0
    outer loop
      vertex 42.574 66.8 56.9142
      vertex 53.25 66.8 57.001
      vertex 42.75 66.8 57.001
    endloop
  endfacet
  facet normal 0 -1 0
    outer loop
      vertex 42.574 66.8 56.9142
      vertex 53.426 66.8 56.9142
      vertex 53.25 66.8 57.001
    endloop
  endfacet
  facet normal 0 -1 0
    outer loop
      vertex 42.3882 66.8 56.8511
      vertex 53.426 66.8 56.9142
      vertex 42.574 66.8 56.9142
    endloop
  endfacet
  facet normal 0 -1 0
    outer loop
      vertex 42.3882 66.8 56.8511
      vertex 53.6118 66.8 56.8511
      vertex 53.426 66.8 56.9142
    endloop
  endfacet
  facet normal 0 -1 0
    outer loop
      vertex 42.1958 66.8 56.8128
      vertex 53.6118 66.8 56.8511
      vertex 42.3882 66.8 56.8511
    endloop
  endfacet
  facet normal 0 -1 0
    outer loop
      vertex 42.1958 66.8 56.8128
      vertex 53.8042 66.8 56.8128
      vertex 53.6118 66.8 56.8511
    endloop
  endfacet
  facet normal 0 -1 0
    outer loop
      vertex 42 66.8 56.8
      vertex 53.8042 66.8 56.8128
      vertex 42.1958 66.8 56.8128
    endloop
  endfacet
  facet normal 0 -1 -0
    outer loop
      vertex 53.8042 66.8 56.8128
      vertex 42 66.8 56.8
      vertex 54 66.8 56.8
    endloop
  endfacet
  facet normal 0 -1 0
    outer loop
      vertex 30.1958 66.8 59.7872
      vertex 42 66.8 59.8
      vertex 30 66.8 59.8
    endloop
  endfacet
  facet normal 0 -1 0
    outer loop
      vertex 30.1958 66.8 59.7872
      vertex 41.8042 66.8 59.7872
      vertex 42 66.8 59.8
    endloop
  endfacet
  facet normal 0 -1 0
    outer loop
      vertex 30.3882 66.8 59.7489
      vertex 41.8042 66.8 59.7872
      vertex 30.1958 66.8 59.7872
    endloop
  endfacet
  facet normal 0 -1 0
    outer loop
      vertex 30.3882 66.8 59.7489
      vertex 41.6118 66.8 59.7489
      vertex 41.8042 66.8 59.7872
    endloop
  endfacet
  facet normal 0 -1 0
    outer loop
      vertex 30.574 66.8 59.6858
      vertex 41.6118 66.8 59.7489
      vertex 30.3882 66.8 59.7489
    endloop
  endfacet
  facet normal 0 -1 0
    outer loop
      vertex 30.574 66.8 59.6858
      vertex 41.426 66.8 59.6858
      vertex 41.6118 66.8 59.7489
    endloop
  endfacet
  facet normal 0 -1 0
    outer loop
      vertex 30.75 66.8 59.599
      vertex 41.426 66.8 59.6858
      vertex 30.574 66.8 59.6858
    endloop
  endfacet
  facet normal 0 -1 0
    outer loop
      vertex 30.75 66.8 59.599
      vertex 41.25 66.8 59.599
      vertex 41.426 66.8 59.6858
    endloop
  endfacet
  facet normal 0 -1 0
    outer loop
      vertex 30.9131 66.8 59.49
      vertex 41.25 66.8 59.599
      vertex 30.75 66.8 59.599
    endloop
  endfacet
  facet normal 0 -1 0
    outer loop
      vertex 30.9131 66.8 59.49
      vertex 41.0869 66.8 59.49
      vertex 41.25 66.8 59.599
    endloop
  endfacet
  facet normal 0 -1 0
    outer loop
      vertex 31.0607 66.8 59.3607
      vertex 41.0869 66.8 59.49
      vertex 30.9131 66.8 59.49
    endloop
  endfacet
  facet normal 0 -1 0
    outer loop
      vertex 31.0607 66.8 59.3607
      vertex 40.9393 66.8 59.3607
      vertex 41.0869 66.8 59.49
    endloop
  endfacet
  facet normal 0 -1 0
    outer loop
      vertex 31.19 66.8 59.2131
      vertex 40.9393 66.8 59.3607
      vertex 31.0607 66.8 59.3607
    endloop
  endfacet
  facet normal 0 -1 0
    outer loop
      vertex 31.19 66.8 59.2131
      vertex 40.81 66.8 59.2131
      vertex 40.9393 66.8 59.3607
    endloop
  endfacet
  facet normal 0 -1 0
    outer loop
      vertex 31.299 66.8 59.05
      vertex 40.81 66.8 59.2131
      vertex 31.19 66.8 59.2131
    endloop
  endfacet
  facet normal 0 -1 0
    outer loop
      vertex 31.299 66.8 59.05
      vertex 40.701 66.8 59.05
      vertex 40.81 66.8 59.2131
    endloop
  endfacet
  facet normal 0 -1 0
    outer loop
      vertex 31.3858 66.8 58.874
      vertex 40.701 66.8 59.05
      vertex 31.299 66.8 59.05
    endloop
  endfacet
  facet normal 0 -1 0
    outer loop
      vertex 31.3858 66.8 58.874
      vertex 40.6142 66.8 58.874
      vertex 40.701 66.8 59.05
    endloop
  endfacet
  facet normal 0 -1 0
    outer loop
      vertex 31.4489 66.8 58.6882
      vertex 40.6142 66.8 58.874
      vertex 31.3858 66.8 58.874
    endloop
  endfacet
  facet normal 0 -1 0
    outer loop
      vertex 31.4489 66.8 58.6882
      vertex 40.5511 66.8 58.6882
      vertex 40.6142 66.8 58.874
    endloop
  endfacet
  facet normal 0 -1 0
    outer loop
      vertex 31.4872 66.8 58.4958
      vertex 40.5511 66.8 58.6882
      vertex 31.4489 66.8 58.6882
    endloop
  endfacet
  facet normal 0 -1 0
    outer loop
      vertex 31.4872 66.8 58.4958
      vertex 40.5128 66.8 58.4958
      vertex 40.5511 66.8 58.6882
    endloop
  endfacet
  facet normal 0 -1 0
    outer loop
      vertex 31.5 66.8 58.3
      vertex 40.5128 66.8 58.4958
      vertex 31.4872 66.8 58.4958
    endloop
  endfacet
  facet normal 0 -1 0
    outer loop
      vertex 31.5 66.8 58.3
      vertex 40.5 66.8 58.3
      vertex 40.5128 66.8 58.4958
    endloop
  endfacet
  facet normal 0 -1 0
    outer loop
      vertex 31.4872 66.8 58.1042
      vertex 40.5 66.8 58.3
      vertex 31.5 66.8 58.3
    endloop
  endfacet
  facet normal 0 -1 0
    outer loop
      vertex 31.4872 66.8 58.1042
      vertex 40.5128 66.8 58.1042
      vertex 40.5 66.8 58.3
    endloop
  endfacet
  facet normal 0 -1 0
    outer loop
      vertex 31.4489 66.8 57.9118
      vertex 40.5128 66.8 58.1042
      vertex 31.4872 66.8 58.1042
    endloop
  endfacet
  facet normal 0 -1 0
    outer loop
      vertex 31.4489 66.8 57.9118
      vertex 40.5511 66.8 57.9118
      vertex 40.5128 66.8 58.1042
    endloop
  endfacet
  facet normal 0 -1 0
    outer loop
      vertex 31.3858 66.8 57.726
      vertex 40.5511 66.8 57.9118
      vertex 31.4489 66.8 57.9118
    endloop
  endfacet
  facet normal 0 -1 0
    outer loop
      vertex 31.3858 66.8 57.726
      vertex 40.6142 66.8 57.726
      vertex 40.5511 66.8 57.9118
    endloop
  endfacet
  facet normal 0 -1 0
    outer loop
      vertex 31.299 66.8 57.55
      vertex 40.6142 66.8 57.726
      vertex 31.3858 66.8 57.726
    endloop
  endfacet
  facet normal 0 -1 0
    outer loop
      vertex 31.299 66.8 57.55
      vertex 40.701 66.8 57.55
      vertex 40.6142 66.8 57.726
    endloop
  endfacet
  facet normal 0 -1 0
    outer loop
      vertex 31.19 66.8 57.3869
      vertex 40.701 66.8 57.55
      vertex 31.299 66.8 57.55
    endloop
  endfacet
  facet normal 0 -1 0
    outer loop
      vertex 31.19 66.8 57.3869
      vertex 40.81 66.8 57.3869
      vertex 40.701 66.8 57.55
    endloop
  endfacet
  facet normal 0 -1 0
    outer loop
      vertex 31.0607 66.8 57.2393
      vertex 40.81 66.8 57.3869
      vertex 31.19 66.8 57.3869
    endloop
  endfacet
  facet normal 0 -1 0
    outer loop
      vertex 31.0607 66.8 57.2393
      vertex 40.9393 66.8 57.2393
      vertex 40.81 66.8 57.3869
    endloop
  endfacet
  facet normal 0 -1 0
    outer loop
      vertex 30.9131 66.8 57.11
      vertex 40.9393 66.8 57.2393
      vertex 31.0607 66.8 57.2393
    endloop
  endfacet
  facet normal 0 -1 0
    outer loop
      vertex 30.9131 66.8 57.11
      vertex 41.0869 66.8 57.11
      vertex 40.9393 66.8 57.2393
    endloop
  endfacet
  facet normal 0 -1 0
    outer loop
      vertex 30.75 66.8 57.001
      vertex 41.0869 66.8 57.11
      vertex 30.9131 66.8 57.11
    endloop
  endfacet
  facet normal 0 -1 0
    outer loop
      vertex 30.75 66.8 57.001
      vertex 41.25 66.8 57.001
      vertex 41.0869 66.8 57.11
    endloop
  endfacet
  facet normal 0 -1 0
    outer loop
      vertex 30.574 66.8 56.9142
      vertex 41.25 66.8 57.001
      vertex 30.75 66.8 57.001
    endloop
  endfacet
  facet normal 0 -1 0
    outer loop
      vertex 30.574 66.8 56.9142
      vertex 41.426 66.8 56.9142
      vertex 41.25 66.8 57.001
    endloop
  endfacet
  facet normal 0 -1 0
    outer loop
      vertex 30.3882 66.8 56.8511
      vertex 41.426 66.8 56.9142
      vertex 30.574 66.8 56.9142
    endloop
  endfacet
  facet normal 0 -1 0
    outer loop
      vertex 30.3882 66.8 56.8511
      vertex 41.6118 66.8 56.8511
      vertex 41.426 66.8 56.9142
    endloop
  endfacet
  facet normal 0 -1 -0
    outer loop
      vertex 29.426 66.8 56.9142
      vertex 15.8523 66.8 33.1107
      vertex 29.6118 66.8 56.8511
    endloop
  endfacet
  facet normal 0 -1 0
    outer loop
      vertex 15.9899 66.8 32.9899
      vertex 29.6118 66.8 56.8511
      vertex 15.8523 66.8 33.1107
    endloop
  endfacet
  facet normal 0 -1 0
    outer loop
      vertex 14.8173 66.8 33.388
      vertex 6.57402 66.8 56.9142
      vertex -1.30997 66.8 40.9131
    endloop
  endfacet
  facet normal 0 -1 0
    outer loop
      vertex 6.57402 66.8 56.9142
      vertex 14.8173 66.8 33.388
      vertex 17.426 66.8 56.9142
    endloop
  endfacet
  facet normal 0 -1 0
    outer loop
      vertex 18.1958 66.8 59.7872
      vertex 30 66.8 59.8
      vertex 18 66.8 59.8
    endloop
  endfacet
  facet normal 0 -1 0
    outer loop
      vertex 18.1958 66.8 59.7872
      vertex 29.8042 66.8 59.7872
      vertex 30 66.8 59.8
    endloop
  endfacet
  facet normal 0 -1 0
    outer loop
      vertex 18.3882 66.8 59.7489
      vertex 29.8042 66.8 59.7872
      vertex 18.1958 66.8 59.7872
    endloop
  endfacet
  facet normal 0 -1 0
    outer loop
      vertex 18.3882 66.8 59.7489
      vertex 29.6118 66.8 59.7489
      vertex 29.8042 66.8 59.7872
    endloop
  endfacet
  facet normal 0 -1 0
    outer loop
      vertex 18.574 66.8 59.6858
      vertex 29.6118 66.8 59.7489
      vertex 18.3882 66.8 59.7489
    endloop
  endfacet
  facet normal 0 -1 0
    outer loop
      vertex 18.574 66.8 59.6858
      vertex 29.426 66.8 59.6858
      vertex 29.6118 66.8 59.7489
    endloop
  endfacet
  facet normal 0 -1 0
    outer loop
      vertex 18.75 66.8 59.599
      vertex 29.426 66.8 59.6858
      vertex 18.574 66.8 59.6858
    endloop
  endfacet
  facet normal 0 -1 0
    outer loop
      vertex 18.75 66.8 59.599
      vertex 29.25 66.8 59.599
      vertex 29.426 66.8 59.6858
    endloop
  endfacet
  facet normal 0 -1 0
    outer loop
      vertex 18.9131 66.8 59.49
      vertex 29.25 66.8 59.599
      vertex 18.75 66.8 59.599
    endloop
  endfacet
  facet normal 0 -1 0
    outer loop
      vertex 18.9131 66.8 59.49
      vertex 29.0869 66.8 59.49
      vertex 29.25 66.8 59.599
    endloop
  endfacet
  facet normal 0 -1 0
    outer loop
      vertex 19.0607 66.8 59.3607
      vertex 29.0869 66.8 59.49
      vertex 18.9131 66.8 59.49
    endloop
  endfacet
  facet normal 0 -1 0
    outer loop
      vertex 19.0607 66.8 59.3607
      vertex 28.9393 66.8 59.3607
      vertex 29.0869 66.8 59.49
    endloop
  endfacet
  facet normal 0 -1 0
    outer loop
      vertex 19.19 66.8 59.2131
      vertex 28.9393 66.8 59.3607
      vertex 19.0607 66.8 59.3607
    endloop
  endfacet
  facet normal 0 -1 0
    outer loop
      vertex 19.19 66.8 59.2131
      vertex 28.81 66.8 59.2131
      vertex 28.9393 66.8 59.3607
    endloop
  endfacet
  facet normal 0 -1 0
    outer loop
      vertex 19.299 66.8 59.05
      vertex 28.81 66.8 59.2131
      vertex 19.19 66.8 59.2131
    endloop
  endfacet
  facet normal 0 -1 0
    outer loop
      vertex 19.299 66.8 59.05
      vertex 28.701 66.8 59.05
      vertex 28.81 66.8 59.2131
    endloop
  endfacet
  facet normal 0 -1 0
    outer loop
      vertex 19.3858 66.8 58.874
      vertex 28.701 66.8 59.05
      vertex 19.299 66.8 59.05
    endloop
  endfacet
  facet normal 0 -1 0
    outer loop
      vertex 19.3858 66.8 58.874
      vertex 28.6142 66.8 58.874
      vertex 28.701 66.8 59.05
    endloop
  endfacet
  facet normal 0 -1 0
    outer loop
      vertex 19.4489 66.8 58.6882
      vertex 28.6142 66.8 58.874
      vertex 19.3858 66.8 58.874
    endloop
  endfacet
  facet normal 0 -1 0
    outer loop
      vertex 19.4489 66.8 58.6882
      vertex 28.5511 66.8 58.6882
      vertex 28.6142 66.8 58.874
    endloop
  endfacet
  facet normal 0 -1 0
    outer loop
      vertex 19.4872 66.8 58.4958
      vertex 28.5511 66.8 58.6882
      vertex 19.4489 66.8 58.6882
    endloop
  endfacet
  facet normal 0 -1 0
    outer loop
      vertex 19.4872 66.8 58.4958
      vertex 28.5128 66.8 58.4958
      vertex 28.5511 66.8 58.6882
    endloop
  endfacet
  facet normal 0 -1 0
    outer loop
      vertex 19.5 66.8 58.3
      vertex 28.5128 66.8 58.4958
      vertex 19.4872 66.8 58.4958
    endloop
  endfacet
  facet normal 0 -1 0
    outer loop
      vertex 19.5 66.8 58.3
      vertex 28.5 66.8 58.3
      vertex 28.5128 66.8 58.4958
    endloop
  endfacet
  facet normal 0 -1 0
    outer loop
      vertex 19.4872 66.8 58.1042
      vertex 28.5 66.8 58.3
      vertex 19.5 66.8 58.3
    endloop
  endfacet
  facet normal 0 -1 0
    outer loop
      vertex 19.4872 66.8 58.1042
      vertex 28.5128 66.8 58.1042
      vertex 28.5 66.8 58.3
    endloop
  endfacet
  facet normal 0 -1 0
    outer loop
      vertex 19.4489 66.8 57.9118
      vertex 28.5128 66.8 58.1042
      vertex 19.4872 66.8 58.1042
    endloop
  endfacet
  facet normal 0 -1 0
    outer loop
      vertex 19.4489 66.8 57.9118
      vertex 28.5511 66.8 57.9118
      vertex 28.5128 66.8 58.1042
    endloop
  endfacet
  facet normal 0 -1 0
    outer loop
      vertex 19.3858 66.8 57.726
      vertex 28.5511 66.8 57.9118
      vertex 19.4489 66.8 57.9118
    endloop
  endfacet
  facet normal 0 -1 0
    outer loop
      vertex 19.3858 66.8 57.726
      vertex 28.6142 66.8 57.726
      vertex 28.5511 66.8 57.9118
    endloop
  endfacet
  facet normal 0 -1 0
    outer loop
      vertex 19.299 66.8 57.55
      vertex 28.6142 66.8 57.726
      vertex 19.3858 66.8 57.726
    endloop
  endfacet
  facet normal 0 -1 0
    outer loop
      vertex 19.299 66.8 57.55
      vertex 28.701 66.8 57.55
      vertex 28.6142 66.8 57.726
    endloop
  endfacet
  facet normal 0 -1 0
    outer loop
      vertex 19.19 66.8 57.3869
      vertex 28.701 66.8 57.55
      vertex 19.299 66.8 57.55
    endloop
  endfacet
  facet normal 0 -1 0
    outer loop
      vertex 19.19 66.8 57.3869
      vertex 28.81 66.8 57.3869
      vertex 28.701 66.8 57.55
    endloop
  endfacet
  facet normal 0 -1 0
    outer loop
      vertex 19.0607 66.8 57.2393
      vertex 28.81 66.8 57.3869
      vertex 19.19 66.8 57.3869
    endloop
  endfacet
  facet normal 0 -1 0
    outer loop
      vertex 19.0607 66.8 57.2393
      vertex 28.9393 66.8 57.2393
      vertex 28.81 66.8 57.3869
    endloop
  endfacet
  facet normal 0 -1 0
    outer loop
      vertex 18.9131 66.8 57.11
      vertex 28.9393 66.8 57.2393
      vertex 19.0607 66.8 57.2393
    endloop
  endfacet
  facet normal 0 -1 0
    outer loop
      vertex 18.9131 66.8 57.11
      vertex 29.0869 66.8 57.11
      vertex 28.9393 66.8 57.2393
    endloop
  endfacet
  facet normal 0 -1 0
    outer loop
      vertex 18.75 66.8 57.001
      vertex 29.0869 66.8 57.11
      vertex 18.9131 66.8 57.11
    endloop
  endfacet
  facet normal 0 -1 0
    outer loop
      vertex 18.75 66.8 57.001
      vertex 29.25 66.8 57.001
      vertex 29.0869 66.8 57.11
    endloop
  endfacet
  facet normal 0 -1 0
    outer loop
      vertex 18.574 66.8 56.9142
      vertex 29.25 66.8 57.001
      vertex 18.75 66.8 57.001
    endloop
  endfacet
  facet normal 0 -1 0
    outer loop
      vertex 18.574 66.8 56.9142
      vertex 29.426 66.8 56.9142
      vertex 29.25 66.8 57.001
    endloop
  endfacet
  facet normal 0 -1 0
    outer loop
      vertex 15.3623 66.8 33.3523
      vertex 18 66.8 56.8
      vertex 15.1827 66.8 33.388
    endloop
  endfacet
  facet normal 0 -1 -0
    outer loop
      vertex 18 66.8 56.8
      vertex 15.3623 66.8 33.3523
      vertex 18.1958 66.8 56.8128
    endloop
  endfacet
  facet normal 0 -1 0
    outer loop
      vertex 15.1827 66.8 33.388
      vertex 17.8042 66.8 56.8128
      vertex 15 66.8 33.4
    endloop
  endfacet
  facet normal 0 -1 -0
    outer loop
      vertex 17.8042 66.8 56.8128
      vertex 15.1827 66.8 33.388
      vertex 18 66.8 56.8
    endloop
  endfacet
  facet normal 0 -1 -0
    outer loop
      vertex 6 66.8 56.8
      vertex -1.30997 66.8 40.9131
      vertex 6.19579 66.8 56.8128
    endloop
  endfacet
  facet normal 0 -1 -0
    outer loop
      vertex 6.19579 66.8 56.8128
      vertex -1.30997 66.8 40.9131
      vertex 6.38823 66.8 56.8511
    endloop
  endfacet
  facet normal 0 -1 0
    outer loop
      vertex 6.19579 66.8 59.7872
      vertex 18 66.8 59.8
      vertex 6 66.8 59.8
    endloop
  endfacet
  facet normal 0 -1 0
    outer loop
      vertex 6.19579 66.8 59.7872
      vertex 17.8042 66.8 59.7872
      vertex 18 66.8 59.8
    endloop
  endfacet
  facet normal 0 -1 0
    outer loop
      vertex 6.38823 66.8 59.7489
      vertex 17.8042 66.8 59.7872
      vertex 6.19579 66.8 59.7872
    endloop
  endfacet
  facet normal 0 -1 0
    outer loop
      vertex 6.38823 66.8 59.7489
      vertex 17.6118 66.8 59.7489
      vertex 17.8042 66.8 59.7872
    endloop
  endfacet
  facet normal 0 -1 0
    outer loop
      vertex 6.57402 66.8 59.6858
      vertex 17.6118 66.8 59.7489
      vertex 6.38823 66.8 59.7489
    endloop
  endfacet
  facet normal 0 -1 0
    outer loop
      vertex 6.57402 66.8 59.6858
      vertex 17.426 66.8 59.6858
      vertex 17.6118 66.8 59.7489
    endloop
  endfacet
  facet normal 0 -1 0
    outer loop
      vertex 6.75 66.8 59.599
      vertex 17.426 66.8 59.6858
      vertex 6.57402 66.8 59.6858
    endloop
  endfacet
  facet normal 0 -1 0
    outer loop
      vertex 6.75 66.8 59.599
      vertex 17.25 66.8 59.599
      vertex 17.426 66.8 59.6858
    endloop
  endfacet
  facet normal 0 -1 0
    outer loop
      vertex 6.91314 66.8 59.49
      vertex 17.25 66.8 59.599
      vertex 6.75 66.8 59.599
    endloop
  endfacet
  facet normal 0 -1 0
    outer loop
      vertex 6.91314 66.8 59.49
      vertex 17.0869 66.8 59.49
      vertex 17.25 66.8 59.599
    endloop
  endfacet
  facet normal 0 -1 0
    outer loop
      vertex 7.06066 66.8 59.3607
      vertex 17.0869 66.8 59.49
      vertex 6.91314 66.8 59.49
    endloop
  endfacet
  facet normal 0 -1 0
    outer loop
      vertex 7.06066 66.8 59.3607
      vertex 16.9393 66.8 59.3607
      vertex 17.0869 66.8 59.49
    endloop
  endfacet
  facet normal 0 -1 0
    outer loop
      vertex 7.19003 66.8 59.2131
      vertex 16.9393 66.8 59.3607
      vertex 7.06066 66.8 59.3607
    endloop
  endfacet
  facet normal 0 -1 0
    outer loop
      vertex 7.19003 66.8 59.2131
      vertex 16.81 66.8 59.2131
      vertex 16.9393 66.8 59.3607
    endloop
  endfacet
  facet normal 0 -1 0
    outer loop
      vertex 7.29904 66.8 59.05
      vertex 16.81 66.8 59.2131
      vertex 7.19003 66.8 59.2131
    endloop
  endfacet
  facet normal 0 -1 0
    outer loop
      vertex 7.29904 66.8 59.05
      vertex 16.701 66.8 59.05
      vertex 16.81 66.8 59.2131
    endloop
  endfacet
  facet normal 0 -1 0
    outer loop
      vertex 7.38582 66.8 58.874
      vertex 16.701 66.8 59.05
      vertex 7.29904 66.8 59.05
    endloop
  endfacet
  facet normal 0 -1 0
    outer loop
      vertex 7.38582 66.8 58.874
      vertex 16.6142 66.8 58.874
      vertex 16.701 66.8 59.05
    endloop
  endfacet
  facet normal 0 -1 0
    outer loop
      vertex 7.44889 66.8 58.6882
      vertex 16.6142 66.8 58.874
      vertex 7.38582 66.8 58.874
    endloop
  endfacet
  facet normal 0 -1 0
    outer loop
      vertex 7.44889 66.8 58.6882
      vertex 16.5511 66.8 58.6882
      vertex 16.6142 66.8 58.874
    endloop
  endfacet
  facet normal 0 -1 0
    outer loop
      vertex 7.48717 66.8 58.4958
      vertex 16.5511 66.8 58.6882
      vertex 7.44889 66.8 58.6882
    endloop
  endfacet
  facet normal 0 -1 0
    outer loop
      vertex 7.48717 66.8 58.4958
      vertex 16.5128 66.8 58.4958
      vertex 16.5511 66.8 58.6882
    endloop
  endfacet
  facet normal 0 -1 0
    outer loop
      vertex 7.5 66.8 58.3
      vertex 16.5128 66.8 58.4958
      vertex 7.48717 66.8 58.4958
    endloop
  endfacet
  facet normal 0 -1 0
    outer loop
      vertex 7.5 66.8 58.3
      vertex 16.5 66.8 58.3
      vertex 16.5128 66.8 58.4958
    endloop
  endfacet
  facet normal 0 -1 0
    outer loop
      vertex 7.48717 66.8 58.1042
      vertex 16.5 66.8 58.3
      vertex 7.5 66.8 58.3
    endloop
  endfacet
  facet normal 0 -1 0
    outer loop
      vertex 7.48717 66.8 58.1042
      vertex 16.5128 66.8 58.1042
      vertex 16.5 66.8 58.3
    endloop
  endfacet
  facet normal 0 -1 0
    outer loop
      vertex 7.44889 66.8 57.9118
      vertex 16.5128 66.8 58.1042
      vertex 7.48717 66.8 58.1042
    endloop
  endfacet
  facet normal 0 -1 0
    outer loop
      vertex 7.44889 66.8 57.9118
      vertex 16.5511 66.8 57.9118
      vertex 16.5128 66.8 58.1042
    endloop
  endfacet
  facet normal 0 -1 0
    outer loop
      vertex 7.38582 66.8 57.726
      vertex 16.5511 66.8 57.9118
      vertex 7.44889 66.8 57.9118
    endloop
  endfacet
  facet normal 0 -1 0
    outer loop
      vertex 7.38582 66.8 57.726
      vertex 16.6142 66.8 57.726
      vertex 16.5511 66.8 57.9118
    endloop
  endfacet
  facet normal 0 -1 0
    outer loop
      vertex 7.29904 66.8 57.55
      vertex 16.6142 66.8 57.726
      vertex 7.38582 66.8 57.726
    endloop
  endfacet
  facet normal 0 -1 0
    outer loop
      vertex 7.29904 66.8 57.55
      vertex 16.701 66.8 57.55
      vertex 16.6142 66.8 57.726
    endloop
  endfacet
  facet normal 0 -1 0
    outer loop
      vertex 7.19003 66.8 57.3869
      vertex 16.701 66.8 57.55
      vertex 7.29904 66.8 57.55
    endloop
  endfacet
  facet normal 0 -1 0
    outer loop
      vertex 7.19003 66.8 57.3869
      vertex 16.81 66.8 57.3869
      vertex 16.701 66.8 57.55
    endloop
  endfacet
  facet normal 0 -1 0
    outer loop
      vertex 7.06066 66.8 57.2393
      vertex 16.81 66.8 57.3869
      vertex 7.19003 66.8 57.3869
    endloop
  endfacet
  facet normal 0 -1 0
    outer loop
      vertex 7.06066 66.8 57.2393
      vertex 16.9393 66.8 57.2393
      vertex 16.81 66.8 57.3869
    endloop
  endfacet
  facet normal 0 -1 0
    outer loop
      vertex 6.91314 66.8 57.11
      vertex 16.9393 66.8 57.2393
      vertex 7.06066 66.8 57.2393
    endloop
  endfacet
  facet normal 0 -1 0
    outer loop
      vertex 6.91314 66.8 57.11
      vertex 17.0869 66.8 57.11
      vertex 16.9393 66.8 57.2393
    endloop
  endfacet
  facet normal 0 -1 0
    outer loop
      vertex 6.75 66.8 57.001
      vertex 17.0869 66.8 57.11
      vertex 6.91314 66.8 57.11
    endloop
  endfacet
  facet normal 0 -1 0
    outer loop
      vertex 6.75 66.8 57.001
      vertex 17.25 66.8 57.001
      vertex 17.0869 66.8 57.11
    endloop
  endfacet
  facet normal 0 -1 0
    outer loop
      vertex 6.57402 66.8 56.9142
      vertex 17.25 66.8 57.001
      vertex 6.75 66.8 57.001
    endloop
  endfacet
  facet normal 0 -1 0
    outer loop
      vertex 6.57402 66.8 56.9142
      vertex 17.426 66.8 56.9142
      vertex 17.25 66.8 57.001
    endloop
  endfacet
  facet normal 0 -1 0
    outer loop
      vertex -1.58686 66.8 41.19
      vertex 5.61177 66.8 56.8511
      vertex -1.75 66.8 41.299
    endloop
  endfacet
  facet normal 0 -1 -0
    outer loop
      vertex 5.61177 66.8 56.8511
      vertex -1.58686 66.8 41.19
      vertex 5.80421 66.8 56.8128
    endloop
  endfacet
  facet normal 0 -1 -0
    outer loop
      vertex 5.42597 66.8 56.9142
      vertex -1.75 66.8 41.299
      vertex 5.61177 66.8 56.8511
    endloop
  endfacet
  facet normal 0 -1 0
    outer loop
      vertex -1.43934 66.8 41.0607
      vertex 5.80421 66.8 56.8128
      vertex -1.58686 66.8 41.19
    endloop
  endfacet
  facet normal 0 -1 0
    outer loop
      vertex -1.75 66.8 41.299
      vertex 5.42597 66.8 56.9142
      vertex -1.92597 66.8 41.3858
    endloop
  endfacet
  facet normal 0 -1 -0
    outer loop
      vertex 5.80421 66.8 56.8128
      vertex -1.43934 66.8 41.0607
      vertex 6 66.8 56.8
    endloop
  endfacet
  facet normal 0 -1 0
    outer loop
      vertex 18 66.8 59.8
      vertex -5 66.8 60.3
      vertex 6 66.8 59.8
    endloop
  endfacet
  facet normal 0 -1 0
    outer loop
      vertex -5 66.8 60.3
      vertex 5.80421 66.8 59.7872
      vertex 6 66.8 59.8
    endloop
  endfacet
  facet normal 0 -1 0
    outer loop
      vertex -5 66.8 60.3
      vertex 5.61177 66.8 59.7489
      vertex 5.80421 66.8 59.7872
    endloop
  endfacet
  facet normal 0 -1 0
    outer loop
      vertex -5 66.8 60.3
      vertex 5.42597 66.8 59.6858
      vertex 5.61177 66.8 59.7489
    endloop
  endfacet
  facet normal 0 -1 0
    outer loop
      vertex -5 66.8 60.3
      vertex 5.25 66.8 59.599
      vertex 5.42597 66.8 59.6858
    endloop
  endfacet
  facet normal 0 -1 0
    outer loop
      vertex -5 66.8 60.3
      vertex 5.08686 66.8 59.49
      vertex 5.25 66.8 59.599
    endloop
  endfacet
  facet normal 0 -1 0
    outer loop
      vertex -5 66.8 60.3
      vertex 4.93934 66.8 59.3607
      vertex 5.08686 66.8 59.49
    endloop
  endfacet
  facet normal 0 -1 0
    outer loop
      vertex -5 66.8 60.3
      vertex 4.80997 66.8 59.2131
      vertex 4.93934 66.8 59.3607
    endloop
  endfacet
  facet normal 0 -1 0
    outer loop
      vertex -5 66.8 60.3
      vertex 4.70096 66.8 59.05
      vertex 4.80997 66.8 59.2131
    endloop
  endfacet
  facet normal 0 -1 0
    outer loop
      vertex -5 66.8 60.3
      vertex 4.61418 66.8 58.874
      vertex 4.70096 66.8 59.05
    endloop
  endfacet
  facet normal 0 -1 0
    outer loop
      vertex -5 66.8 60.3
      vertex 4.55111 66.8 58.6882
      vertex 4.61418 66.8 58.874
    endloop
  endfacet
  facet normal 0 -1 0
    outer loop
      vertex -5 66.8 60.3
      vertex 4.51283 66.8 58.4958
      vertex 4.55111 66.8 58.6882
    endloop
  endfacet
  facet normal 0 -1 0
    outer loop
      vertex -5 66.8 60.3
      vertex 4.5 66.8 58.3
      vertex 4.51283 66.8 58.4958
    endloop
  endfacet
  facet normal 0 -1 0
    outer loop
      vertex -5 66.8 60.3
      vertex 4.51283 66.8 58.1042
      vertex 4.5 66.8 58.3
    endloop
  endfacet
  facet normal 0 -1 0
    outer loop
      vertex -5 66.8 60.3
      vertex 4.55111 66.8 57.9118
      vertex 4.51283 66.8 58.1042
    endloop
  endfacet
  facet normal 0 -1 0
    outer loop
      vertex -5 66.8 60.3
      vertex 4.61418 66.8 57.726
      vertex 4.55111 66.8 57.9118
    endloop
  endfacet
  facet normal 0 -1 0
    outer loop
      vertex -5 66.8 60.3
      vertex 4.70096 66.8 57.55
      vertex 4.61418 66.8 57.726
    endloop
  endfacet
  facet normal 0 -1 0
    outer loop
      vertex -5 66.8 60.3
      vertex 4.80997 66.8 57.3869
      vertex 4.70096 66.8 57.55
    endloop
  endfacet
  facet normal 0 -1 0
    outer loop
      vertex -2.5 66.8 41.5
      vertex 4.80997 66.8 57.3869
      vertex -5 66.8 60.3
    endloop
  endfacet
  facet normal 0 -1 -0
    outer loop
      vertex 4.80997 66.8 57.3869
      vertex -2.5 66.8 41.5
      vertex 4.93934 66.8 57.2393
    endloop
  endfacet
  facet normal 0 -1 0
    outer loop
      vertex -2.30421 66.8 41.4872
      vertex 4.93934 66.8 57.2393
      vertex -2.5 66.8 41.5
    endloop
  endfacet
  facet normal 0 -1 -0
    outer loop
      vertex 4.93934 66.8 57.2393
      vertex -2.30421 66.8 41.4872
      vertex 5.08686 66.8 57.11
    endloop
  endfacet
  facet normal 0 -1 0
    outer loop
      vertex -2.11177 66.8 41.4489
      vertex 5.08686 66.8 57.11
      vertex -2.30421 66.8 41.4872
    endloop
  endfacet
  facet normal 0 -1 0
    outer loop
      vertex -1.30997 66.8 40.9131
      vertex 6 66.8 56.8
      vertex -1.43934 66.8 41.0607
    endloop
  endfacet
  facet normal 0 -1 -0
    outer loop
      vertex 6.38823 66.8 56.8511
      vertex -1.30997 66.8 40.9131
      vertex 6.57402 66.8 56.9142
    endloop
  endfacet
  facet normal 0 -1 -0
    outer loop
      vertex 17.426 66.8 56.9142
      vertex 14.8173 66.8 33.388
      vertex 17.6118 66.8 56.8511
    endloop
  endfacet
  facet normal -0 -1 0
    outer loop
      vertex 15 66.8 33.4
      vertex 17.6118 66.8 56.8511
      vertex 14.8173 66.8 33.388
    endloop
  endfacet
  facet normal 0 -1 -0
    outer loop
      vertex 17.6118 66.8 56.8511
      vertex 15 66.8 33.4
      vertex 17.8042 66.8 56.8128
    endloop
  endfacet
  facet normal 0 -1 0
    outer loop
      vertex 65.8042 66.8 56.8128
      vertex 98.3 66.8 41.5
      vertex 66 66.8 56.8
    endloop
  endfacet
  facet normal 0 -1 0
    outer loop
      vertex 77.8042 66.8 56.8128
      vertex 98.3 66.8 41.5
      vertex 78 66.8 56.8
    endloop
  endfacet
  facet normal 0 -1 -0
    outer loop
      vertex 5.25 66.8 57.001
      vertex -1.92597 66.8 41.3858
      vertex 5.42597 66.8 56.9142
    endloop
  endfacet
  facet normal 0 -1 0
    outer loop
      vertex -1.92597 66.8 41.3858
      vertex 5.25 66.8 57.001
      vertex -2.11177 66.8 41.4489
    endloop
  endfacet
  facet normal 0 -1 -0
    outer loop
      vertex 5.08686 66.8 57.11
      vertex -2.11177 66.8 41.4489
      vertex 5.25 66.8 57.001
    endloop
  endfacet
  facet normal 0 -1 0
    outer loop
      vertex -5 66.8 60.3
      vertex -2.69579 66.8 41.4872
      vertex -2.5 66.8 41.5
    endloop
  endfacet
  facet normal 0 -1 0
    outer loop
      vertex -5 66.8 60.3
      vertex -2.88823 66.8 41.4489
      vertex -2.69579 66.8 41.4872
    endloop
  endfacet
  facet normal 0 -1 0
    outer loop
      vertex -5 66.8 60.3
      vertex -3.07402 66.8 41.3858
      vertex -2.88823 66.8 41.4489
    endloop
  endfacet
  facet normal 0 -1 0
    outer loop
      vertex -5 66.8 60.3
      vertex -3.25 66.8 41.299
      vertex -3.07402 66.8 41.3858
    endloop
  endfacet
  facet normal 0 -1 0
    outer loop
      vertex -5 66.8 60.3
      vertex -3.41314 66.8 41.19
      vertex -3.25 66.8 41.299
    endloop
  endfacet
  facet normal 0 -1 0
    outer loop
      vertex -5 66.8 60.3
      vertex -3.56066 66.8 41.0607
      vertex -3.41314 66.8 41.19
    endloop
  endfacet
  facet normal 0 -1 0
    outer loop
      vertex -5 66.8 60.3
      vertex -3.69003 66.8 40.9131
      vertex -3.56066 66.8 41.0607
    endloop
  endfacet
  facet normal 0 -1 0
    outer loop
      vertex -5 66.8 60.3
      vertex -3.79904 66.8 40.75
      vertex -3.69003 66.8 40.9131
    endloop
  endfacet
  facet normal 0 -1 0
    outer loop
      vertex -5 66.8 60.3
      vertex -3.88582 66.8 40.574
      vertex -3.79904 66.8 40.75
    endloop
  endfacet
  facet normal 0 -1 0
    outer loop
      vertex -5 66.8 60.3
      vertex -3.94889 66.8 40.3882
      vertex -3.88582 66.8 40.574
    endloop
  endfacet
  facet normal 0 -1 0
    outer loop
      vertex -5 66.8 60.3
      vertex -3.98717 66.8 40.1958
      vertex -3.94889 66.8 40.3882
    endloop
  endfacet
  facet normal 0 -1 0
    outer loop
      vertex -5 66.8 60.3
      vertex -4 66.8 40
      vertex -3.98717 66.8 40.1958
    endloop
  endfacet
  facet normal 0 -1 0
    outer loop
      vertex 42 66.8 56.8
      vertex 78 66.8 33.4
      vertex 54 66.8 56.8
    endloop
  endfacet
  facet normal 0 -1 0
    outer loop
      vertex -2.5 66.8 27.5
      vertex -2.5 66.8 38.5
      vertex -2.69579 66.8 38.5128
    endloop
  endfacet
  facet normal 0 -1 0
    outer loop
      vertex -2.69579 66.8 27.4872
      vertex -2.69579 66.8 38.5128
      vertex -2.88823 66.8 38.5511
    endloop
  endfacet
  facet normal 0 -1 0
    outer loop
      vertex 15.8523 66.8 33.1107
      vertex 18.574 66.8 56.9142
      vertex 15.7 66.8 33.2124
    endloop
  endfacet
  facet normal 0 -1 0
    outer loop
      vertex -1.20096 66.8 40.75
      vertex 14.6377 66.8 33.3523
      vertex 14.8173 66.8 33.388
    endloop
  endfacet
  facet normal 0 -1 0
    outer loop
      vertex -1.11418 66.8 40.574
      vertex 14.4642 66.8 33.2934
      vertex 14.6377 66.8 33.3523
    endloop
  endfacet
  facet normal 0 -1 0
    outer loop
      vertex -1.05111 66.8 40.3882
      vertex 14.3 66.8 33.2124
      vertex 14.4642 66.8 33.2934
    endloop
  endfacet
  facet normal 0 -1 0
    outer loop
      vertex -1.01283 66.8 40.1958
      vertex 14.1477 66.8 33.1107
      vertex 14.3 66.8 33.2124
    endloop
  endfacet
  facet normal 0 -1 0
    outer loop
      vertex -1 66.8 40
      vertex 14.01 66.8 32.9899
      vertex 14.1477 66.8 33.1107
    endloop
  endfacet
  facet normal 0 -1 0
    outer loop
      vertex -1.01283 66.8 39.8042
      vertex 13.8893 66.8 32.8523
      vertex 14.01 66.8 32.9899
    endloop
  endfacet
  facet normal 0 -1 0
    outer loop
      vertex -2.88823 66.8 27.4489
      vertex -2.88823 66.8 38.5511
      vertex -3.07402 66.8 38.6142
    endloop
  endfacet
  facet normal 0 -1 0
    outer loop
      vertex -1.05111 66.8 39.6118
      vertex 13.7876 66.8 32.7
      vertex 13.8893 66.8 32.8523
    endloop
  endfacet
  facet normal 0 -1 0
    outer loop
      vertex -1.11418 66.8 39.426
      vertex 13.7066 66.8 32.5358
      vertex 13.7876 66.8 32.7
    endloop
  endfacet
  facet normal 0 -1 0
    outer loop
      vertex -1.20096 66.8 39.25
      vertex 13.6477 66.8 32.3623
      vertex 13.7066 66.8 32.5358
    endloop
  endfacet
  facet normal 0 -1 0
    outer loop
      vertex -1.30997 66.8 39.0869
      vertex 13.612 66.8 32.1827
      vertex 13.6477 66.8 32.3623
    endloop
  endfacet
  facet normal 0 -1 0
    outer loop
      vertex -1.92597 66.8 38.6142
      vertex -1.92597 66.8 27.3858
      vertex -1.75 66.8 38.701
    endloop
  endfacet
  facet normal 0 -1 0
    outer loop
      vertex -1.75 66.8 27.299
      vertex -1.75 66.8 38.701
      vertex -1.92597 66.8 27.3858
    endloop
  endfacet
  facet normal 0 -1 0
    outer loop
      vertex -1.75 66.8 38.701
      vertex -1.75 66.8 27.299
      vertex -1.58686 66.8 38.81
    endloop
  endfacet
  facet normal 0 -1 0
    outer loop
      vertex -1.58686 66.8 27.19
      vertex -1.58686 66.8 38.81
      vertex -1.75 66.8 27.299
    endloop
  endfacet
  facet normal 0 -1 0
    outer loop
      vertex -1.58686 66.8 38.81
      vertex -1.58686 66.8 27.19
      vertex -1.43934 66.8 38.9393
    endloop
  endfacet
  facet normal 0 -1 0
    outer loop
      vertex -1.43934 66.8 27.0607
      vertex -1.43934 66.8 38.9393
      vertex -1.58686 66.8 27.19
    endloop
  endfacet
  facet normal 0 -1 0
    outer loop
      vertex -1.43934 66.8 38.9393
      vertex -1.43934 66.8 27.0607
      vertex 13.612 66.8 32.1827
    endloop
  endfacet
  facet normal 0 -1 0
    outer loop
      vertex 13.612 66.8 32.1827
      vertex -1.43934 66.8 27.0607
      vertex 13.6 66.8 32
    endloop
  endfacet
  facet normal 0 -1 0
    outer loop
      vertex -1.30997 66.8 26.9131
      vertex 13.6 66.8 32
      vertex -1.43934 66.8 27.0607
    endloop
  endfacet
  facet normal 0 -1 -0
    outer loop
      vertex 13.6 66.8 32
      vertex -1.30997 66.8 26.9131
      vertex 13.612 66.8 31.8173
    endloop
  endfacet
  facet normal 0 -1 0
    outer loop
      vertex -1.01283 66.8 26.1958
      vertex 13.7876 66.8 31.3
      vertex -1.05111 66.8 26.3882
    endloop
  endfacet
  facet normal 0 -1 -0
    outer loop
      vertex 13.6477 66.8 31.6377
      vertex -1.11418 66.8 26.574
      vertex 13.7066 66.8 31.4642
    endloop
  endfacet
  facet normal 0 -1 0
    outer loop
      vertex -1.11418 66.8 26.574
      vertex 13.6477 66.8 31.6377
      vertex -1.20096 66.8 26.75
    endloop
  endfacet
  facet normal 0 -1 -0
    outer loop
      vertex 13.612 66.8 31.8173
      vertex -1.20096 66.8 26.75
      vertex 13.6477 66.8 31.6377
    endloop
  endfacet
  facet normal 0 -1 0
    outer loop
      vertex -1.20096 66.8 26.75
      vertex 13.612 66.8 31.8173
      vertex -1.30997 66.8 26.9131
    endloop
  endfacet
  facet normal 0 -1 0
    outer loop
      vertex -3.07402 66.8 27.3858
      vertex -3.07402 66.8 38.6142
      vertex -3.25 66.8 38.701
    endloop
  endfacet
  facet normal 0 -1 0
    outer loop
      vertex -3.25 66.8 27.299
      vertex -3.25 66.8 38.701
      vertex -3.41314 66.8 38.81
    endloop
  endfacet
  facet normal 0 -1 0
    outer loop
      vertex -3.41314 66.8 27.19
      vertex -3.41314 66.8 38.81
      vertex -3.56066 66.8 38.9393
    endloop
  endfacet
  facet normal 0 -1 0
    outer loop
      vertex -3.56066 66.8 27.0607
      vertex -3.56066 66.8 38.9393
      vertex -3.69003 66.8 39.0869
    endloop
  endfacet
  facet normal 0 -1 0
    outer loop
      vertex -3.69003 66.8 26.9131
      vertex -3.69003 66.8 39.0869
      vertex -3.79904 66.8 39.25
    endloop
  endfacet
  facet normal 0 -1 0
    outer loop
      vertex -3.79904 66.8 26.75
      vertex -3.79904 66.8 39.25
      vertex -3.88582 66.8 39.426
    endloop
  endfacet
  facet normal 0 -1 0
    outer loop
      vertex -3.88582 66.8 26.574
      vertex -3.88582 66.8 39.426
      vertex -3.94889 66.8 39.6118
    endloop
  endfacet
  facet normal 0 -1 0
    outer loop
      vertex -3.94889 66.8 26.3882
      vertex -3.94889 66.8 39.6118
      vertex -3.98717 66.8 39.8042
    endloop
  endfacet
  facet normal 0 -1 0
    outer loop
      vertex -2.69579 66.8 38.5128
      vertex -2.69579 66.8 27.4872
      vertex -2.5 66.8 27.5
    endloop
  endfacet
  facet normal 0 -1 0
    outer loop
      vertex -2.88823 66.8 38.5511
      vertex -2.88823 66.8 27.4489
      vertex -2.69579 66.8 27.4872
    endloop
  endfacet
  facet normal 0 -1 0
    outer loop
      vertex -3.07402 66.8 38.6142
      vertex -3.07402 66.8 27.3858
      vertex -2.88823 66.8 27.4489
    endloop
  endfacet
  facet normal 0 -1 0
    outer loop
      vertex -3.25 66.8 38.701
      vertex -3.25 66.8 27.299
      vertex -3.07402 66.8 27.3858
    endloop
  endfacet
  facet normal 0 -1 0
    outer loop
      vertex -3.98717 66.8 26.1958
      vertex -3.98717 66.8 39.8042
      vertex -4 66.8 40
    endloop
  endfacet
  facet normal 0 -1 0
    outer loop
      vertex -3.41314 66.8 38.81
      vertex -3.41314 66.8 27.19
      vertex -3.25 66.8 27.299
    endloop
  endfacet
  facet normal 0 -1 0
    outer loop
      vertex -4 66.8 26
      vertex -4 66.8 40
      vertex -5 66.8 60.3
    endloop
  endfacet
  facet normal 0 -1 0
    outer loop
      vertex -3.56066 66.8 38.9393
      vertex -3.56066 66.8 27.0607
      vertex -3.41314 66.8 27.19
    endloop
  endfacet
  facet normal 0 -1 0
    outer loop
      vertex -3.69003 66.8 39.0869
      vertex -3.69003 66.8 26.9131
      vertex -3.56066 66.8 27.0607
    endloop
  endfacet
  facet normal 0 -1 0
    outer loop
      vertex -3.79904 66.8 39.25
      vertex -3.79904 66.8 26.75
      vertex -3.69003 66.8 26.9131
    endloop
  endfacet
  facet normal 0 -1 0
    outer loop
      vertex -3.88582 66.8 39.426
      vertex -3.88582 66.8 26.574
      vertex -3.79904 66.8 26.75
    endloop
  endfacet
  facet normal 0 -1 0
    outer loop
      vertex -3.94889 66.8 39.6118
      vertex -3.94889 66.8 26.3882
      vertex -3.88582 66.8 26.574
    endloop
  endfacet
  facet normal 0 -1 0
    outer loop
      vertex -3.98717 66.8 39.8042
      vertex -3.98717 66.8 26.1958
      vertex -3.94889 66.8 26.3882
    endloop
  endfacet
  facet normal 0 -1 0
    outer loop
      vertex -4 66.8 40
      vertex -4 66.8 26
      vertex -3.98717 66.8 26.1958
    endloop
  endfacet
  facet normal 0 -1 0
    outer loop
      vertex 97.9118 66.8 24.5511
      vertex 98.3 66.8 13.5
      vertex 98.1042 66.8 24.5128
    endloop
  endfacet
  facet normal 0 -1 0
    outer loop
      vertex -2.69579 66.8 24.5128
      vertex -2.5 66.8 13.5
      vertex -2.5 66.8 24.5
    endloop
  endfacet
  facet normal 0 -1 0
    outer loop
      vertex -2.69579 66.8 13.4872
      vertex -2.69579 66.8 24.5128
      vertex -2.88823 66.8 24.5511
    endloop
  endfacet
  facet normal 0 -1 0
    outer loop
      vertex -2.88823 66.8 13.4489
      vertex -2.88823 66.8 24.5511
      vertex -3.07402 66.8 24.6142
    endloop
  endfacet
  facet normal 0 -1 0
    outer loop
      vertex -3.07402 66.8 13.3858
      vertex -3.07402 66.8 24.6142
      vertex -3.25 66.8 24.701
    endloop
  endfacet
  facet normal 0 -1 0
    outer loop
      vertex -3.25 66.8 13.299
      vertex -3.25 66.8 24.701
      vertex -3.41314 66.8 24.81
    endloop
  endfacet
  facet normal 0 -1 0
    outer loop
      vertex -3.41314 66.8 13.19
      vertex -3.41314 66.8 24.81
      vertex -3.56066 66.8 24.9393
    endloop
  endfacet
  facet normal 0 -1 0
    outer loop
      vertex -3.56066 66.8 13.0607
      vertex -3.56066 66.8 24.9393
      vertex -3.69003 66.8 25.0869
    endloop
  endfacet
  facet normal 0 -1 0
    outer loop
      vertex -3.69003 66.8 12.9131
      vertex -3.69003 66.8 25.0869
      vertex -3.79904 66.8 25.25
    endloop
  endfacet
  facet normal 0 -1 0
    outer loop
      vertex -3.79904 66.8 12.75
      vertex -3.79904 66.8 25.25
      vertex -3.88582 66.8 25.426
    endloop
  endfacet
  facet normal 0 -1 0
    outer loop
      vertex -3.88582 66.8 12.574
      vertex -3.88582 66.8 25.426
      vertex -3.94889 66.8 25.6118
    endloop
  endfacet
  facet normal 0 -1 0
    outer loop
      vertex -3.94889 66.8 12.3882
      vertex -3.94889 66.8 25.6118
      vertex -3.98717 66.8 25.8042
    endloop
  endfacet
  facet normal 0 -1 0
    outer loop
      vertex -2.69579 66.8 24.5128
      vertex -2.69579 66.8 13.4872
      vertex -2.5 66.8 13.5
    endloop
  endfacet
  facet normal 0 -1 0
    outer loop
      vertex -2.88823 66.8 24.5511
      vertex -2.88823 66.8 13.4489
      vertex -2.69579 66.8 13.4872
    endloop
  endfacet
  facet normal 0 -1 0
    outer loop
      vertex -3.07402 66.8 24.6142
      vertex -3.07402 66.8 13.3858
      vertex -2.88823 66.8 13.4489
    endloop
  endfacet
  facet normal 0 -1 0
    outer loop
      vertex -3.25 66.8 24.701
      vertex -3.25 66.8 13.299
      vertex -3.07402 66.8 13.3858
    endloop
  endfacet
  facet normal 0 -1 0
    outer loop
      vertex -3.98717 66.8 12.1958
      vertex -3.98717 66.8 25.8042
      vertex -4 66.8 26
    endloop
  endfacet
  facet normal 0 -1 0
    outer loop
      vertex -3.41314 66.8 24.81
      vertex -3.41314 66.8 13.19
      vertex -3.25 66.8 13.299
    endloop
  endfacet
  facet normal 0 -1 0
    outer loop
      vertex -3.56066 66.8 24.9393
      vertex -3.56066 66.8 13.0607
      vertex -3.41314 66.8 13.19
    endloop
  endfacet
  facet normal 0 -1 0
    outer loop
      vertex -3.69003 66.8 25.0869
      vertex -3.69003 66.8 12.9131
      vertex -3.56066 66.8 13.0607
    endloop
  endfacet
  facet normal 0 -1 0
    outer loop
      vertex -5 66.8 0
      vertex -4 66.8 26
      vertex -5 66.8 60.3
    endloop
  endfacet
  facet normal 0 -1 0
    outer loop
      vertex -3.79904 66.8 25.25
      vertex -3.79904 66.8 12.75
      vertex -3.69003 66.8 12.9131
    endloop
  endfacet
  facet normal 0 -1 0
    outer loop
      vertex -3.88582 66.8 25.426
      vertex -3.88582 66.8 12.574
      vertex -3.79904 66.8 12.75
    endloop
  endfacet
  facet normal 0 -1 0
    outer loop
      vertex -3.94889 66.8 25.6118
      vertex -3.94889 66.8 12.3882
      vertex -3.88582 66.8 12.574
    endloop
  endfacet
  facet normal 0 -1 0
    outer loop
      vertex -3.98717 66.8 25.8042
      vertex -3.98717 66.8 12.1958
      vertex -3.94889 66.8 12.3882
    endloop
  endfacet
  facet normal 0 -1 0
    outer loop
      vertex -4 66.8 26
      vertex -4 66.8 12
      vertex -3.98717 66.8 12.1958
    endloop
  endfacet
  facet normal 0 -1 0
    outer loop
      vertex 77.8173 66.8 10.612
      vertex 100.8 66.8 0
      vertex 78 66.8 10.6
    endloop
  endfacet
  facet normal 0 -1 -0
    outer loop
      vertex -2.69579 66.8 10.5128
      vertex -5 66.8 0
      vertex -2.5 66.8 10.5
    endloop
  endfacet
  facet normal 0 -1 -0
    outer loop
      vertex -2.88823 66.8 10.5511
      vertex -5 66.8 0
      vertex -2.69579 66.8 10.5128
    endloop
  endfacet
  facet normal 0 -1 -0
    outer loop
      vertex -3.07402 66.8 10.6142
      vertex -5 66.8 0
      vertex -2.88823 66.8 10.5511
    endloop
  endfacet
  facet normal 0 -1 -0
    outer loop
      vertex -3.25 66.8 10.701
      vertex -5 66.8 0
      vertex -3.07402 66.8 10.6142
    endloop
  endfacet
  facet normal 0 -1 -0
    outer loop
      vertex -3.41314 66.8 10.81
      vertex -5 66.8 0
      vertex -3.25 66.8 10.701
    endloop
  endfacet
  facet normal 0 -1 -0
    outer loop
      vertex -3.56066 66.8 10.9393
      vertex -5 66.8 0
      vertex -3.41314 66.8 10.81
    endloop
  endfacet
  facet normal 0 -1 -0
    outer loop
      vertex -3.69003 66.8 11.0869
      vertex -5 66.8 0
      vertex -3.56066 66.8 10.9393
    endloop
  endfacet
  facet normal 0 -1 -0
    outer loop
      vertex -3.79904 66.8 11.25
      vertex -5 66.8 0
      vertex -3.69003 66.8 11.0869
    endloop
  endfacet
  facet normal 0 -1 -0
    outer loop
      vertex -3.88582 66.8 11.426
      vertex -5 66.8 0
      vertex -3.79904 66.8 11.25
    endloop
  endfacet
  facet normal 0 -1 -0
    outer loop
      vertex -3.94889 66.8 11.6118
      vertex -5 66.8 0
      vertex -3.88582 66.8 11.426
    endloop
  endfacet
  facet normal 0 -1 -0
    outer loop
      vertex -3.98717 66.8 11.8042
      vertex -5 66.8 0
      vertex -3.94889 66.8 11.6118
    endloop
  endfacet
  facet normal 0 -1 -0
    outer loop
      vertex -4 66.8 12
      vertex -5 66.8 0
      vertex -3.98717 66.8 11.8042
    endloop
  endfacet
  facet normal 0 -1 -0
    outer loop
      vertex -4 66.8 26
      vertex -5 66.8 0
      vertex -4 66.8 12
    endloop
  endfacet
  facet normal 0 -1 0
    outer loop
      vertex 30 66.8 59.8
      vertex -5 66.8 60.3
      vertex 18 66.8 59.8
    endloop
  endfacet
  facet normal 0 -1 0
    outer loop
      vertex -5 66.8 60.3
      vertex 30 66.8 59.8
      vertex 100.8 66.8 60.3
    endloop
  endfacet
  facet normal 0 -1 0
    outer loop
      vertex 42 66.8 59.8
      vertex 100.8 66.8 60.3
      vertex 30 66.8 59.8
    endloop
  endfacet
  facet normal 0 -1 0
    outer loop
      vertex 54 66.8 59.8
      vertex 100.8 66.8 60.3
      vertex 42 66.8 59.8
    endloop
  endfacet
  facet normal 0 -1 0
    outer loop
      vertex 66 66.8 59.8
      vertex 100.8 66.8 60.3
      vertex 54 66.8 59.8
    endloop
  endfacet
  facet normal 0 -1 0
    outer loop
      vertex 78 66.8 59.8
      vertex 100.8 66.8 60.3
      vertex 66 66.8 59.8
    endloop
  endfacet
  facet normal 0 -1 0
    outer loop
      vertex 90 66.8 59.8
      vertex 100.8 66.8 60.3
      vertex 78 66.8 59.8
    endloop
  endfacet
  facet normal 0 -1 0
    outer loop
      vertex 90.1958 66.8 59.7872
      vertex 100.8 66.8 60.3
      vertex 90 66.8 59.8
    endloop
  endfacet
  facet normal 0 -1 0
    outer loop
      vertex 90.3882 66.8 59.7489
      vertex 100.8 66.8 60.3
      vertex 90.1958 66.8 59.7872
    endloop
  endfacet
  facet normal 0 -1 0
    outer loop
      vertex 90.574 66.8 59.6858
      vertex 100.8 66.8 60.3
      vertex 90.3882 66.8 59.7489
    endloop
  endfacet
  facet normal 0 -1 0
    outer loop
      vertex 90.75 66.8 59.599
      vertex 100.8 66.8 60.3
      vertex 90.574 66.8 59.6858
    endloop
  endfacet
  facet normal 0 -1 0
    outer loop
      vertex 90.9131 66.8 59.49
      vertex 100.8 66.8 60.3
      vertex 90.75 66.8 59.599
    endloop
  endfacet
  facet normal 0 -1 0
    outer loop
      vertex 91.0607 66.8 59.3607
      vertex 100.8 66.8 60.3
      vertex 90.9131 66.8 59.49
    endloop
  endfacet
  facet normal 0 -1 0
    outer loop
      vertex 91.19 66.8 59.2131
      vertex 100.8 66.8 60.3
      vertex 91.0607 66.8 59.3607
    endloop
  endfacet
  facet normal 0 -1 0
    outer loop
      vertex 91.299 66.8 59.05
      vertex 100.8 66.8 60.3
      vertex 91.19 66.8 59.2131
    endloop
  endfacet
  facet normal 0 -1 0
    outer loop
      vertex 91.3858 66.8 58.874
      vertex 100.8 66.8 60.3
      vertex 91.299 66.8 59.05
    endloop
  endfacet
  facet normal 0 -1 0
    outer loop
      vertex 91.4489 66.8 58.6882
      vertex 100.8 66.8 60.3
      vertex 91.3858 66.8 58.874
    endloop
  endfacet
  facet normal 0 -1 0
    outer loop
      vertex 91.4872 66.8 58.4958
      vertex 100.8 66.8 60.3
      vertex 91.4489 66.8 58.6882
    endloop
  endfacet
  facet normal 0 -1 0
    outer loop
      vertex 91.5 66.8 58.3
      vertex 100.8 66.8 60.3
      vertex 91.4872 66.8 58.4958
    endloop
  endfacet
  facet normal 0 -1 0
    outer loop
      vertex 91.4872 66.8 58.1042
      vertex 100.8 66.8 60.3
      vertex 91.5 66.8 58.3
    endloop
  endfacet
  facet normal 0 -1 0
    outer loop
      vertex 91.4489 66.8 57.9118
      vertex 100.8 66.8 60.3
      vertex 91.4872 66.8 58.1042
    endloop
  endfacet
  facet normal 0 -1 0
    outer loop
      vertex 91.3858 66.8 57.726
      vertex 100.8 66.8 60.3
      vertex 91.4489 66.8 57.9118
    endloop
  endfacet
  facet normal 0 -1 0
    outer loop
      vertex 91.299 66.8 57.55
      vertex 100.8 66.8 60.3
      vertex 91.3858 66.8 57.726
    endloop
  endfacet
  facet normal 0 -1 0
    outer loop
      vertex 91.19 66.8 57.3869
      vertex 100.8 66.8 60.3
      vertex 91.299 66.8 57.55
    endloop
  endfacet
  facet normal 0 -1 0
    outer loop
      vertex 91.0607 66.8 57.2393
      vertex 100.8 66.8 60.3
      vertex 91.19 66.8 57.3869
    endloop
  endfacet
  facet normal 0 -1 0
    outer loop
      vertex 98.3 66.8 41.5
      vertex 91.0607 66.8 57.2393
      vertex 90.9131 66.8 57.11
    endloop
  endfacet
  facet normal 0 -1 0
    outer loop
      vertex 98.3 66.8 41.5
      vertex 90.9131 66.8 57.11
      vertex 90.75 66.8 57.001
    endloop
  endfacet
  facet normal 0 -1 0
    outer loop
      vertex 98.3 66.8 41.5
      vertex 90.75 66.8 57.001
      vertex 90.574 66.8 56.9142
    endloop
  endfacet
  facet normal 0 -1 0
    outer loop
      vertex 98.3 66.8 41.5
      vertex 90.574 66.8 56.9142
      vertex 90.3882 66.8 56.8511
    endloop
  endfacet
  facet normal 0 -1 0
    outer loop
      vertex 89.8042 66.8 56.8128
      vertex 98.3 66.8 41.5
      vertex 90 66.8 56.8
    endloop
  endfacet
  facet normal 0 -1 0
    outer loop
      vertex 90 66.8 56.8
      vertex 98.3 66.8 41.5
      vertex 90.1958 66.8 56.8128
    endloop
  endfacet
  facet normal 0 -1 0
    outer loop
      vertex 98.3 66.8 41.5
      vertex 90.3882 66.8 56.8511
      vertex 90.1958 66.8 56.8128
    endloop
  endfacet
  facet normal 0 -1 0
    outer loop
      vertex 91.0607 66.8 57.2393
      vertex 98.3 66.8 41.5
      vertex 100.8 66.8 60.3
    endloop
  endfacet
  facet normal 0 -1 0
    outer loop
      vertex 98.4958 66.8 41.4872
      vertex 100.8 66.8 60.3
      vertex 98.3 66.8 41.5
    endloop
  endfacet
  facet normal 0 -1 0
    outer loop
      vertex 98.6882 66.8 41.4489
      vertex 100.8 66.8 60.3
      vertex 98.4958 66.8 41.4872
    endloop
  endfacet
  facet normal 0 -1 0
    outer loop
      vertex 98.874 66.8 41.3858
      vertex 100.8 66.8 60.3
      vertex 98.6882 66.8 41.4489
    endloop
  endfacet
  facet normal 0 -1 0
    outer loop
      vertex 99.05 66.8 41.299
      vertex 100.8 66.8 60.3
      vertex 98.874 66.8 41.3858
    endloop
  endfacet
  facet normal 0 -1 0
    outer loop
      vertex 99.2131 66.8 41.19
      vertex 100.8 66.8 60.3
      vertex 99.05 66.8 41.299
    endloop
  endfacet
  facet normal 0 -1 0
    outer loop
      vertex 99.3607 66.8 41.0607
      vertex 100.8 66.8 60.3
      vertex 99.2131 66.8 41.19
    endloop
  endfacet
  facet normal 0 -1 0
    outer loop
      vertex 99.49 66.8 40.9131
      vertex 100.8 66.8 60.3
      vertex 99.3607 66.8 41.0607
    endloop
  endfacet
  facet normal 0 -1 0
    outer loop
      vertex 99.599 66.8 40.75
      vertex 100.8 66.8 60.3
      vertex 99.49 66.8 40.9131
    endloop
  endfacet
  facet normal 0 -1 0
    outer loop
      vertex 99.6858 66.8 40.574
      vertex 100.8 66.8 60.3
      vertex 99.599 66.8 40.75
    endloop
  endfacet
  facet normal 0 -1 0
    outer loop
      vertex 99.7489 66.8 40.3882
      vertex 100.8 66.8 60.3
      vertex 99.6858 66.8 40.574
    endloop
  endfacet
  facet normal 0 -1 0
    outer loop
      vertex 99.7872 66.8 40.1958
      vertex 100.8 66.8 60.3
      vertex 99.7489 66.8 40.3882
    endloop
  endfacet
  facet normal 0 -1 0
    outer loop
      vertex 99.8 66.8 40
      vertex 100.8 66.8 60.3
      vertex 99.7872 66.8 40.1958
    endloop
  endfacet
  facet normal 0 -1 -0
    outer loop
      vertex 96.8511 66.8 39.6118
      vertex 79.2934 66.8 32.5358
      vertex 96.9142 66.8 39.426
    endloop
  endfacet
  facet normal 0 -1 0
    outer loop
      vertex 79.3523 66.8 32.3623
      vertex 96.9142 66.8 39.426
      vertex 79.2934 66.8 32.5358
    endloop
  endfacet
  facet normal 0 -1 -0
    outer loop
      vertex 96.9142 66.8 39.426
      vertex 79.3523 66.8 32.3623
      vertex 97.001 66.8 39.25
    endloop
  endfacet
  facet normal 0 -1 0
    outer loop
      vertex 79.388 66.8 32.1827
      vertex 97.001 66.8 39.25
      vertex 79.3523 66.8 32.3623
    endloop
  endfacet
  facet normal 0 -1 -0
    outer loop
      vertex 97.001 66.8 39.25
      vertex 79.388 66.8 32.1827
      vertex 97.11 66.8 39.0869
    endloop
  endfacet
  facet normal 0 -1 0
    outer loop
      vertex 79.4 66.8 32
      vertex 97.11 66.8 39.0869
      vertex 79.388 66.8 32.1827
    endloop
  endfacet
  facet normal 0 -1 0
    outer loop
      vertex 98.3 66.8 27.5
      vertex 97.11 66.8 39.0869
      vertex 79.4 66.8 32
    endloop
  endfacet
  facet normal 0 -1 0
    outer loop
      vertex 97.11 66.8 39.0869
      vertex 98.3 66.8 27.5
      vertex 97.2393 66.8 38.9393
    endloop
  endfacet
  facet normal 0 -1 0
    outer loop
      vertex 97.2393 66.8 38.9393
      vertex 98.3 66.8 27.5
      vertex 97.3869 66.8 38.81
    endloop
  endfacet
  facet normal 0 -1 0
    outer loop
      vertex 97.3869 66.8 38.81
      vertex 98.3 66.8 27.5
      vertex 97.55 66.8 38.701
    endloop
  endfacet
  facet normal 0 -1 0
    outer loop
      vertex 97.726 66.8 38.6142
      vertex 98.3 66.8 27.5
      vertex 97.9118 66.8 38.5511
    endloop
  endfacet
  facet normal 0 -1 0
    outer loop
      vertex 97.9118 66.8 38.5511
      vertex 98.3 66.8 27.5
      vertex 98.1042 66.8 38.5128
    endloop
  endfacet
  facet normal 0 -1 0
    outer loop
      vertex 98.1042 66.8 38.5128
      vertex 98.3 66.8 27.5
      vertex 98.3 66.8 38.5
    endloop
  endfacet
  facet normal 0 -1 0
    outer loop
      vertex 98.3 66.8 38.5
      vertex 98.3 66.8 27.5
      vertex 98.4958 66.8 38.5128
    endloop
  endfacet
  facet normal 0 -1 0
    outer loop
      vertex 97.55 66.8 38.701
      vertex 98.3 66.8 27.5
      vertex 97.726 66.8 38.6142
    endloop
  endfacet
  facet normal 0 -1 0
    outer loop
      vertex 98.4958 66.8 27.4872
      vertex 98.4958 66.8 38.5128
      vertex 98.3 66.8 27.5
    endloop
  endfacet
  facet normal 0 -1 0
    outer loop
      vertex 98.3 66.8 27.5
      vertex 79.4 66.8 32
      vertex 79.388 66.8 31.8173
    endloop
  endfacet
  facet normal 0 -1 0
    outer loop
      vertex 98.3 66.8 27.5
      vertex 79.388 66.8 31.8173
      vertex 79.3523 66.8 31.6377
    endloop
  endfacet
  facet normal 0 -1 0
    outer loop
      vertex 98.3 66.8 27.5
      vertex 79.3523 66.8 31.6377
      vertex 79.2934 66.8 31.4642
    endloop
  endfacet
  facet normal 0 -1 0
    outer loop
      vertex 98.3 66.8 27.5
      vertex 79.2934 66.8 31.4642
      vertex 79.2124 66.8 31.3
    endloop
  endfacet
  facet normal 0 -1 0
    outer loop
      vertex 98.3 66.8 27.5
      vertex 79.2124 66.8 31.3
      vertex 79.1107 66.8 31.1477
    endloop
  endfacet
  facet normal 0 -1 0
    outer loop
      vertex 98.3 66.8 27.5
      vertex 79.1107 66.8 31.1477
      vertex 78.99 66.8 31.01
    endloop
  endfacet
  facet normal 0 -1 0
    outer loop
      vertex 98.3 66.8 27.5
      vertex 78.99 66.8 31.01
      vertex 78.8523 66.8 30.8893
    endloop
  endfacet
  facet normal 0 -1 0
    outer loop
      vertex 98.3 66.8 27.5
      vertex 78.8523 66.8 30.8893
      vertex 78.7 66.8 30.7876
    endloop
  endfacet
  facet normal 0 -1 0
    outer loop
      vertex 98.3 66.8 27.5
      vertex 78.7 66.8 30.7876
      vertex 78.5358 66.8 30.7066
    endloop
  endfacet
  facet normal 0 -1 0
    outer loop
      vertex 77.8173 66.8 30.612
      vertex 98.3 66.8 27.5
      vertex 78 66.8 30.6
    endloop
  endfacet
  facet normal 0 -1 0
    outer loop
      vertex 98.3 66.8 27.5
      vertex 78.1827 66.8 30.612
      vertex 78 66.8 30.6
    endloop
  endfacet
  facet normal 0 -1 0
    outer loop
      vertex 98.3 66.8 27.5
      vertex 78.3624 66.8 30.6477
      vertex 78.1827 66.8 30.612
    endloop
  endfacet
  facet normal 0 -1 0
    outer loop
      vertex 98.3 66.8 27.5
      vertex 78.5358 66.8 30.7066
      vertex 78.3624 66.8 30.6477
    endloop
  endfacet
  facet normal 0 -1 0
    outer loop
      vertex 98.4958 66.8 38.5128
      vertex 98.4958 66.8 27.4872
      vertex 98.6882 66.8 38.5511
    endloop
  endfacet
  facet normal 0 -1 0
    outer loop
      vertex 98.6882 66.8 27.4489
      vertex 98.6882 66.8 38.5511
      vertex 98.4958 66.8 27.4872
    endloop
  endfacet
  facet normal 0 -1 0
    outer loop
      vertex 98.6882 66.8 38.5511
      vertex 98.6882 66.8 27.4489
      vertex 98.874 66.8 38.6142
    endloop
  endfacet
  facet normal 0 -1 0
    outer loop
      vertex 98.874 66.8 27.3858
      vertex 98.874 66.8 38.6142
      vertex 98.6882 66.8 27.4489
    endloop
  endfacet
  facet normal 0 -1 0
    outer loop
      vertex 98.874 66.8 38.6142
      vertex 98.874 66.8 27.3858
      vertex 99.05 66.8 38.701
    endloop
  endfacet
  facet normal 0 -1 0
    outer loop
      vertex 99.05 66.8 27.299
      vertex 99.05 66.8 38.701
      vertex 98.874 66.8 27.3858
    endloop
  endfacet
  facet normal 0 -1 0
    outer loop
      vertex 99.05 66.8 38.701
      vertex 99.05 66.8 27.299
      vertex 99.2131 66.8 38.81
    endloop
  endfacet
  facet normal 0 -1 0
    outer loop
      vertex 99.2131 66.8 27.19
      vertex 99.2131 66.8 38.81
      vertex 99.05 66.8 27.299
    endloop
  endfacet
  facet normal 0 -1 0
    outer loop
      vertex 99.2131 66.8 38.81
      vertex 99.2131 66.8 27.19
      vertex 99.3607 66.8 38.9393
    endloop
  endfacet
  facet normal 0 -1 0
    outer loop
      vertex 99.3607 66.8 27.0607
      vertex 99.3607 66.8 38.9393
      vertex 99.2131 66.8 27.19
    endloop
  endfacet
  facet normal 0 -1 0
    outer loop
      vertex 99.3607 66.8 38.9393
      vertex 99.3607 66.8 27.0607
      vertex 99.49 66.8 39.0869
    endloop
  endfacet
  facet normal 0 -1 0
    outer loop
      vertex 99.49 66.8 26.9131
      vertex 99.49 66.8 39.0869
      vertex 99.3607 66.8 27.0607
    endloop
  endfacet
  facet normal 0 -1 0
    outer loop
      vertex 99.49 66.8 39.0869
      vertex 99.49 66.8 26.9131
      vertex 99.599 66.8 39.25
    endloop
  endfacet
  facet normal 0 -1 0
    outer loop
      vertex 99.599 66.8 26.75
      vertex 99.599 66.8 39.25
      vertex 99.49 66.8 26.9131
    endloop
  endfacet
  facet normal 0 -1 0
    outer loop
      vertex 99.599 66.8 39.25
      vertex 99.599 66.8 26.75
      vertex 99.6858 66.8 39.426
    endloop
  endfacet
  facet normal 0 -1 0
    outer loop
      vertex 99.6858 66.8 26.574
      vertex 99.6858 66.8 39.426
      vertex 99.599 66.8 26.75
    endloop
  endfacet
  facet normal 0 -1 0
    outer loop
      vertex 99.6858 66.8 39.426
      vertex 99.6858 66.8 26.574
      vertex 99.7489 66.8 39.6118
    endloop
  endfacet
  facet normal 0 -1 0
    outer loop
      vertex 99.7489 66.8 26.3882
      vertex 99.7489 66.8 39.6118
      vertex 99.6858 66.8 26.574
    endloop
  endfacet
  facet normal 0 -1 0
    outer loop
      vertex 99.7489 66.8 39.6118
      vertex 99.7489 66.8 26.3882
      vertex 99.7872 66.8 39.8042
    endloop
  endfacet
  facet normal 0 -1 0
    outer loop
      vertex 99.7872 66.8 26.1958
      vertex 99.7872 66.8 39.8042
      vertex 99.7489 66.8 26.3882
    endloop
  endfacet
  facet normal 0 -1 0
    outer loop
      vertex 99.7872 66.8 39.8042
      vertex 99.7872 66.8 26.1958
      vertex 99.8 66.8 40
    endloop
  endfacet
  facet normal 0 -1 0
    outer loop
      vertex 99.8 66.8 26
      vertex 99.8 66.8 40
      vertex 99.7872 66.8 26.1958
    endloop
  endfacet
  facet normal 0 -1 0
    outer loop
      vertex 99.8 66.8 40
      vertex 99.8 66.8 26
      vertex 100.8 66.8 60.3
    endloop
  endfacet
  facet normal 0 -1 0
    outer loop
      vertex 98.1042 66.8 24.5128
      vertex 98.3 66.8 13.5
      vertex 98.3 66.8 24.5
    endloop
  endfacet
  facet normal 0 -1 0
    outer loop
      vertex 98.3 66.8 24.5
      vertex 98.3 66.8 13.5
      vertex 98.4958 66.8 24.5128
    endloop
  endfacet
  facet normal 0 -1 0
    outer loop
      vertex 98.4958 66.8 13.4872
      vertex 98.4958 66.8 24.5128
      vertex 98.3 66.8 13.5
    endloop
  endfacet
  facet normal 0 -1 0
    outer loop
      vertex 98.4958 66.8 24.5128
      vertex 98.4958 66.8 13.4872
      vertex 98.6882 66.8 24.5511
    endloop
  endfacet
  facet normal 0 -1 0
    outer loop
      vertex 98.6882 66.8 13.4489
      vertex 98.6882 66.8 24.5511
      vertex 98.4958 66.8 13.4872
    endloop
  endfacet
  facet normal 0 -1 0
    outer loop
      vertex 98.6882 66.8 24.5511
      vertex 98.6882 66.8 13.4489
      vertex 98.874 66.8 24.6142
    endloop
  endfacet
  facet normal 0 -1 0
    outer loop
      vertex 98.874 66.8 13.3858
      vertex 98.874 66.8 24.6142
      vertex 98.6882 66.8 13.4489
    endloop
  endfacet
  facet normal 0 -1 0
    outer loop
      vertex 98.874 66.8 24.6142
      vertex 98.874 66.8 13.3858
      vertex 99.05 66.8 24.701
    endloop
  endfacet
  facet normal 0 -1 0
    outer loop
      vertex 99.05 66.8 13.299
      vertex 99.05 66.8 24.701
      vertex 98.874 66.8 13.3858
    endloop
  endfacet
  facet normal 0 -1 0
    outer loop
      vertex 99.05 66.8 24.701
      vertex 99.05 66.8 13.299
      vertex 99.2131 66.8 24.81
    endloop
  endfacet
  facet normal 0 -1 0
    outer loop
      vertex 99.2131 66.8 13.19
      vertex 99.2131 66.8 24.81
      vertex 99.05 66.8 13.299
    endloop
  endfacet
  facet normal 0 -1 0
    outer loop
      vertex 99.2131 66.8 24.81
      vertex 99.2131 66.8 13.19
      vertex 99.3607 66.8 24.9393
    endloop
  endfacet
  facet normal 0 -1 0
    outer loop
      vertex 99.3607 66.8 13.0607
      vertex 99.3607 66.8 24.9393
      vertex 99.2131 66.8 13.19
    endloop
  endfacet
  facet normal 0 -1 0
    outer loop
      vertex 99.3607 66.8 24.9393
      vertex 99.3607 66.8 13.0607
      vertex 99.49 66.8 25.0869
    endloop
  endfacet
  facet normal 0 -1 0
    outer loop
      vertex 99.49 66.8 12.9131
      vertex 99.49 66.8 25.0869
      vertex 99.3607 66.8 13.0607
    endloop
  endfacet
  facet normal 0 -1 0
    outer loop
      vertex 99.49 66.8 25.0869
      vertex 99.49 66.8 12.9131
      vertex 99.599 66.8 25.25
    endloop
  endfacet
  facet normal 0 -1 0
    outer loop
      vertex 99.599 66.8 12.75
      vertex 99.599 66.8 25.25
      vertex 99.49 66.8 12.9131
    endloop
  endfacet
  facet normal 0 -1 0
    outer loop
      vertex 99.599 66.8 25.25
      vertex 99.599 66.8 12.75
      vertex 99.6858 66.8 25.426
    endloop
  endfacet
  facet normal 0 -1 0
    outer loop
      vertex 99.6858 66.8 12.574
      vertex 99.6858 66.8 25.426
      vertex 99.599 66.8 12.75
    endloop
  endfacet
  facet normal 0 -1 0
    outer loop
      vertex 99.6858 66.8 25.426
      vertex 99.6858 66.8 12.574
      vertex 99.7489 66.8 25.6118
    endloop
  endfacet
  facet normal 0 -1 0
    outer loop
      vertex 99.7489 66.8 12.3882
      vertex 99.7489 66.8 25.6118
      vertex 99.6858 66.8 12.574
    endloop
  endfacet
  facet normal 0 -1 0
    outer loop
      vertex 99.7489 66.8 25.6118
      vertex 99.7489 66.8 12.3882
      vertex 99.7872 66.8 25.8042
    endloop
  endfacet
  facet normal 0 -1 0
    outer loop
      vertex 99.7872 66.8 12.1958
      vertex 99.7872 66.8 25.8042
      vertex 99.7489 66.8 12.3882
    endloop
  endfacet
  facet normal 0 -1 0
    outer loop
      vertex 99.7872 66.8 25.8042
      vertex 99.7872 66.8 12.1958
      vertex 99.8 66.8 26
    endloop
  endfacet
  facet normal 0 -1 0
    outer loop
      vertex 99.8 66.8 12
      vertex 99.8 66.8 26
      vertex 99.7872 66.8 12.1958
    endloop
  endfacet
  facet normal 0 -1 0
    outer loop
      vertex 100.8 66.8 0
      vertex 99.8 66.8 26
      vertex 99.8 66.8 12
    endloop
  endfacet
  facet normal 0 -1 0
    outer loop
      vertex 78 66.8 10.6
      vertex 100.8 66.8 0
      vertex 98.3 66.8 10.5
    endloop
  endfacet
  facet normal 0 -1 0
    outer loop
      vertex 99.8 66.8 26
      vertex 100.8 66.8 0
      vertex 100.8 66.8 60.3
    endloop
  endfacet
  facet normal 0 -1 0
    outer loop
      vertex 99.7872 66.8 11.8042
      vertex 100.8 66.8 0
      vertex 99.8 66.8 12
    endloop
  endfacet
  facet normal 0 -1 0
    outer loop
      vertex 99.7489 66.8 11.6118
      vertex 100.8 66.8 0
      vertex 99.7872 66.8 11.8042
    endloop
  endfacet
  facet normal 0 -1 0
    outer loop
      vertex 99.6858 66.8 11.426
      vertex 100.8 66.8 0
      vertex 99.7489 66.8 11.6118
    endloop
  endfacet
  facet normal 0 -1 0
    outer loop
      vertex 99.599 66.8 11.25
      vertex 100.8 66.8 0
      vertex 99.6858 66.8 11.426
    endloop
  endfacet
  facet normal 0 -1 0
    outer loop
      vertex 99.49 66.8 11.0869
      vertex 100.8 66.8 0
      vertex 99.599 66.8 11.25
    endloop
  endfacet
  facet normal 0 -1 0
    outer loop
      vertex 99.3607 66.8 10.9393
      vertex 100.8 66.8 0
      vertex 99.49 66.8 11.0869
    endloop
  endfacet
  facet normal 0 -1 0
    outer loop
      vertex 99.2131 66.8 10.81
      vertex 100.8 66.8 0
      vertex 99.3607 66.8 10.9393
    endloop
  endfacet
  facet normal 0 -1 0
    outer loop
      vertex 99.05 66.8 10.701
      vertex 100.8 66.8 0
      vertex 99.2131 66.8 10.81
    endloop
  endfacet
  facet normal 0 -1 0
    outer loop
      vertex 98.874 66.8 10.6142
      vertex 100.8 66.8 0
      vertex 99.05 66.8 10.701
    endloop
  endfacet
  facet normal 0 -1 0
    outer loop
      vertex 98.6882 66.8 10.5511
      vertex 100.8 66.8 0
      vertex 98.874 66.8 10.6142
    endloop
  endfacet
  facet normal 0 -1 0
    outer loop
      vertex 98.4958 66.8 10.5128
      vertex 100.8 66.8 0
      vertex 98.6882 66.8 10.5511
    endloop
  endfacet
  facet normal 0 -1 0
    outer loop
      vertex 98.3 66.8 10.5
      vertex 100.8 66.8 0
      vertex 98.4958 66.8 10.5128
    endloop
  endfacet
  facet normal 0 -1 0
    outer loop
      vertex 78.3624 66.8 13.3523
      vertex 77.3 66.8 30.7876
      vertex 78.1827 66.8 13.388
    endloop
  endfacet
  facet normal 0 -1 0
    outer loop
      vertex 77.3 66.8 30.7876
      vertex 97.9118 66.8 13.4489
      vertex 98.1042 66.8 13.4872
    endloop
  endfacet
  facet normal 0 -1 0
    outer loop
      vertex 78.5358 66.8 13.2934
      vertex 77.3 66.8 30.7876
      vertex 78.3624 66.8 13.3523
    endloop
  endfacet
  facet normal 0 -1 0
    outer loop
      vertex 77.3 66.8 30.7876
      vertex 97.726 66.8 13.3858
      vertex 97.9118 66.8 13.4489
    endloop
  endfacet
  facet normal 0 -1 0
    outer loop
      vertex 78.7 66.8 13.2124
      vertex 77.3 66.8 30.7876
      vertex 78.5358 66.8 13.2934
    endloop
  endfacet
  facet normal 0 -1 0
    outer loop
      vertex 77.3 66.8 30.7876
      vertex 97.55 66.8 13.299
      vertex 97.726 66.8 13.3858
    endloop
  endfacet
  facet normal 0 -1 0
    outer loop
      vertex 78.8523 66.8 13.1107
      vertex 77.3 66.8 30.7876
      vertex 78.7 66.8 13.2124
    endloop
  endfacet
  facet normal 0 -1 0
    outer loop
      vertex 77.3 66.8 30.7876
      vertex 97.3869 66.8 13.19
      vertex 97.55 66.8 13.299
    endloop
  endfacet
  facet normal 0 -1 0
    outer loop
      vertex 78.99 66.8 12.9899
      vertex 77.3 66.8 30.7876
      vertex 78.8523 66.8 13.1107
    endloop
  endfacet
  facet normal 0 -1 0
    outer loop
      vertex 77.3 66.8 30.7876
      vertex 97.2393 66.8 13.0607
      vertex 97.3869 66.8 13.19
    endloop
  endfacet
  facet normal 0 -1 0
    outer loop
      vertex 77.3 66.8 30.7876
      vertex 78.99 66.8 12.9899
      vertex 97.2393 66.8 13.0607
    endloop
  endfacet
  facet normal 0 -1 0
    outer loop
      vertex 78.99 66.8 12.9899
      vertex 97.11 66.8 12.9131
      vertex 97.2393 66.8 13.0607
    endloop
  endfacet
  facet normal 0 -1 0
    outer loop
      vertex 79.1107 66.8 12.8523
      vertex 97.11 66.8 12.9131
      vertex 78.99 66.8 12.9899
    endloop
  endfacet
  facet normal 0 -1 0
    outer loop
      vertex 79.1107 66.8 12.8523
      vertex 97.001 66.8 12.75
      vertex 97.11 66.8 12.9131
    endloop
  endfacet
  facet normal 0 -1 0
    outer loop
      vertex 79.2124 66.8 12.7
      vertex 97.001 66.8 12.75
      vertex 79.1107 66.8 12.8523
    endloop
  endfacet
  facet normal 0 -1 0
    outer loop
      vertex 79.2124 66.8 12.7
      vertex 96.9142 66.8 12.574
      vertex 97.001 66.8 12.75
    endloop
  endfacet
  facet normal 0 -1 0
    outer loop
      vertex 79.2934 66.8 12.5358
      vertex 96.9142 66.8 12.574
      vertex 79.2124 66.8 12.7
    endloop
  endfacet
  facet normal 0 -1 0
    outer loop
      vertex 79.2934 66.8 12.5358
      vertex 96.8511 66.8 12.3882
      vertex 96.9142 66.8 12.574
    endloop
  endfacet
  facet normal 0 -1 0
    outer loop
      vertex 79.3523 66.8 12.3623
      vertex 96.8511 66.8 12.3882
      vertex 79.2934 66.8 12.5358
    endloop
  endfacet
  facet normal 0 -1 0
    outer loop
      vertex 79.3523 66.8 12.3623
      vertex 96.8128 66.8 12.1958
      vertex 96.8511 66.8 12.3882
    endloop
  endfacet
  facet normal 0 -1 0
    outer loop
      vertex 79.388 66.8 12.1827
      vertex 96.8128 66.8 12.1958
      vertex 79.3523 66.8 12.3623
    endloop
  endfacet
  facet normal 0 -1 0
    outer loop
      vertex 79.4 66.8 12
      vertex 96.8128 66.8 12.1958
      vertex 79.388 66.8 12.1827
    endloop
  endfacet
  facet normal 0 -1 0
    outer loop
      vertex 79.4 66.8 12
      vertex 96.8 66.8 12
      vertex 96.8128 66.8 12.1958
    endloop
  endfacet
  facet normal 0 -1 0
    outer loop
      vertex 79.388 66.8 11.8173
      vertex 96.8 66.8 12
      vertex 79.4 66.8 12
    endloop
  endfacet
  facet normal 0 -1 0
    outer loop
      vertex 79.388 66.8 11.8173
      vertex 96.8128 66.8 11.8042
      vertex 96.8 66.8 12
    endloop
  endfacet
  facet normal 0 -1 0
    outer loop
      vertex 79.3523 66.8 11.6377
      vertex 96.8128 66.8 11.8042
      vertex 79.388 66.8 11.8173
    endloop
  endfacet
  facet normal 0 -1 0
    outer loop
      vertex 79.3523 66.8 11.6377
      vertex 96.8511 66.8 11.6118
      vertex 96.8128 66.8 11.8042
    endloop
  endfacet
  facet normal 0 -1 0
    outer loop
      vertex 79.2934 66.8 11.4642
      vertex 96.8511 66.8 11.6118
      vertex 79.3523 66.8 11.6377
    endloop
  endfacet
  facet normal 0 -1 0
    outer loop
      vertex 79.2934 66.8 11.4642
      vertex 96.9142 66.8 11.426
      vertex 96.8511 66.8 11.6118
    endloop
  endfacet
  facet normal 0 -1 0
    outer loop
      vertex 79.2124 66.8 11.3
      vertex 96.9142 66.8 11.426
      vertex 79.2934 66.8 11.4642
    endloop
  endfacet
  facet normal 0 -1 0
    outer loop
      vertex 79.2124 66.8 11.3
      vertex 97.001 66.8 11.25
      vertex 96.9142 66.8 11.426
    endloop
  endfacet
  facet normal 0 -1 0
    outer loop
      vertex 79.1107 66.8 11.1477
      vertex 97.001 66.8 11.25
      vertex 79.2124 66.8 11.3
    endloop
  endfacet
  facet normal 0 -1 0
    outer loop
      vertex 79.1107 66.8 11.1477
      vertex 97.11 66.8 11.0869
      vertex 97.001 66.8 11.25
    endloop
  endfacet
  facet normal 0 -1 0
    outer loop
      vertex 78.99 66.8 11.01
      vertex 97.11 66.8 11.0869
      vertex 79.1107 66.8 11.1477
    endloop
  endfacet
  facet normal 0 -1 0
    outer loop
      vertex 78.99 66.8 11.01
      vertex 97.2393 66.8 10.9393
      vertex 97.11 66.8 11.0869
    endloop
  endfacet
  facet normal 0 -1 0
    outer loop
      vertex 78.8523 66.8 10.8893
      vertex 97.2393 66.8 10.9393
      vertex 78.99 66.8 11.01
    endloop
  endfacet
  facet normal 0 -1 0
    outer loop
      vertex 78.8523 66.8 10.8893
      vertex 97.3869 66.8 10.81
      vertex 97.2393 66.8 10.9393
    endloop
  endfacet
  facet normal 0 -1 0
    outer loop
      vertex 78.7 66.8 10.7876
      vertex 97.3869 66.8 10.81
      vertex 78.8523 66.8 10.8893
    endloop
  endfacet
  facet normal 0 -1 0
    outer loop
      vertex 97.55 66.8 10.701
      vertex 78.7 66.8 10.7876
      vertex 78.5358 66.8 10.7066
    endloop
  endfacet
  facet normal 0 -1 0
    outer loop
      vertex 78.7 66.8 10.7876
      vertex 97.55 66.8 10.701
      vertex 97.3869 66.8 10.81
    endloop
  endfacet
  facet normal 0 -1 0
    outer loop
      vertex 97.726 66.8 10.6142
      vertex 78.5358 66.8 10.7066
      vertex 78.3624 66.8 10.6477
    endloop
  endfacet
  facet normal 0 -1 0
    outer loop
      vertex 78.5358 66.8 10.7066
      vertex 97.726 66.8 10.6142
      vertex 97.55 66.8 10.701
    endloop
  endfacet
  facet normal 0 -1 0
    outer loop
      vertex 97.9118 66.8 10.5511
      vertex 78.3624 66.8 10.6477
      vertex 78.1827 66.8 10.612
    endloop
  endfacet
  facet normal 0 -1 0
    outer loop
      vertex 98.1042 66.8 10.5128
      vertex 78.1827 66.8 10.612
      vertex 78 66.8 10.6
    endloop
  endfacet
  facet normal 0 -1 0
    outer loop
      vertex 78.3624 66.8 10.6477
      vertex 97.9118 66.8 10.5511
      vertex 97.726 66.8 10.6142
    endloop
  endfacet
  facet normal 0 -1 0
    outer loop
      vertex -5 66.8 0
      vertex -2.11177 66.8 10.5511
      vertex -2.30421 66.8 10.5128
    endloop
  endfacet
  facet normal 0 -1 0
    outer loop
      vertex -5 66.8 0
      vertex -2.30421 66.8 10.5128
      vertex -2.5 66.8 10.5
    endloop
  endfacet
  facet normal 0 -1 0
    outer loop
      vertex 78.1827 66.8 10.612
      vertex 98.1042 66.8 10.5128
      vertex 97.9118 66.8 10.5511
    endloop
  endfacet
  facet normal 0 -1 0
    outer loop
      vertex 77.6376 66.8 10.6477
      vertex 100.8 66.8 0
      vertex 77.8173 66.8 10.612
    endloop
  endfacet
  facet normal 0 -1 0
    outer loop
      vertex 78 66.8 10.6
      vertex 98.3 66.8 10.5
      vertex 98.1042 66.8 10.5128
    endloop
  endfacet
  facet normal -0.28205 -0.478037 -0.831823
    outer loop
      vertex 5.42597 66.8 56.9142
      vertex 5.92235 64.6 58.0102
      vertex 5.88519 64.6 58.0228
    endloop
  endfacet
  facet normal 0.660519 -0.478064 -0.578938
    outer loop
      vertex 6.23801 64.6 58.1174
      vertex 7.06066 66.8 57.2393
      vertex 7.19003 66.8 57.3869
    endloop
  endfacet
  facet normal 0.389226 -0.478023 -0.787399
    outer loop
      vertex 6.1148 64.6 58.0228
      vertex 6.57402 66.8 56.9142
      vertex 6.15 64.6 58.0402
    endloop
  endfacet
  facet normal 0.487954 -0.478054 -0.730319
    outer loop
      vertex 6.15 64.6 58.0402
      vertex 6.75 66.8 57.001
      vertex 6.91314 66.8 57.11
    endloop
  endfacet
  facet normal 0 -1 0
    outer loop
      vertex 5.96084 64.6 58.5974
      vertex 6.03916 64.6 58.5974
      vertex 6 64.6 58.6
    endloop
  endfacet
  facet normal 0 -1 0
    outer loop
      vertex 5.92235 64.6 58.5898
      vertex 6.03916 64.6 58.5974
      vertex 5.96084 64.6 58.5974
    endloop
  endfacet
  facet normal 0 -1 0
    outer loop
      vertex 5.92235 64.6 58.5898
      vertex 6.07765 64.6 58.5898
      vertex 6.03916 64.6 58.5974
    endloop
  endfacet
  facet normal 0 -1 0
    outer loop
      vertex 5.88519 64.6 58.5772
      vertex 6.07765 64.6 58.5898
      vertex 5.92235 64.6 58.5898
    endloop
  endfacet
  facet normal 0 -1 0
    outer loop
      vertex 5.88519 64.6 58.5772
      vertex 6.1148 64.6 58.5772
      vertex 6.07765 64.6 58.5898
    endloop
  endfacet
  facet normal 0 -1 0
    outer loop
      vertex 5.85 64.6 58.5598
      vertex 6.1148 64.6 58.5772
      vertex 5.88519 64.6 58.5772
    endloop
  endfacet
  facet normal 0 -1 0
    outer loop
      vertex 5.85 64.6 58.5598
      vertex 6.15 64.6 58.5598
      vertex 6.1148 64.6 58.5772
    endloop
  endfacet
  facet normal 0 -1 0
    outer loop
      vertex 5.81737 64.6 58.538
      vertex 6.15 64.6 58.5598
      vertex 5.85 64.6 58.5598
    endloop
  endfacet
  facet normal 0 -1 0
    outer loop
      vertex 5.81737 64.6 58.538
      vertex 6.18263 64.6 58.538
      vertex 6.15 64.6 58.5598
    endloop
  endfacet
  facet normal 0 -1 0
    outer loop
      vertex 5.78787 64.6 58.5121
      vertex 6.18263 64.6 58.538
      vertex 5.81737 64.6 58.538
    endloop
  endfacet
  facet normal 0 -1 0
    outer loop
      vertex 5.78787 64.6 58.5121
      vertex 6.21213 64.6 58.5121
      vertex 6.18263 64.6 58.538
    endloop
  endfacet
  facet normal 0 -1 0
    outer loop
      vertex 5.76199 64.6 58.4826
      vertex 6.21213 64.6 58.5121
      vertex 5.78787 64.6 58.5121
    endloop
  endfacet
  facet normal 0 -1 0
    outer loop
      vertex 5.76199 64.6 58.4826
      vertex 6.23801 64.6 58.4826
      vertex 6.21213 64.6 58.5121
    endloop
  endfacet
  facet normal 0 -1 0
    outer loop
      vertex 5.74019 64.6 58.45
      vertex 6.23801 64.6 58.4826
      vertex 5.76199 64.6 58.4826
    endloop
  endfacet
  facet normal 0 -1 0
    outer loop
      vertex 5.74019 64.6 58.45
      vertex 6.25981 64.6 58.45
      vertex 6.23801 64.6 58.4826
    endloop
  endfacet
  facet normal 0 -1 0
    outer loop
      vertex 5.72284 64.6 58.4148
      vertex 6.25981 64.6 58.45
      vertex 5.74019 64.6 58.45
    endloop
  endfacet
  facet normal 0 -1 0
    outer loop
      vertex 5.72284 64.6 58.4148
      vertex 6.27716 64.6 58.4148
      vertex 6.25981 64.6 58.45
    endloop
  endfacet
  facet normal 0 -1 0
    outer loop
      vertex 5.71022 64.6 58.3776
      vertex 6.27716 64.6 58.4148
      vertex 5.72284 64.6 58.4148
    endloop
  endfacet
  facet normal 0 -1 0
    outer loop
      vertex 5.71022 64.6 58.3776
      vertex 6.28978 64.6 58.3776
      vertex 6.27716 64.6 58.4148
    endloop
  endfacet
  facet normal 0 -1 0
    outer loop
      vertex 5.70257 64.6 58.3392
      vertex 6.28978 64.6 58.3776
      vertex 5.71022 64.6 58.3776
    endloop
  endfacet
  facet normal 0 -1 0
    outer loop
      vertex 5.70257 64.6 58.3392
      vertex 6.29743 64.6 58.3392
      vertex 6.28978 64.6 58.3776
    endloop
  endfacet
  facet normal 0 -1 0
    outer loop
      vertex 5.7 64.6 58.3
      vertex 6.29743 64.6 58.3392
      vertex 5.70257 64.6 58.3392
    endloop
  endfacet
  facet normal 0 -1 0
    outer loop
      vertex 5.7 64.6 58.3
      vertex 6.3 64.6 58.3
      vertex 6.29743 64.6 58.3392
    endloop
  endfacet
  facet normal 0 -1 0
    outer loop
      vertex 5.70257 64.6 58.2608
      vertex 6.3 64.6 58.3
      vertex 5.7 64.6 58.3
    endloop
  endfacet
  facet normal 0 -1 0
    outer loop
      vertex 5.70257 64.6 58.2608
      vertex 6.29743 64.6 58.2608
      vertex 6.3 64.6 58.3
    endloop
  endfacet
  facet normal 0 -1 0
    outer loop
      vertex 5.71022 64.6 58.2224
      vertex 6.29743 64.6 58.2608
      vertex 5.70257 64.6 58.2608
    endloop
  endfacet
  facet normal 0 -1 0
    outer loop
      vertex 5.71022 64.6 58.2224
      vertex 6.28978 64.6 58.2224
      vertex 6.29743 64.6 58.2608
    endloop
  endfacet
  facet normal 0 -1 0
    outer loop
      vertex 5.72284 64.6 58.1852
      vertex 6.28978 64.6 58.2224
      vertex 5.71022 64.6 58.2224
    endloop
  endfacet
  facet normal 0 -1 0
    outer loop
      vertex 5.72284 64.6 58.1852
      vertex 6.27716 64.6 58.1852
      vertex 6.28978 64.6 58.2224
    endloop
  endfacet
  facet normal 0 -1 0
    outer loop
      vertex 5.74019 64.6 58.15
      vertex 6.27716 64.6 58.1852
      vertex 5.72284 64.6 58.1852
    endloop
  endfacet
  facet normal 0 -1 0
    outer loop
      vertex 5.74019 64.6 58.15
      vertex 6.25981 64.6 58.15
      vertex 6.27716 64.6 58.1852
    endloop
  endfacet
  facet normal 0 -1 0
    outer loop
      vertex 5.76199 64.6 58.1174
      vertex 6.25981 64.6 58.15
      vertex 5.74019 64.6 58.15
    endloop
  endfacet
  facet normal 0 -1 0
    outer loop
      vertex 5.76199 64.6 58.1174
      vertex 6.23801 64.6 58.1174
      vertex 6.25981 64.6 58.15
    endloop
  endfacet
  facet normal 0 -1 0
    outer loop
      vertex 5.78787 64.6 58.0879
      vertex 6.23801 64.6 58.1174
      vertex 5.76199 64.6 58.1174
    endloop
  endfacet
  facet normal 0 -1 0
    outer loop
      vertex 5.78787 64.6 58.0879
      vertex 6.21213 64.6 58.0879
      vertex 6.23801 64.6 58.1174
    endloop
  endfacet
  facet normal 0 -1 0
    outer loop
      vertex 5.81737 64.6 58.062
      vertex 6.21213 64.6 58.0879
      vertex 5.78787 64.6 58.0879
    endloop
  endfacet
  facet normal 0 -1 0
    outer loop
      vertex 5.81737 64.6 58.062
      vertex 6.18263 64.6 58.062
      vertex 6.21213 64.6 58.0879
    endloop
  endfacet
  facet normal 0 -1 0
    outer loop
      vertex 5.85 64.6 58.0402
      vertex 6.18263 64.6 58.062
      vertex 5.81737 64.6 58.062
    endloop
  endfacet
  facet normal 0 -1 0
    outer loop
      vertex 5.85 64.6 58.0402
      vertex 6.15 64.6 58.0402
      vertex 6.18263 64.6 58.062
    endloop
  endfacet
  facet normal 0 -1 0
    outer loop
      vertex 5.88519 64.6 58.0228
      vertex 6.15 64.6 58.0402
      vertex 5.85 64.6 58.0402
    endloop
  endfacet
  facet normal 0 -1 0
    outer loop
      vertex 5.88519 64.6 58.0228
      vertex 6.1148 64.6 58.0228
      vertex 6.15 64.6 58.0402
    endloop
  endfacet
  facet normal 0 -1 0
    outer loop
      vertex 5.92235 64.6 58.0102
      vertex 6.1148 64.6 58.0228
      vertex 5.88519 64.6 58.0228
    endloop
  endfacet
  facet normal 0 -1 0
    outer loop
      vertex 5.92235 64.6 58.0102
      vertex 6.07765 64.6 58.0102
      vertex 6.1148 64.6 58.0228
    endloop
  endfacet
  facet normal 0 -1 0
    outer loop
      vertex 5.96084 64.6 58.0026
      vertex 6.07765 64.6 58.0102
      vertex 5.92235 64.6 58.0102
    endloop
  endfacet
  facet normal 0 -1 0
    outer loop
      vertex 5.96084 64.6 58.0026
      vertex 6.03916 64.6 58.0026
      vertex 6.07765 64.6 58.0102
    endloop
  endfacet
  facet normal -0 -1 0
    outer loop
      vertex 6.03916 64.6 58.0026
      vertex 5.96084 64.6 58.0026
      vertex 6 64.6 58
    endloop
  endfacet
  facet normal -0.487933 -0.478053 -0.730333
    outer loop
      vertex 5.08686 66.8 57.11
      vertex 5.85 64.6 58.0402
      vertex 5.81737 64.6 58.062
    endloop
  endfacet
  facet normal 0.282113 -0.478064 0.831785
    outer loop
      vertex 6.07765 64.6 58.5898
      vertex 6.1148 64.6 58.5772
      vertex 6.38823 66.8 59.7489
    endloop
  endfacet
  facet normal -0.0581885 -0.478041 0.876408
    outer loop
      vertex 5.96084 64.6 58.5974
      vertex 6 64.6 58.6
      vertex 6 66.8 59.8
    endloop
  endfacet
  facet normal 0.730119 -0.478067 0.488239
    outer loop
      vertex 6.23801 64.6 58.4826
      vertex 6.25981 64.6 58.45
      vertex 7.19003 66.8 59.2131
    endloop
  endfacet
  facet normal -0.660251 -0.478081 0.57923
    outer loop
      vertex 4.93934 66.8 59.3607
      vertex 5.76199 64.6 58.4826
      vertex 5.78787 64.6 58.5121
    endloop
  endfacet
  facet normal -0.660251 -0.478081 -0.57923
    outer loop
      vertex 4.93934 66.8 57.2393
      vertex 5.78787 64.6 58.0879
      vertex 5.76199 64.6 58.1174
    endloop
  endfacet
  facet normal -0.487954 -0.478054 -0.730319
    outer loop
      vertex 5.08686 66.8 57.11
      vertex 5.25 66.8 57.001
      vertex 5.85 64.6 58.0402
    endloop
  endfacet
  facet normal -0.389315 -0.47802 -0.787356
    outer loop
      vertex 5.42597 66.8 56.9142
      vertex 5.88519 64.6 58.0228
      vertex 5.85 64.6 58.0402
    endloop
  endfacet
  facet normal -0.730119 -0.478067 0.488239
    outer loop
      vertex 4.80997 66.8 59.2131
      vertex 5.74019 64.6 58.45
      vertex 5.76199 64.6 58.4826
    endloop
  endfacet
  facet normal 0.488241 -0.478062 -0.730122
    outer loop
      vertex 18.15 64.6 58.0402
      vertex 18.9131 66.8 57.11
      vertex 18.1826 64.6 58.062
    endloop
  endfacet
  facet normal -0.831681 -0.478047 -0.282449
    outer loop
      vertex 16.5511 66.8 57.9118
      vertex 16.6142 66.8 57.726
      vertex 17.7228 64.6 58.1852
    endloop
  endfacet
  facet normal 0.876411 -0.478042 -0.0581293
    outer loop
      vertex 18.2974 64.6 58.2608
      vertex 19.5 66.8 58.3
      vertex 18.3 64.6 58.3
    endloop
  endfacet
  facet normal 0.876447 -0.478077 -0.0572958
    outer loop
      vertex 18.2974 64.6 58.2608
      vertex 19.4872 66.8 58.1042
      vertex 19.5 66.8 58.3
    endloop
  endfacet
  facet normal 0.389213 -0.478076 0.787373
    outer loop
      vertex 18.1148 64.6 58.5772
      vertex 18.15 64.6 58.5598
      vertex 18.75 66.8 59.599
    endloop
  endfacet
  facet normal -0.281771 -0.478076 0.831895
    outer loop
      vertex 17.6118 66.8 59.7489
      vertex 17.8852 64.6 58.5772
      vertex 17.9224 64.6 58.5898
    endloop
  endfacet
  facet normal 0.57876 -0.478066 0.660673
    outer loop
      vertex 18.1826 64.6 58.538
      vertex 19.0607 66.8 59.3607
      vertex 18.9131 66.8 59.49
    endloop
  endfacet
  facet normal -0.389226 -0.47802 -0.7874
    outer loop
      vertex 17.426 66.8 56.9142
      vertex 17.8852 64.6 58.0228
      vertex 17.85 64.6 58.0402
    endloop
  endfacet
  facet normal -0.861627 -0.478036 -0.17053
    outer loop
      vertex 16.5511 66.8 57.9118
      vertex 17.7102 64.6 58.2224
      vertex 17.7026 64.6 58.2608
    endloop
  endfacet
  facet normal 0.730122 -0.478062 -0.488241
    outer loop
      vertex 18.238 64.6 58.1174
      vertex 19.19 66.8 57.3869
      vertex 18.2598 64.6 58.15
    endloop
  endfacet
  facet normal 0.787739 -0.478054 -0.388499
    outer loop
      vertex 18.2598 64.6 58.15
      vertex 19.299 66.8 57.55
      vertex 19.3858 66.8 57.726
    endloop
  endfacet
  facet normal 0.170523 -0.478102 -0.861591
    outer loop
      vertex 18.0392 64.6 58.0026
      vertex 18.1958 66.8 56.8128
      vertex 18.0776 64.6 58.0102
    endloop
  endfacet
  facet normal 0.17053 -0.478036 0.861627
    outer loop
      vertex 18.0392 64.6 58.5974
      vertex 18.0776 64.6 58.5898
      vertex 18.3882 66.8 59.7489
    endloop
  endfacet
  facet normal 0.488246 -0.478045 0.730129
    outer loop
      vertex 18.15 64.6 58.5598
      vertex 18.1826 64.6 58.538
      vertex 18.75 66.8 59.599
    endloop
  endfacet
  facet normal 0.282448 -0.478056 -0.831676
    outer loop
      vertex 18.0776 64.6 58.0102
      vertex 18.3882 66.8 56.8511
      vertex 18.574 66.8 56.9142
    endloop
  endfacet
  facet normal -0.171477 -0.478076 0.861417
    outer loop
      vertex 17.6118 66.8 59.7489
      vertex 17.9608 64.6 58.5974
      vertex 17.8042 66.8 59.7872
    endloop
  endfacet
  facet normal -0.876447 -0.478077 0.0572958
    outer loop
      vertex 16.5 66.8 58.3
      vertex 17.7026 64.6 58.3392
      vertex 16.5128 66.8 58.4958
    endloop
  endfacet
  facet normal -0.876411 -0.478042 -0.0581293
    outer loop
      vertex 16.5 66.8 58.3
      vertex 17.7026 64.6 58.2608
      vertex 17.7 64.6 58.3
    endloop
  endfacet
  facet normal -0.282448 -0.478056 -0.831676
    outer loop
      vertex 17.426 66.8 56.9142
      vertex 17.6118 66.8 56.8511
      vertex 17.9224 64.6 58.0102
    endloop
  endfacet
  facet normal 0.579474 -0.478106 0.660019
    outer loop
      vertex 18.1826 64.6 58.538
      vertex 18.2121 64.6 58.5121
      vertex 19.0607 66.8 59.3607
    endloop
  endfacet
  facet normal 0.7874 -0.47802 -0.389226
    outer loop
      vertex 18.2598 64.6 58.15
      vertex 19.3858 66.8 57.726
      vertex 18.2772 64.6 58.1852
    endloop
  endfacet
  facet normal -0.861417 -0.478076 -0.171477
    outer loop
      vertex 16.5128 66.8 58.1042
      vertex 16.5511 66.8 57.9118
      vertex 17.7026 64.6 58.2608
    endloop
  endfacet
  facet normal -0.861417 -0.478076 0.171477
    outer loop
      vertex 16.5128 66.8 58.4958
      vertex 17.7026 64.6 58.3392
      vertex 16.5511 66.8 58.6882
    endloop
  endfacet
  facet normal -0.7874 -0.47802 0.389226
    outer loop
      vertex 16.6142 66.8 58.874
      vertex 17.7228 64.6 58.4148
      vertex 17.7402 64.6 58.45
    endloop
  endfacet
  facet normal 0.831895 -0.478076 -0.281771
    outer loop
      vertex 18.2772 64.6 58.1852
      vertex 19.4489 66.8 57.9118
      vertex 18.2898 64.6 58.2224
    endloop
  endfacet
  facet normal -0.17053 -0.478036 0.861627
    outer loop
      vertex 17.6118 66.8 59.7489
      vertex 17.9224 64.6 58.5898
      vertex 17.9608 64.6 58.5974
    endloop
  endfacet
  facet normal 0.730265 -0.478052 -0.488037
    outer loop
      vertex 18.2598 64.6 58.15
      vertex 19.19 66.8 57.3869
      vertex 19.299 66.8 57.55
    endloop
  endfacet
  facet normal 0.730265 -0.478052 0.488037
    outer loop
      vertex 18.2598 64.6 58.45
      vertex 19.299 66.8 59.05
      vertex 19.19 66.8 59.2131
    endloop
  endfacet
  facet normal 0.861417 -0.478076 -0.171477
    outer loop
      vertex 18.2974 64.6 58.2608
      vertex 19.4489 66.8 57.9118
      vertex 19.4872 66.8 58.1042
    endloop
  endfacet
  facet normal 0.282449 -0.478047 0.831681
    outer loop
      vertex 18.1148 64.6 58.5772
      vertex 18.574 66.8 59.6858
      vertex 18.3882 66.8 59.7489
    endloop
  endfacet
  facet normal -0.730122 -0.478062 -0.488241
    outer loop
      vertex 16.81 66.8 57.3869
      vertex 17.762 64.6 58.1174
      vertex 17.7402 64.6 58.15
    endloop
  endfacet
  facet normal -0.488241 -0.478062 -0.730122
    outer loop
      vertex 17.0869 66.8 57.11
      vertex 17.85 64.6 58.0402
      vertex 17.8174 64.6 58.062
    endloop
  endfacet
  facet normal -0.488036 -0.478055 0.730263
    outer loop
      vertex 17.0869 66.8 59.49
      vertex 17.8174 64.6 58.538
      vertex 17.25 66.8 59.599
    endloop
  endfacet
  facet normal -0.282449 -0.478047 0.831681
    outer loop
      vertex 17.426 66.8 59.6858
      vertex 17.8852 64.6 58.5772
      vertex 17.6118 66.8 59.7489
    endloop
  endfacet
  facet normal 0 -1 0
    outer loop
      vertex 17.9608 64.6 58.5974
      vertex 18.0392 64.6 58.5974
      vertex 18 64.6 58.6
    endloop
  endfacet
  facet normal 0 -1 0
    outer loop
      vertex 17.9224 64.6 58.5898
      vertex 18.0392 64.6 58.5974
      vertex 17.9608 64.6 58.5974
    endloop
  endfacet
  facet normal 0 -1 0
    outer loop
      vertex 17.9224 64.6 58.5898
      vertex 18.0776 64.6 58.5898
      vertex 18.0392 64.6 58.5974
    endloop
  endfacet
  facet normal 0 -1 0
    outer loop
      vertex 17.8852 64.6 58.5772
      vertex 18.0776 64.6 58.5898
      vertex 17.9224 64.6 58.5898
    endloop
  endfacet
  facet normal 0 -1 0
    outer loop
      vertex 17.8852 64.6 58.5772
      vertex 18.1148 64.6 58.5772
      vertex 18.0776 64.6 58.5898
    endloop
  endfacet
  facet normal 0 -1 0
    outer loop
      vertex 17.85 64.6 58.5598
      vertex 18.1148 64.6 58.5772
      vertex 17.8852 64.6 58.5772
    endloop
  endfacet
  facet normal 0 -1 0
    outer loop
      vertex 17.85 64.6 58.5598
      vertex 18.15 64.6 58.5598
      vertex 18.1148 64.6 58.5772
    endloop
  endfacet
  facet normal 0 -1 0
    outer loop
      vertex 17.8174 64.6 58.538
      vertex 18.15 64.6 58.5598
      vertex 17.85 64.6 58.5598
    endloop
  endfacet
  facet normal 0 -1 0
    outer loop
      vertex 17.8174 64.6 58.538
      vertex 18.1826 64.6 58.538
      vertex 18.15 64.6 58.5598
    endloop
  endfacet
  facet normal 0 -1 0
    outer loop
      vertex 17.7879 64.6 58.5121
      vertex 18.1826 64.6 58.538
      vertex 17.8174 64.6 58.538
    endloop
  endfacet
  facet normal 0 -1 0
    outer loop
      vertex 17.7879 64.6 58.5121
      vertex 18.2121 64.6 58.5121
      vertex 18.1826 64.6 58.538
    endloop
  endfacet
  facet normal 0 -1 0
    outer loop
      vertex 17.762 64.6 58.4826
      vertex 18.2121 64.6 58.5121
      vertex 17.7879 64.6 58.5121
    endloop
  endfacet
  facet normal 0 -1 0
    outer loop
      vertex 17.762 64.6 58.4826
      vertex 18.238 64.6 58.4826
      vertex 18.2121 64.6 58.5121
    endloop
  endfacet
  facet normal 0 -1 0
    outer loop
      vertex 17.7402 64.6 58.45
      vertex 18.238 64.6 58.4826
      vertex 17.762 64.6 58.4826
    endloop
  endfacet
  facet normal 0 -1 0
    outer loop
      vertex 17.7402 64.6 58.45
      vertex 18.2598 64.6 58.45
      vertex 18.238 64.6 58.4826
    endloop
  endfacet
  facet normal 0 -1 0
    outer loop
      vertex 17.7228 64.6 58.4148
      vertex 18.2598 64.6 58.45
      vertex 17.7402 64.6 58.45
    endloop
  endfacet
  facet normal 0 -1 0
    outer loop
      vertex 17.7228 64.6 58.4148
      vertex 18.2772 64.6 58.4148
      vertex 18.2598 64.6 58.45
    endloop
  endfacet
  facet normal 0 -1 0
    outer loop
      vertex 17.7102 64.6 58.3776
      vertex 18.2772 64.6 58.4148
      vertex 17.7228 64.6 58.4148
    endloop
  endfacet
  facet normal 0 -1 0
    outer loop
      vertex 17.7102 64.6 58.3776
      vertex 18.2898 64.6 58.3776
      vertex 18.2772 64.6 58.4148
    endloop
  endfacet
  facet normal 0 -1 0
    outer loop
      vertex 17.7026 64.6 58.3392
      vertex 18.2898 64.6 58.3776
      vertex 17.7102 64.6 58.3776
    endloop
  endfacet
  facet normal 0 -1 0
    outer loop
      vertex 17.7026 64.6 58.3392
      vertex 18.2974 64.6 58.3392
      vertex 18.2898 64.6 58.3776
    endloop
  endfacet
  facet normal 0 -1 0
    outer loop
      vertex 17.7 64.6 58.3
      vertex 18.2974 64.6 58.3392
      vertex 17.7026 64.6 58.3392
    endloop
  endfacet
  facet normal 0 -1 0
    outer loop
      vertex 17.7 64.6 58.3
      vertex 18.3 64.6 58.3
      vertex 18.2974 64.6 58.3392
    endloop
  endfacet
  facet normal 0 -1 0
    outer loop
      vertex 17.7026 64.6 58.2608
      vertex 18.3 64.6 58.3
      vertex 17.7 64.6 58.3
    endloop
  endfacet
  facet normal 0 -1 0
    outer loop
      vertex 17.7026 64.6 58.2608
      vertex 18.2974 64.6 58.2608
      vertex 18.3 64.6 58.3
    endloop
  endfacet
  facet normal 0 -1 0
    outer loop
      vertex 17.7102 64.6 58.2224
      vertex 18.2974 64.6 58.2608
      vertex 17.7026 64.6 58.2608
    endloop
  endfacet
  facet normal 0 -1 0
    outer loop
      vertex 17.7102 64.6 58.2224
      vertex 18.2898 64.6 58.2224
      vertex 18.2974 64.6 58.2608
    endloop
  endfacet
  facet normal 0 -1 0
    outer loop
      vertex 17.7228 64.6 58.1852
      vertex 18.2898 64.6 58.2224
      vertex 17.7102 64.6 58.2224
    endloop
  endfacet
  facet normal 0 -1 0
    outer loop
      vertex 17.7228 64.6 58.1852
      vertex 18.2772 64.6 58.1852
      vertex 18.2898 64.6 58.2224
    endloop
  endfacet
  facet normal 0 -1 0
    outer loop
      vertex 17.7402 64.6 58.15
      vertex 18.2772 64.6 58.1852
      vertex 17.7228 64.6 58.1852
    endloop
  endfacet
  facet normal 0 -1 0
    outer loop
      vertex 17.7402 64.6 58.15
      vertex 18.2598 64.6 58.15
      vertex 18.2772 64.6 58.1852
    endloop
  endfacet
  facet normal 0 -1 0
    outer loop
      vertex 17.762 64.6 58.1174
      vertex 18.2598 64.6 58.15
      vertex 17.7402 64.6 58.15
    endloop
  endfacet
  facet normal 0 -1 0
    outer loop
      vertex 17.762 64.6 58.1174
      vertex 18.238 64.6 58.1174
      vertex 18.2598 64.6 58.15
    endloop
  endfacet
  facet normal 0 -1 0
    outer loop
      vertex 17.7879 64.6 58.0879
      vertex 18.238 64.6 58.1174
      vertex 17.762 64.6 58.1174
    endloop
  endfacet
  facet normal 0 -1 0
    outer loop
      vertex 17.7879 64.6 58.0879
      vertex 18.2121 64.6 58.0879
      vertex 18.238 64.6 58.1174
    endloop
  endfacet
  facet normal 0 -1 0
    outer loop
      vertex 17.8174 64.6 58.062
      vertex 18.2121 64.6 58.0879
      vertex 17.7879 64.6 58.0879
    endloop
  endfacet
  facet normal 0 -1 0
    outer loop
      vertex 17.8174 64.6 58.062
      vertex 18.1826 64.6 58.062
      vertex 18.2121 64.6 58.0879
    endloop
  endfacet
  facet normal 0 -1 0
    outer loop
      vertex 17.85 64.6 58.0402
      vertex 18.1826 64.6 58.062
      vertex 17.8174 64.6 58.062
    endloop
  endfacet
  facet normal 0 -1 0
    outer loop
      vertex 17.85 64.6 58.0402
      vertex 18.15 64.6 58.0402
      vertex 18.1826 64.6 58.062
    endloop
  endfacet
  facet normal 0 -1 0
    outer loop
      vertex 17.8852 64.6 58.0228
      vertex 18.15 64.6 58.0402
      vertex 17.85 64.6 58.0402
    endloop
  endfacet
  facet normal 0 -1 0
    outer loop
      vertex 17.8852 64.6 58.0228
      vertex 18.1148 64.6 58.0228
      vertex 18.15 64.6 58.0402
    endloop
  endfacet
  facet normal 0 -1 0
    outer loop
      vertex 17.9224 64.6 58.0102
      vertex 18.1148 64.6 58.0228
      vertex 17.8852 64.6 58.0228
    endloop
  endfacet
  facet normal 0 -1 0
    outer loop
      vertex 17.9224 64.6 58.0102
      vertex 18.0776 64.6 58.0102
      vertex 18.1148 64.6 58.0228
    endloop
  endfacet
  facet normal 0 -1 0
    outer loop
      vertex 17.9608 64.6 58.0026
      vertex 18.0776 64.6 58.0102
      vertex 17.9224 64.6 58.0102
    endloop
  endfacet
  facet normal 0 -1 0
    outer loop
      vertex 17.9608 64.6 58.0026
      vertex 18.0392 64.6 58.0026
      vertex 18.0776 64.6 58.0102
    endloop
  endfacet
  facet normal -0 -1 0
    outer loop
      vertex 18.0392 64.6 58.0026
      vertex 17.9608 64.6 58.0026
      vertex 18 64.6 58
    endloop
  endfacet
  facet normal 0.7874 -0.47802 0.389226
    outer loop
      vertex 18.2598 64.6 58.45
      vertex 18.2772 64.6 58.4148
      vertex 19.3858 66.8 58.874
    endloop
  endfacet
  facet normal 0.831681 -0.478047 0.282449
    outer loop
      vertex 18.2772 64.6 58.4148
      vertex 19.4489 66.8 58.6882
      vertex 19.3858 66.8 58.874
    endloop
  endfacet
  facet normal 0.861627 -0.478036 -0.17053
    outer loop
      vertex 18.2898 64.6 58.2224
      vertex 19.4489 66.8 57.9118
      vertex 18.2974 64.6 58.2608
    endloop
  endfacet
  facet normal 0.787739 -0.478054 0.388499
    outer loop
      vertex 18.2598 64.6 58.45
      vertex 19.3858 66.8 58.874
      vertex 19.299 66.8 59.05
    endloop
  endfacet
  facet normal -0.660673 -0.478066 -0.57876
    outer loop
      vertex 16.81 66.8 57.3869
      vertex 16.9393 66.8 57.2393
      vertex 17.762 64.6 58.1174
    endloop
  endfacet
  facet normal -0.171479 -0.478063 -0.861424
    outer loop
      vertex 17.6118 66.8 56.8511
      vertex 17.8042 66.8 56.8128
      vertex 17.9224 64.6 58.0102
    endloop
  endfacet
  facet normal -0.389213 -0.478076 0.787373
    outer loop
      vertex 17.25 66.8 59.599
      vertex 17.85 64.6 58.5598
      vertex 17.8852 64.6 58.5772
    endloop
  endfacet
  facet normal -0.831681 -0.478047 0.282449
    outer loop
      vertex 16.5511 66.8 58.6882
      vertex 17.7228 64.6 58.4148
      vertex 16.6142 66.8 58.874
    endloop
  endfacet
  facet normal 0.57876 -0.478066 -0.660673
    outer loop
      vertex 18.1826 64.6 58.062
      vertex 18.9131 66.8 57.11
      vertex 19.0607 66.8 57.2393
    endloop
  endfacet
  facet normal -0.488246 -0.478045 0.730129
    outer loop
      vertex 17.25 66.8 59.599
      vertex 17.8174 64.6 58.538
      vertex 17.85 64.6 58.5598
    endloop
  endfacet
  facet normal 0.388501 -0.478043 0.787745
    outer loop
      vertex 18.1148 64.6 58.5772
      vertex 18.75 66.8 59.599
      vertex 18.574 66.8 59.6858
    endloop
  endfacet
  facet normal -0.876447 -0.478077 -0.0572958
    outer loop
      vertex 16.5 66.8 58.3
      vertex 16.5128 66.8 58.1042
      vertex 17.7026 64.6 58.2608
    endloop
  endfacet
  facet normal 0.488036 -0.478055 0.730263
    outer loop
      vertex 18.1826 64.6 58.538
      vertex 18.9131 66.8 59.49
      vertex 18.75 66.8 59.599
    endloop
  endfacet
  facet normal 0.660019 -0.478106 -0.579474
    outer loop
      vertex 18.2121 64.6 58.0879
      vertex 19.0607 66.8 57.2393
      vertex 18.238 64.6 58.1174
    endloop
  endfacet
  facet normal 0.660019 -0.478106 0.579474
    outer loop
      vertex 18.2121 64.6 58.5121
      vertex 18.238 64.6 58.4826
      vertex 19.0607 66.8 59.3607
    endloop
  endfacet
  facet normal -0.787739 -0.478054 0.388499
    outer loop
      vertex 16.6142 66.8 58.874
      vertex 17.7402 64.6 58.45
      vertex 16.701 66.8 59.05
    endloop
  endfacet
  facet normal -0.0572958 -0.478077 0.876447
    outer loop
      vertex 17.8042 66.8 59.7872
      vertex 17.9608 64.6 58.5974
      vertex 18 66.8 59.8
    endloop
  endfacet
  facet normal -0.730265 -0.478052 -0.488037
    outer loop
      vertex 16.701 66.8 57.55
      vertex 16.81 66.8 57.3869
      vertex 17.7402 64.6 58.15
    endloop
  endfacet
  facet normal 0.0581293 -0.478042 -0.876411
    outer loop
      vertex 18 64.6 58
      vertex 18 66.8 56.8
      vertex 18.0392 64.6 58.0026
    endloop
  endfacet
  facet normal 0.660673 -0.478066 0.57876
    outer loop
      vertex 18.238 64.6 58.4826
      vertex 19.19 66.8 59.2131
      vertex 19.0607 66.8 59.3607
    endloop
  endfacet
  facet normal 0.861417 -0.478076 0.171477
    outer loop
      vertex 18.2974 64.6 58.3392
      vertex 19.4872 66.8 58.4958
      vertex 19.4489 66.8 58.6882
    endloop
  endfacet
  facet normal -0.730265 -0.478052 0.488037
    outer loop
      vertex 16.701 66.8 59.05
      vertex 17.7402 64.6 58.45
      vertex 16.81 66.8 59.2131
    endloop
  endfacet
  facet normal 0.171479 -0.478063 -0.861424
    outer loop
      vertex 18.0776 64.6 58.0102
      vertex 18.1958 66.8 56.8128
      vertex 18.3882 66.8 56.8511
    endloop
  endfacet
  facet normal 0.876447 -0.478077 0.0572958
    outer loop
      vertex 18.2974 64.6 58.3392
      vertex 19.5 66.8 58.3
      vertex 19.4872 66.8 58.4958
    endloop
  endfacet
  facet normal 0.876411 -0.478042 0.0581293
    outer loop
      vertex 18.2974 64.6 58.3392
      vertex 18.3 64.6 58.3
      vertex 19.5 66.8 58.3
    endloop
  endfacet
  facet normal -0.57876 -0.478066 0.660673
    outer loop
      vertex 16.9393 66.8 59.3607
      vertex 17.8174 64.6 58.538
      vertex 17.0869 66.8 59.49
    endloop
  endfacet
  facet normal -0.0572958 -0.478077 -0.876447
    outer loop
      vertex 17.8042 66.8 56.8128
      vertex 18 66.8 56.8
      vertex 17.9608 64.6 58.0026
    endloop
  endfacet
  facet normal -0.831895 -0.478076 -0.281771
    outer loop
      vertex 16.5511 66.8 57.9118
      vertex 17.7228 64.6 58.1852
      vertex 17.7102 64.6 58.2224
    endloop
  endfacet
  facet normal -0.831895 -0.478076 0.281771
    outer loop
      vertex 16.5511 66.8 58.6882
      vertex 17.7102 64.6 58.3776
      vertex 17.7228 64.6 58.4148
    endloop
  endfacet
  facet normal 0.579474 -0.478106 -0.660019
    outer loop
      vertex 18.1826 64.6 58.062
      vertex 19.0607 66.8 57.2393
      vertex 18.2121 64.6 58.0879
    endloop
  endfacet
  facet normal 0.831895 -0.478076 0.281771
    outer loop
      vertex 18.2772 64.6 58.4148
      vertex 18.2898 64.6 58.3776
      vertex 19.4489 66.8 58.6882
    endloop
  endfacet
  facet normal -0.57876 -0.478066 -0.660673
    outer loop
      vertex 16.9393 66.8 57.2393
      vertex 17.0869 66.8 57.11
      vertex 17.8174 64.6 58.062
    endloop
  endfacet
  facet normal -0.170523 -0.478102 -0.861591
    outer loop
      vertex 17.8042 66.8 56.8128
      vertex 17.9608 64.6 58.0026
      vertex 17.9224 64.6 58.0102
    endloop
  endfacet
  facet normal -0.7874 -0.47802 -0.389226
    outer loop
      vertex 16.6142 66.8 57.726
      vertex 17.7402 64.6 58.15
      vertex 17.7228 64.6 58.1852
    endloop
  endfacet
  facet normal -0.861627 -0.478036 0.17053
    outer loop
      vertex 16.5511 66.8 58.6882
      vertex 17.7026 64.6 58.3392
      vertex 17.7102 64.6 58.3776
    endloop
  endfacet
  facet normal 0.831681 -0.478047 -0.282449
    outer loop
      vertex 18.2772 64.6 58.1852
      vertex 19.3858 66.8 57.726
      vertex 19.4489 66.8 57.9118
    endloop
  endfacet
  facet normal 0.171477 -0.478076 0.861417
    outer loop
      vertex 18.0392 64.6 58.5974
      vertex 18.3882 66.8 59.7489
      vertex 18.1958 66.8 59.7872
    endloop
  endfacet
  facet normal -0.660673 -0.478066 0.57876
    outer loop
      vertex 16.81 66.8 59.2131
      vertex 17.762 64.6 58.4826
      vertex 16.9393 66.8 59.3607
    endloop
  endfacet
  facet normal -0.787739 -0.478054 -0.388499
    outer loop
      vertex 16.6142 66.8 57.726
      vertex 16.701 66.8 57.55
      vertex 17.7402 64.6 58.15
    endloop
  endfacet
  facet normal 0.281779 -0.478027 -0.83192
    outer loop
      vertex 18.0776 64.6 58.0102
      vertex 18.574 66.8 56.9142
      vertex 18.1148 64.6 58.0228
    endloop
  endfacet
  facet normal -0.876411 -0.478042 0.0581293
    outer loop
      vertex 16.5 66.8 58.3
      vertex 17.7 64.6 58.3
      vertex 17.7026 64.6 58.3392
    endloop
  endfacet
  facet normal -0.388501 -0.478043 0.787745
    outer loop
      vertex 17.25 66.8 59.599
      vertex 17.8852 64.6 58.5772
      vertex 17.426 66.8 59.6858
    endloop
  endfacet
  facet normal -0.0581293 -0.478042 0.876411
    outer loop
      vertex 17.9608 64.6 58.5974
      vertex 18 64.6 58.6
      vertex 18 66.8 59.8
    endloop
  endfacet
  facet normal 0.861627 -0.478036 0.17053
    outer loop
      vertex 18.2898 64.6 58.3776
      vertex 18.2974 64.6 58.3392
      vertex 19.4489 66.8 58.6882
    endloop
  endfacet
  facet normal 0.0572958 -0.478077 -0.876447
    outer loop
      vertex 18 66.8 56.8
      vertex 18.1958 66.8 56.8128
      vertex 18.0392 64.6 58.0026
    endloop
  endfacet
  facet normal 0.0572958 -0.478077 0.876447
    outer loop
      vertex 18 66.8 59.8
      vertex 18.0392 64.6 58.5974
      vertex 18.1958 66.8 59.7872
    endloop
  endfacet
  facet normal 0.388499 -0.478054 -0.787739
    outer loop
      vertex 18.15 64.6 58.0402
      vertex 18.574 66.8 56.9142
      vertex 18.75 66.8 57.001
    endloop
  endfacet
  facet normal -0.579474 -0.478106 0.660019
    outer loop
      vertex 16.9393 66.8 59.3607
      vertex 17.7879 64.6 58.5121
      vertex 17.8174 64.6 58.538
    endloop
  endfacet
  facet normal -0.281779 -0.478027 -0.83192
    outer loop
      vertex 17.426 66.8 56.9142
      vertex 17.9224 64.6 58.0102
      vertex 17.8852 64.6 58.0228
    endloop
  endfacet
  facet normal 0.660673 -0.478066 -0.57876
    outer loop
      vertex 18.238 64.6 58.1174
      vertex 19.0607 66.8 57.2393
      vertex 19.19 66.8 57.3869
    endloop
  endfacet
  facet normal 0.389226 -0.47802 -0.7874
    outer loop
      vertex 18.1148 64.6 58.0228
      vertex 18.574 66.8 56.9142
      vertex 18.15 64.6 58.0402
    endloop
  endfacet
  facet normal 0.488037 -0.478052 -0.730265
    outer loop
      vertex 18.15 64.6 58.0402
      vertex 18.75 66.8 57.001
      vertex 18.9131 66.8 57.11
    endloop
  endfacet
  facet normal 0.281771 -0.478076 0.831895
    outer loop
      vertex 18.0776 64.6 58.5898
      vertex 18.1148 64.6 58.5772
      vertex 18.3882 66.8 59.7489
    endloop
  endfacet
  facet normal 0.730122 -0.478062 0.488241
    outer loop
      vertex 18.238 64.6 58.4826
      vertex 18.2598 64.6 58.45
      vertex 19.19 66.8 59.2131
    endloop
  endfacet
  facet normal -0.0581293 -0.478042 -0.876411
    outer loop
      vertex 17.9608 64.6 58.0026
      vertex 18 66.8 56.8
      vertex 18 64.6 58
    endloop
  endfacet
  facet normal -0.488037 -0.478052 -0.730265
    outer loop
      vertex 17.0869 66.8 57.11
      vertex 17.25 66.8 57.001
      vertex 17.85 64.6 58.0402
    endloop
  endfacet
  facet normal -0.388499 -0.478054 -0.787739
    outer loop
      vertex 17.25 66.8 57.001
      vertex 17.426 66.8 56.9142
      vertex 17.85 64.6 58.0402
    endloop
  endfacet
  facet normal -0.730122 -0.478062 0.488241
    outer loop
      vertex 16.81 66.8 59.2131
      vertex 17.7402 64.6 58.45
      vertex 17.762 64.6 58.4826
    endloop
  endfacet
  facet normal -0.660019 -0.478106 0.579474
    outer loop
      vertex 16.9393 66.8 59.3607
      vertex 17.762 64.6 58.4826
      vertex 17.7879 64.6 58.5121
    endloop
  endfacet
  facet normal 0.0581293 -0.478042 0.876411
    outer loop
      vertex 18 64.6 58.6
      vertex 18.0392 64.6 58.5974
      vertex 18 66.8 59.8
    endloop
  endfacet
  facet normal -0.579474 -0.478106 -0.660019
    outer loop
      vertex 16.9393 66.8 57.2393
      vertex 17.8174 64.6 58.062
      vertex 17.7879 64.6 58.0879
    endloop
  endfacet
  facet normal -0.660019 -0.478106 -0.579474
    outer loop
      vertex 16.9393 66.8 57.2393
      vertex 17.7879 64.6 58.0879
      vertex 17.762 64.6 58.1174
    endloop
  endfacet
  facet normal 0.488241 -0.478062 -0.730122
    outer loop
      vertex 30.15 64.6 58.0402
      vertex 30.9131 66.8 57.11
      vertex 30.1826 64.6 58.062
    endloop
  endfacet
  facet normal -0.831681 -0.478047 -0.282449
    outer loop
      vertex 28.5511 66.8 57.9118
      vertex 28.6142 66.8 57.726
      vertex 29.7228 64.6 58.1852
    endloop
  endfacet
  facet normal 0.876411 -0.478042 -0.0581293
    outer loop
      vertex 30.2974 64.6 58.2608
      vertex 31.5 66.8 58.3
      vertex 30.3 64.6 58.3
    endloop
  endfacet
  facet normal 0.876447 -0.478077 -0.0572958
    outer loop
      vertex 30.2974 64.6 58.2608
      vertex 31.4872 66.8 58.1042
      vertex 31.5 66.8 58.3
    endloop
  endfacet
  facet normal 0.389213 -0.478076 0.787373
    outer loop
      vertex 30.1148 64.6 58.5772
      vertex 30.15 64.6 58.5598
      vertex 30.75 66.8 59.599
    endloop
  endfacet
  facet normal -0.281771 -0.478076 0.831895
    outer loop
      vertex 29.6118 66.8 59.7489
      vertex 29.8852 64.6 58.5772
      vertex 29.9224 64.6 58.5898
    endloop
  endfacet
  facet normal 0.57876 -0.478066 0.660673
    outer loop
      vertex 30.1826 64.6 58.538
      vertex 31.0607 66.8 59.3607
      vertex 30.9131 66.8 59.49
    endloop
  endfacet
  facet normal -0.861627 -0.478036 -0.17053
    outer loop
      vertex 28.5511 66.8 57.9118
      vertex 29.7102 64.6 58.2224
      vertex 29.7026 64.6 58.2608
    endloop
  endfacet
  facet normal 0.730122 -0.478062 -0.488241
    outer loop
      vertex 30.238 64.6 58.1174
      vertex 31.19 66.8 57.3869
      vertex 30.2598 64.6 58.15
    endloop
  endfacet
  facet normal 0.787739 -0.478054 -0.388499
    outer loop
      vertex 30.2598 64.6 58.15
      vertex 31.299 66.8 57.55
      vertex 31.3858 66.8 57.726
    endloop
  endfacet
  facet normal 0.170523 -0.478102 -0.861591
    outer loop
      vertex 30.0392 64.6 58.0026
      vertex 30.1958 66.8 56.8128
      vertex 30.0776 64.6 58.0102
    endloop
  endfacet
  facet normal 0.17053 -0.478036 0.861627
    outer loop
      vertex 30.0392 64.6 58.5974
      vertex 30.0776 64.6 58.5898
      vertex 30.3882 66.8 59.7489
    endloop
  endfacet
  facet normal 0.488246 -0.478045 0.730129
    outer loop
      vertex 30.15 64.6 58.5598
      vertex 30.1826 64.6 58.538
      vertex 30.75 66.8 59.599
    endloop
  endfacet
  facet normal 0.282448 -0.478056 -0.831676
    outer loop
      vertex 30.0776 64.6 58.0102
      vertex 30.3882 66.8 56.8511
      vertex 30.574 66.8 56.9142
    endloop
  endfacet
  facet normal -0.171477 -0.478076 0.861417
    outer loop
      vertex 29.6118 66.8 59.7489
      vertex 29.9608 64.6 58.5974
      vertex 29.8042 66.8 59.7872
    endloop
  endfacet
  facet normal -0.876447 -0.478077 0.0572958
    outer loop
      vertex 28.5 66.8 58.3
      vertex 29.7026 64.6 58.3392
      vertex 28.5128 66.8 58.4958
    endloop
  endfacet
  facet normal -0.579474 -0.478106 -0.660019
    outer loop
      vertex 28.9393 66.8 57.2393
      vertex 29.8174 64.6 58.062
      vertex 29.7879 64.6 58.0879
    endloop
  endfacet
  facet normal -0.388499 -0.478054 -0.787739
    outer loop
      vertex 29.25 66.8 57.001
      vertex 29.426 66.8 56.9142
      vertex 29.85 64.6 58.0402
    endloop
  endfacet
  facet normal -0.876411 -0.478042 -0.0581293
    outer loop
      vertex 28.5 66.8 58.3
      vertex 29.7026 64.6 58.2608
      vertex 29.7 64.6 58.3
    endloop
  endfacet
  facet normal -0.282448 -0.478056 -0.831676
    outer loop
      vertex 29.426 66.8 56.9142
      vertex 29.6118 66.8 56.8511
      vertex 29.9224 64.6 58.0102
    endloop
  endfacet
  facet normal 0.579474 -0.478106 0.660019
    outer loop
      vertex 30.1826 64.6 58.538
      vertex 30.2121 64.6 58.5121
      vertex 31.0607 66.8 59.3607
    endloop
  endfacet
  facet normal 0.7874 -0.47802 -0.389226
    outer loop
      vertex 30.2598 64.6 58.15
      vertex 31.3858 66.8 57.726
      vertex 30.2772 64.6 58.1852
    endloop
  endfacet
  facet normal -0.861417 -0.478076 -0.171477
    outer loop
      vertex 28.5128 66.8 58.1042
      vertex 28.5511 66.8 57.9118
      vertex 29.7026 64.6 58.2608
    endloop
  endfacet
  facet normal -0.0581293 -0.478042 -0.876411
    outer loop
      vertex 29.9608 64.6 58.0026
      vertex 30 66.8 56.8
      vertex 30 64.6 58
    endloop
  endfacet
  facet normal -0.861417 -0.478076 0.171477
    outer loop
      vertex 28.5128 66.8 58.4958
      vertex 29.7026 64.6 58.3392
      vertex 28.5511 66.8 58.6882
    endloop
  endfacet
  facet normal -0.7874 -0.47802 0.389226
    outer loop
      vertex 28.6142 66.8 58.874
      vertex 29.7228 64.6 58.4148
      vertex 29.7402 64.6 58.45
    endloop
  endfacet
  facet normal 0.831895 -0.478076 -0.281771
    outer loop
      vertex 30.2772 64.6 58.1852
      vertex 31.4489 66.8 57.9118
      vertex 30.2898 64.6 58.2224
    endloop
  endfacet
  facet normal -0.17053 -0.478036 0.861627
    outer loop
      vertex 29.6118 66.8 59.7489
      vertex 29.9224 64.6 58.5898
      vertex 29.9608 64.6 58.5974
    endloop
  endfacet
  facet normal 0.730265 -0.478052 -0.488037
    outer loop
      vertex 30.2598 64.6 58.15
      vertex 31.19 66.8 57.3869
      vertex 31.299 66.8 57.55
    endloop
  endfacet
  facet normal 0.730265 -0.478052 0.488037
    outer loop
      vertex 30.2598 64.6 58.45
      vertex 31.299 66.8 59.05
      vertex 31.19 66.8 59.2131
    endloop
  endfacet
  facet normal 0.861417 -0.478076 -0.171477
    outer loop
      vertex 30.2974 64.6 58.2608
      vertex 31.4489 66.8 57.9118
      vertex 31.4872 66.8 58.1042
    endloop
  endfacet
  facet normal 0.282449 -0.478047 0.831681
    outer loop
      vertex 30.1148 64.6 58.5772
      vertex 30.574 66.8 59.6858
      vertex 30.3882 66.8 59.7489
    endloop
  endfacet
  facet normal -0.730122 -0.478062 -0.488241
    outer loop
      vertex 28.81 66.8 57.3869
      vertex 29.762 64.6 58.1174
      vertex 29.7402 64.6 58.15
    endloop
  endfacet
  facet normal -0.488036 -0.478055 0.730263
    outer loop
      vertex 29.0869 66.8 59.49
      vertex 29.8174 64.6 58.538
      vertex 29.25 66.8 59.599
    endloop
  endfacet
  facet normal -0.282449 -0.478047 0.831681
    outer loop
      vertex 29.426 66.8 59.6858
      vertex 29.8852 64.6 58.5772
      vertex 29.6118 66.8 59.7489
    endloop
  endfacet
  facet normal 0.7874 -0.47802 0.389226
    outer loop
      vertex 30.2598 64.6 58.45
      vertex 30.2772 64.6 58.4148
      vertex 31.3858 66.8 58.874
    endloop
  endfacet
  facet normal 0.831681 -0.478047 0.282449
    outer loop
      vertex 30.2772 64.6 58.4148
      vertex 31.4489 66.8 58.6882
      vertex 31.3858 66.8 58.874
    endloop
  endfacet
  facet normal 0.861627 -0.478036 -0.17053
    outer loop
      vertex 30.2898 64.6 58.2224
      vertex 31.4489 66.8 57.9118
      vertex 30.2974 64.6 58.2608
    endloop
  endfacet
  facet normal 0.787739 -0.478054 0.388499
    outer loop
      vertex 30.2598 64.6 58.45
      vertex 31.3858 66.8 58.874
      vertex 31.299 66.8 59.05
    endloop
  endfacet
  facet normal -0.660673 -0.478066 -0.57876
    outer loop
      vertex 28.81 66.8 57.3869
      vertex 28.9393 66.8 57.2393
      vertex 29.762 64.6 58.1174
    endloop
  endfacet
  facet normal -0.171479 -0.478063 -0.861424
    outer loop
      vertex 29.6118 66.8 56.8511
      vertex 29.8042 66.8 56.8128
      vertex 29.9224 64.6 58.0102
    endloop
  endfacet
  facet normal -0.389213 -0.478076 0.787373
    outer loop
      vertex 29.25 66.8 59.599
      vertex 29.85 64.6 58.5598
      vertex 29.8852 64.6 58.5772
    endloop
  endfacet
  facet normal -0.831681 -0.478047 0.282449
    outer loop
      vertex 28.5511 66.8 58.6882
      vertex 29.7228 64.6 58.4148
      vertex 28.6142 66.8 58.874
    endloop
  endfacet
  facet normal 0.57876 -0.478066 -0.660673
    outer loop
      vertex 30.1826 64.6 58.062
      vertex 30.9131 66.8 57.11
      vertex 31.0607 66.8 57.2393
    endloop
  endfacet
  facet normal -0.488246 -0.478045 0.730129
    outer loop
      vertex 29.25 66.8 59.599
      vertex 29.8174 64.6 58.538
      vertex 29.85 64.6 58.5598
    endloop
  endfacet
  facet normal 0.388501 -0.478043 0.787745
    outer loop
      vertex 30.1148 64.6 58.5772
      vertex 30.75 66.8 59.599
      vertex 30.574 66.8 59.6858
    endloop
  endfacet
  facet normal -0.876447 -0.478077 -0.0572958
    outer loop
      vertex 28.5 66.8 58.3
      vertex 28.5128 66.8 58.1042
      vertex 29.7026 64.6 58.2608
    endloop
  endfacet
  facet normal 0.488036 -0.478055 0.730263
    outer loop
      vertex 30.1826 64.6 58.538
      vertex 30.9131 66.8 59.49
      vertex 30.75 66.8 59.599
    endloop
  endfacet
  facet normal 0.660019 -0.478106 -0.579474
    outer loop
      vertex 30.2121 64.6 58.0879
      vertex 31.0607 66.8 57.2393
      vertex 30.238 64.6 58.1174
    endloop
  endfacet
  facet normal 0.660019 -0.478106 0.579474
    outer loop
      vertex 30.2121 64.6 58.5121
      vertex 30.238 64.6 58.4826
      vertex 31.0607 66.8 59.3607
    endloop
  endfacet
  facet normal -0.787739 -0.478054 0.388499
    outer loop
      vertex 28.6142 66.8 58.874
      vertex 29.7402 64.6 58.45
      vertex 28.701 66.8 59.05
    endloop
  endfacet
  facet normal -0.0572958 -0.478077 0.876447
    outer loop
      vertex 29.8042 66.8 59.7872
      vertex 29.9608 64.6 58.5974
      vertex 30 66.8 59.8
    endloop
  endfacet
  facet normal -0.730265 -0.478052 -0.488037
    outer loop
      vertex 28.701 66.8 57.55
      vertex 28.81 66.8 57.3869
      vertex 29.7402 64.6 58.15
    endloop
  endfacet
  facet normal 0.660673 -0.478066 0.57876
    outer loop
      vertex 30.238 64.6 58.4826
      vertex 31.19 66.8 59.2131
      vertex 31.0607 66.8 59.3607
    endloop
  endfacet
  facet normal 0.861417 -0.478076 0.171477
    outer loop
      vertex 30.2974 64.6 58.3392
      vertex 31.4872 66.8 58.4958
      vertex 31.4489 66.8 58.6882
    endloop
  endfacet
  facet normal -0.730265 -0.478052 0.488037
    outer loop
      vertex 28.701 66.8 59.05
      vertex 29.7402 64.6 58.45
      vertex 28.81 66.8 59.2131
    endloop
  endfacet
  facet normal 0.171479 -0.478063 -0.861424
    outer loop
      vertex 30.0776 64.6 58.0102
      vertex 30.1958 66.8 56.8128
      vertex 30.3882 66.8 56.8511
    endloop
  endfacet
  facet normal 0.876447 -0.478077 0.0572958
    outer loop
      vertex 30.2974 64.6 58.3392
      vertex 31.5 66.8 58.3
      vertex 31.4872 66.8 58.4958
    endloop
  endfacet
  facet normal 0.876411 -0.478042 0.0581293
    outer loop
      vertex 30.2974 64.6 58.3392
      vertex 30.3 64.6 58.3
      vertex 31.5 66.8 58.3
    endloop
  endfacet
  facet normal -0.57876 -0.478066 0.660673
    outer loop
      vertex 28.9393 66.8 59.3607
      vertex 29.8174 64.6 58.538
      vertex 29.0869 66.8 59.49
    endloop
  endfacet
  facet normal -0.0572958 -0.478077 -0.876447
    outer loop
      vertex 29.8042 66.8 56.8128
      vertex 30 66.8 56.8
      vertex 29.9608 64.6 58.0026
    endloop
  endfacet
  facet normal -0.831895 -0.478076 -0.281771
    outer loop
      vertex 28.5511 66.8 57.9118
      vertex 29.7228 64.6 58.1852
      vertex 29.7102 64.6 58.2224
    endloop
  endfacet
  facet normal -0.831895 -0.478076 0.281771
    outer loop
      vertex 28.5511 66.8 58.6882
      vertex 29.7102 64.6 58.3776
      vertex 29.7228 64.6 58.4148
    endloop
  endfacet
  facet normal 0.579474 -0.478106 -0.660019
    outer loop
      vertex 30.1826 64.6 58.062
      vertex 31.0607 66.8 57.2393
      vertex 30.2121 64.6 58.0879
    endloop
  endfacet
  facet normal 0.831895 -0.478076 0.281771
    outer loop
      vertex 30.2772 64.6 58.4148
      vertex 30.2898 64.6 58.3776
      vertex 31.4489 66.8 58.6882
    endloop
  endfacet
  facet normal -0.57876 -0.478066 -0.660673
    outer loop
      vertex 28.9393 66.8 57.2393
      vertex 29.0869 66.8 57.11
      vertex 29.8174 64.6 58.062
    endloop
  endfacet
  facet normal -0.170523 -0.478102 -0.861591
    outer loop
      vertex 29.8042 66.8 56.8128
      vertex 29.9608 64.6 58.0026
      vertex 29.9224 64.6 58.0102
    endloop
  endfacet
  facet normal -0.7874 -0.47802 -0.389226
    outer loop
      vertex 28.6142 66.8 57.726
      vertex 29.7402 64.6 58.15
      vertex 29.7228 64.6 58.1852
    endloop
  endfacet
  facet normal -0.861627 -0.478036 0.17053
    outer loop
      vertex 28.5511 66.8 58.6882
      vertex 29.7026 64.6 58.3392
      vertex 29.7102 64.6 58.3776
    endloop
  endfacet
  facet normal 0.831681 -0.478047 -0.282449
    outer loop
      vertex 30.2772 64.6 58.1852
      vertex 31.3858 66.8 57.726
      vertex 31.4489 66.8 57.9118
    endloop
  endfacet
  facet normal 0.0581293 -0.478042 -0.876411
    outer loop
      vertex 30 64.6 58
      vertex 30 66.8 56.8
      vertex 30.0392 64.6 58.0026
    endloop
  endfacet
  facet normal 0.171477 -0.478076 0.861417
    outer loop
      vertex 30.0392 64.6 58.5974
      vertex 30.3882 66.8 59.7489
      vertex 30.1958 66.8 59.7872
    endloop
  endfacet
  facet normal 0.0581293 -0.478042 0.876411
    outer loop
      vertex 30 64.6 58.6
      vertex 30.0392 64.6 58.5974
      vertex 30 66.8 59.8
    endloop
  endfacet
  facet normal -0.787739 -0.478054 -0.388499
    outer loop
      vertex 28.6142 66.8 57.726
      vertex 28.701 66.8 57.55
      vertex 29.7402 64.6 58.15
    endloop
  endfacet
  facet normal 0.281779 -0.478027 -0.83192
    outer loop
      vertex 30.0776 64.6 58.0102
      vertex 30.574 66.8 56.9142
      vertex 30.1148 64.6 58.0228
    endloop
  endfacet
  facet normal -0.876411 -0.478042 0.0581293
    outer loop
      vertex 28.5 66.8 58.3
      vertex 29.7 64.6 58.3
      vertex 29.7026 64.6 58.3392
    endloop
  endfacet
  facet normal -0.388501 -0.478043 0.787745
    outer loop
      vertex 29.25 66.8 59.599
      vertex 29.8852 64.6 58.5772
      vertex 29.426 66.8 59.6858
    endloop
  endfacet
  facet normal 0.861627 -0.478036 0.17053
    outer loop
      vertex 30.2898 64.6 58.3776
      vertex 30.2974 64.6 58.3392
      vertex 31.4489 66.8 58.6882
    endloop
  endfacet
  facet normal 0.0572958 -0.478077 -0.876447
    outer loop
      vertex 30 66.8 56.8
      vertex 30.1958 66.8 56.8128
      vertex 30.0392 64.6 58.0026
    endloop
  endfacet
  facet normal 0.0572958 -0.478077 0.876447
    outer loop
      vertex 30 66.8 59.8
      vertex 30.0392 64.6 58.5974
      vertex 30.1958 66.8 59.7872
    endloop
  endfacet
  facet normal 0.388499 -0.478054 -0.787739
    outer loop
      vertex 30.15 64.6 58.0402
      vertex 30.574 66.8 56.9142
      vertex 30.75 66.8 57.001
    endloop
  endfacet
  facet normal -0.660673 -0.478066 0.57876
    outer loop
      vertex 28.81 66.8 59.2131
      vertex 29.762 64.6 58.4826
      vertex 28.9393 66.8 59.3607
    endloop
  endfacet
  facet normal -0.579474 -0.478106 0.660019
    outer loop
      vertex 28.9393 66.8 59.3607
      vertex 29.7879 64.6 58.5121
      vertex 29.8174 64.6 58.538
    endloop
  endfacet
  facet normal -0.281779 -0.478027 -0.83192
    outer loop
      vertex 29.426 66.8 56.9142
      vertex 29.9224 64.6 58.0102
      vertex 29.8852 64.6 58.0228
    endloop
  endfacet
  facet normal 0.660673 -0.478066 -0.57876
    outer loop
      vertex 30.238 64.6 58.1174
      vertex 31.0607 66.8 57.2393
      vertex 31.19 66.8 57.3869
    endloop
  endfacet
  facet normal 0.389226 -0.47802 -0.7874
    outer loop
      vertex 30.1148 64.6 58.0228
      vertex 30.574 66.8 56.9142
      vertex 30.15 64.6 58.0402
    endloop
  endfacet
  facet normal 0.488037 -0.478052 -0.730265
    outer loop
      vertex 30.15 64.6 58.0402
      vertex 30.75 66.8 57.001
      vertex 30.9131 66.8 57.11
    endloop
  endfacet
  facet normal 0 -1 0
    outer loop
      vertex 29.9608 64.6 58.5974
      vertex 30.0392 64.6 58.5974
      vertex 30 64.6 58.6
    endloop
  endfacet
  facet normal 0 -1 0
    outer loop
      vertex 29.9224 64.6 58.5898
      vertex 30.0392 64.6 58.5974
      vertex 29.9608 64.6 58.5974
    endloop
  endfacet
  facet normal 0 -1 0
    outer loop
      vertex 29.9224 64.6 58.5898
      vertex 30.0776 64.6 58.5898
      vertex 30.0392 64.6 58.5974
    endloop
  endfacet
  facet normal 0 -1 0
    outer loop
      vertex 29.8852 64.6 58.5772
      vertex 30.0776 64.6 58.5898
      vertex 29.9224 64.6 58.5898
    endloop
  endfacet
  facet normal 0 -1 0
    outer loop
      vertex 29.8852 64.6 58.5772
      vertex 30.1148 64.6 58.5772
      vertex 30.0776 64.6 58.5898
    endloop
  endfacet
  facet normal 0 -1 0
    outer loop
      vertex 29.85 64.6 58.5598
      vertex 30.1148 64.6 58.5772
      vertex 29.8852 64.6 58.5772
    endloop
  endfacet
  facet normal 0 -1 0
    outer loop
      vertex 29.85 64.6 58.5598
      vertex 30.15 64.6 58.5598
      vertex 30.1148 64.6 58.5772
    endloop
  endfacet
  facet normal 0 -1 0
    outer loop
      vertex 29.8174 64.6 58.538
      vertex 30.15 64.6 58.5598
      vertex 29.85 64.6 58.5598
    endloop
  endfacet
  facet normal 0 -1 0
    outer loop
      vertex 29.8174 64.6 58.538
      vertex 30.1826 64.6 58.538
      vertex 30.15 64.6 58.5598
    endloop
  endfacet
  facet normal 0 -1 0
    outer loop
      vertex 29.7879 64.6 58.5121
      vertex 30.1826 64.6 58.538
      vertex 29.8174 64.6 58.538
    endloop
  endfacet
  facet normal 0 -1 0
    outer loop
      vertex 29.7879 64.6 58.5121
      vertex 30.2121 64.6 58.5121
      vertex 30.1826 64.6 58.538
    endloop
  endfacet
  facet normal 0 -1 0
    outer loop
      vertex 29.762 64.6 58.4826
      vertex 30.2121 64.6 58.5121
      vertex 29.7879 64.6 58.5121
    endloop
  endfacet
  facet normal 0 -1 0
    outer loop
      vertex 29.762 64.6 58.4826
      vertex 30.238 64.6 58.4826
      vertex 30.2121 64.6 58.5121
    endloop
  endfacet
  facet normal 0 -1 0
    outer loop
      vertex 29.7402 64.6 58.45
      vertex 30.238 64.6 58.4826
      vertex 29.762 64.6 58.4826
    endloop
  endfacet
  facet normal 0 -1 0
    outer loop
      vertex 29.7402 64.6 58.45
      vertex 30.2598 64.6 58.45
      vertex 30.238 64.6 58.4826
    endloop
  endfacet
  facet normal 0 -1 0
    outer loop
      vertex 29.7228 64.6 58.4148
      vertex 30.2598 64.6 58.45
      vertex 29.7402 64.6 58.45
    endloop
  endfacet
  facet normal 0 -1 0
    outer loop
      vertex 29.7228 64.6 58.4148
      vertex 30.2772 64.6 58.4148
      vertex 30.2598 64.6 58.45
    endloop
  endfacet
  facet normal 0 -1 0
    outer loop
      vertex 29.7102 64.6 58.3776
      vertex 30.2772 64.6 58.4148
      vertex 29.7228 64.6 58.4148
    endloop
  endfacet
  facet normal 0 -1 0
    outer loop
      vertex 29.7102 64.6 58.3776
      vertex 30.2898 64.6 58.3776
      vertex 30.2772 64.6 58.4148
    endloop
  endfacet
  facet normal 0 -1 0
    outer loop
      vertex 29.7026 64.6 58.3392
      vertex 30.2898 64.6 58.3776
      vertex 29.7102 64.6 58.3776
    endloop
  endfacet
  facet normal 0 -1 0
    outer loop
      vertex 29.7026 64.6 58.3392
      vertex 30.2974 64.6 58.3392
      vertex 30.2898 64.6 58.3776
    endloop
  endfacet
  facet normal 0 -1 0
    outer loop
      vertex 29.7 64.6 58.3
      vertex 30.2974 64.6 58.3392
      vertex 29.7026 64.6 58.3392
    endloop
  endfacet
  facet normal 0 -1 0
    outer loop
      vertex 29.7 64.6 58.3
      vertex 30.3 64.6 58.3
      vertex 30.2974 64.6 58.3392
    endloop
  endfacet
  facet normal 0 -1 0
    outer loop
      vertex 29.7026 64.6 58.2608
      vertex 30.3 64.6 58.3
      vertex 29.7 64.6 58.3
    endloop
  endfacet
  facet normal 0 -1 0
    outer loop
      vertex 29.7026 64.6 58.2608
      vertex 30.2974 64.6 58.2608
      vertex 30.3 64.6 58.3
    endloop
  endfacet
  facet normal 0 -1 0
    outer loop
      vertex 29.7102 64.6 58.2224
      vertex 30.2974 64.6 58.2608
      vertex 29.7026 64.6 58.2608
    endloop
  endfacet
  facet normal 0 -1 0
    outer loop
      vertex 29.7102 64.6 58.2224
      vertex 30.2898 64.6 58.2224
      vertex 30.2974 64.6 58.2608
    endloop
  endfacet
  facet normal 0 -1 0
    outer loop
      vertex 29.7228 64.6 58.1852
      vertex 30.2898 64.6 58.2224
      vertex 29.7102 64.6 58.2224
    endloop
  endfacet
  facet normal 0 -1 0
    outer loop
      vertex 29.7228 64.6 58.1852
      vertex 30.2772 64.6 58.1852
      vertex 30.2898 64.6 58.2224
    endloop
  endfacet
  facet normal 0 -1 0
    outer loop
      vertex 29.7402 64.6 58.15
      vertex 30.2772 64.6 58.1852
      vertex 29.7228 64.6 58.1852
    endloop
  endfacet
  facet normal 0 -1 0
    outer loop
      vertex 29.7402 64.6 58.15
      vertex 30.2598 64.6 58.15
      vertex 30.2772 64.6 58.1852
    endloop
  endfacet
  facet normal 0 -1 0
    outer loop
      vertex 29.762 64.6 58.1174
      vertex 30.2598 64.6 58.15
      vertex 29.7402 64.6 58.15
    endloop
  endfacet
  facet normal 0 -1 0
    outer loop
      vertex 29.762 64.6 58.1174
      vertex 30.238 64.6 58.1174
      vertex 30.2598 64.6 58.15
    endloop
  endfacet
  facet normal 0 -1 0
    outer loop
      vertex 29.7879 64.6 58.0879
      vertex 30.238 64.6 58.1174
      vertex 29.762 64.6 58.1174
    endloop
  endfacet
  facet normal 0 -1 0
    outer loop
      vertex 29.7879 64.6 58.0879
      vertex 30.2121 64.6 58.0879
      vertex 30.238 64.6 58.1174
    endloop
  endfacet
  facet normal 0 -1 0
    outer loop
      vertex 29.8174 64.6 58.062
      vertex 30.2121 64.6 58.0879
      vertex 29.7879 64.6 58.0879
    endloop
  endfacet
  facet normal 0 -1 0
    outer loop
      vertex 29.8174 64.6 58.062
      vertex 30.1826 64.6 58.062
      vertex 30.2121 64.6 58.0879
    endloop
  endfacet
  facet normal 0 -1 0
    outer loop
      vertex 29.85 64.6 58.0402
      vertex 30.1826 64.6 58.062
      vertex 29.8174 64.6 58.062
    endloop
  endfacet
  facet normal 0 -1 0
    outer loop
      vertex 29.85 64.6 58.0402
      vertex 30.15 64.6 58.0402
      vertex 30.1826 64.6 58.062
    endloop
  endfacet
  facet normal 0 -1 0
    outer loop
      vertex 29.8852 64.6 58.0228
      vertex 30.15 64.6 58.0402
      vertex 29.85 64.6 58.0402
    endloop
  endfacet
  facet normal 0 -1 0
    outer loop
      vertex 29.8852 64.6 58.0228
      vertex 30.1148 64.6 58.0228
      vertex 30.15 64.6 58.0402
    endloop
  endfacet
  facet normal 0 -1 0
    outer loop
      vertex 29.9224 64.6 58.0102
      vertex 30.1148 64.6 58.0228
      vertex 29.8852 64.6 58.0228
    endloop
  endfacet
  facet normal 0 -1 0
    outer loop
      vertex 29.9224 64.6 58.0102
      vertex 30.0776 64.6 58.0102
      vertex 30.1148 64.6 58.0228
    endloop
  endfacet
  facet normal 0 -1 0
    outer loop
      vertex 29.9608 64.6 58.0026
      vertex 30.0776 64.6 58.0102
      vertex 29.9224 64.6 58.0102
    endloop
  endfacet
  facet normal 0 -1 0
    outer loop
      vertex 29.9608 64.6 58.0026
      vertex 30.0392 64.6 58.0026
      vertex 30.0776 64.6 58.0102
    endloop
  endfacet
  facet normal -0 -1 0
    outer loop
      vertex 30.0392 64.6 58.0026
      vertex 29.9608 64.6 58.0026
      vertex 30 64.6 58
    endloop
  endfacet
  facet normal -0.488241 -0.478062 -0.730122
    outer loop
      vertex 29.0869 66.8 57.11
      vertex 29.85 64.6 58.0402
      vertex 29.8174 64.6 58.062
    endloop
  endfacet
  facet normal 0.281771 -0.478076 0.831895
    outer loop
      vertex 30.0776 64.6 58.5898
      vertex 30.1148 64.6 58.5772
      vertex 30.3882 66.8 59.7489
    endloop
  endfacet
  facet normal -0.0581293 -0.478042 0.876411
    outer loop
      vertex 29.9608 64.6 58.5974
      vertex 30 64.6 58.6
      vertex 30 66.8 59.8
    endloop
  endfacet
  facet normal 0.730122 -0.478062 0.488241
    outer loop
      vertex 30.238 64.6 58.4826
      vertex 30.2598 64.6 58.45
      vertex 31.19 66.8 59.2131
    endloop
  endfacet
  facet normal -0.660019 -0.478106 0.579474
    outer loop
      vertex 28.9393 66.8 59.3607
      vertex 29.762 64.6 58.4826
      vertex 29.7879 64.6 58.5121
    endloop
  endfacet
  facet normal -0.660019 -0.478106 -0.579474
    outer loop
      vertex 28.9393 66.8 57.2393
      vertex 29.7879 64.6 58.0879
      vertex 29.762 64.6 58.1174
    endloop
  endfacet
  facet normal -0.488037 -0.478052 -0.730265
    outer loop
      vertex 29.0869 66.8 57.11
      vertex 29.25 66.8 57.001
      vertex 29.85 64.6 58.0402
    endloop
  endfacet
  facet normal -0.389226 -0.47802 -0.7874
    outer loop
      vertex 29.426 66.8 56.9142
      vertex 29.8852 64.6 58.0228
      vertex 29.85 64.6 58.0402
    endloop
  endfacet
  facet normal -0.730122 -0.478062 0.488241
    outer loop
      vertex 28.81 66.8 59.2131
      vertex 29.7402 64.6 58.45
      vertex 29.762 64.6 58.4826
    endloop
  endfacet
  facet normal 0.488241 -0.478062 -0.730122
    outer loop
      vertex 42.15 64.6 58.0402
      vertex 42.9131 66.8 57.11
      vertex 42.1826 64.6 58.062
    endloop
  endfacet
  facet normal -0.831681 -0.478047 -0.282449
    outer loop
      vertex 40.5511 66.8 57.9118
      vertex 40.6142 66.8 57.726
      vertex 41.7228 64.6 58.1852
    endloop
  endfacet
  facet normal 0.876411 -0.478042 -0.0581293
    outer loop
      vertex 42.2974 64.6 58.2608
      vertex 43.5 66.8 58.3
      vertex 42.3 64.6 58.3
    endloop
  endfacet
  facet normal 0.876447 -0.478077 -0.0572958
    outer loop
      vertex 42.2974 64.6 58.2608
      vertex 43.4872 66.8 58.1042
      vertex 43.5 66.8 58.3
    endloop
  endfacet
  facet normal 0.389213 -0.478076 0.787373
    outer loop
      vertex 42.1148 64.6 58.5772
      vertex 42.15 64.6 58.5598
      vertex 42.75 66.8 59.599
    endloop
  endfacet
  facet normal -0.281771 -0.478076 0.831895
    outer loop
      vertex 41.6118 66.8 59.7489
      vertex 41.8852 64.6 58.5772
      vertex 41.9224 64.6 58.5898
    endloop
  endfacet
  facet normal 0.57876 -0.478066 0.660673
    outer loop
      vertex 42.1826 64.6 58.538
      vertex 43.0607 66.8 59.3607
      vertex 42.9131 66.8 59.49
    endloop
  endfacet
  facet normal -0.861627 -0.478036 -0.17053
    outer loop
      vertex 40.5511 66.8 57.9118
      vertex 41.7102 64.6 58.2224
      vertex 41.7026 64.6 58.2608
    endloop
  endfacet
  facet normal 0.730122 -0.478062 -0.488241
    outer loop
      vertex 42.238 64.6 58.1174
      vertex 43.19 66.8 57.3869
      vertex 42.2598 64.6 58.15
    endloop
  endfacet
  facet normal 0.787739 -0.478054 -0.388499
    outer loop
      vertex 42.2598 64.6 58.15
      vertex 43.299 66.8 57.55
      vertex 43.3858 66.8 57.726
    endloop
  endfacet
  facet normal 0.170523 -0.478102 -0.861591
    outer loop
      vertex 42.0392 64.6 58.0026
      vertex 42.1958 66.8 56.8128
      vertex 42.0776 64.6 58.0102
    endloop
  endfacet
  facet normal 0.17053 -0.478036 0.861627
    outer loop
      vertex 42.0392 64.6 58.5974
      vertex 42.0776 64.6 58.5898
      vertex 42.3882 66.8 59.7489
    endloop
  endfacet
  facet normal 0.488246 -0.478045 0.730129
    outer loop
      vertex 42.15 64.6 58.5598
      vertex 42.1826 64.6 58.538
      vertex 42.75 66.8 59.599
    endloop
  endfacet
  facet normal 0.282448 -0.478056 -0.831676
    outer loop
      vertex 42.0776 64.6 58.0102
      vertex 42.3882 66.8 56.8511
      vertex 42.574 66.8 56.9142
    endloop
  endfacet
  facet normal -0.171477 -0.478076 0.861417
    outer loop
      vertex 41.6118 66.8 59.7489
      vertex 41.9608 64.6 58.5974
      vertex 41.8042 66.8 59.7872
    endloop
  endfacet
  facet normal -0.876447 -0.478077 0.0572958
    outer loop
      vertex 40.5 66.8 58.3
      vertex 41.7026 64.6 58.3392
      vertex 40.5128 66.8 58.4958
    endloop
  endfacet
  facet normal -0.579474 -0.478106 -0.660019
    outer loop
      vertex 40.9393 66.8 57.2393
      vertex 41.8174 64.6 58.062
      vertex 41.7879 64.6 58.0879
    endloop
  endfacet
  facet normal -0.388499 -0.478054 -0.787739
    outer loop
      vertex 41.25 66.8 57.001
      vertex 41.426 66.8 56.9142
      vertex 41.85 64.6 58.0402
    endloop
  endfacet
  facet normal -0.876411 -0.478042 -0.0581293
    outer loop
      vertex 40.5 66.8 58.3
      vertex 41.7026 64.6 58.2608
      vertex 41.7 64.6 58.3
    endloop
  endfacet
  facet normal -0.282448 -0.478056 -0.831676
    outer loop
      vertex 41.426 66.8 56.9142
      vertex 41.6118 66.8 56.8511
      vertex 41.9224 64.6 58.0102
    endloop
  endfacet
  facet normal 0.579474 -0.478106 0.660019
    outer loop
      vertex 42.1826 64.6 58.538
      vertex 42.2121 64.6 58.5121
      vertex 43.0607 66.8 59.3607
    endloop
  endfacet
  facet normal 0.7874 -0.47802 -0.389226
    outer loop
      vertex 42.2598 64.6 58.15
      vertex 43.3858 66.8 57.726
      vertex 42.2772 64.6 58.1852
    endloop
  endfacet
  facet normal -0.861417 -0.478076 -0.171477
    outer loop
      vertex 40.5128 66.8 58.1042
      vertex 40.5511 66.8 57.9118
      vertex 41.7026 64.6 58.2608
    endloop
  endfacet
  facet normal -0.0581293 -0.478042 -0.876411
    outer loop
      vertex 41.9608 64.6 58.0026
      vertex 42 66.8 56.8
      vertex 42 64.6 58
    endloop
  endfacet
  facet normal -0.861417 -0.478076 0.171477
    outer loop
      vertex 40.5128 66.8 58.4958
      vertex 41.7026 64.6 58.3392
      vertex 40.5511 66.8 58.6882
    endloop
  endfacet
  facet normal -0.7874 -0.47802 0.389226
    outer loop
      vertex 40.6142 66.8 58.874
      vertex 41.7228 64.6 58.4148
      vertex 41.7402 64.6 58.45
    endloop
  endfacet
  facet normal 0.831895 -0.478076 -0.281771
    outer loop
      vertex 42.2772 64.6 58.1852
      vertex 43.4489 66.8 57.9118
      vertex 42.2898 64.6 58.2224
    endloop
  endfacet
  facet normal -0.17053 -0.478036 0.861627
    outer loop
      vertex 41.6118 66.8 59.7489
      vertex 41.9224 64.6 58.5898
      vertex 41.9608 64.6 58.5974
    endloop
  endfacet
  facet normal 0.730265 -0.478052 -0.488037
    outer loop
      vertex 42.2598 64.6 58.15
      vertex 43.19 66.8 57.3869
      vertex 43.299 66.8 57.55
    endloop
  endfacet
  facet normal 0.730265 -0.478052 0.488037
    outer loop
      vertex 42.2598 64.6 58.45
      vertex 43.299 66.8 59.05
      vertex 43.19 66.8 59.2131
    endloop
  endfacet
  facet normal 0.861417 -0.478076 -0.171477
    outer loop
      vertex 42.2974 64.6 58.2608
      vertex 43.4489 66.8 57.9118
      vertex 43.4872 66.8 58.1042
    endloop
  endfacet
  facet normal 0.282449 -0.478047 0.831681
    outer loop
      vertex 42.1148 64.6 58.5772
      vertex 42.574 66.8 59.6858
      vertex 42.3882 66.8 59.7489
    endloop
  endfacet
  facet normal -0.730122 -0.478062 -0.488241
    outer loop
      vertex 40.81 66.8 57.3869
      vertex 41.762 64.6 58.1174
      vertex 41.7402 64.6 58.15
    endloop
  endfacet
  facet normal -0.488036 -0.478055 0.730263
    outer loop
      vertex 41.0869 66.8 59.49
      vertex 41.8174 64.6 58.538
      vertex 41.25 66.8 59.599
    endloop
  endfacet
  facet normal -0.282449 -0.478047 0.831681
    outer loop
      vertex 41.426 66.8 59.6858
      vertex 41.8852 64.6 58.5772
      vertex 41.6118 66.8 59.7489
    endloop
  endfacet
  facet normal 0.7874 -0.47802 0.389226
    outer loop
      vertex 42.2598 64.6 58.45
      vertex 42.2772 64.6 58.4148
      vertex 43.3858 66.8 58.874
    endloop
  endfacet
  facet normal 0.831681 -0.478047 0.282449
    outer loop
      vertex 42.2772 64.6 58.4148
      vertex 43.4489 66.8 58.6882
      vertex 43.3858 66.8 58.874
    endloop
  endfacet
  facet normal 0.861627 -0.478036 -0.17053
    outer loop
      vertex 42.2898 64.6 58.2224
      vertex 43.4489 66.8 57.9118
      vertex 42.2974 64.6 58.2608
    endloop
  endfacet
  facet normal 0.787739 -0.478054 0.388499
    outer loop
      vertex 42.2598 64.6 58.45
      vertex 43.3858 66.8 58.874
      vertex 43.299 66.8 59.05
    endloop
  endfacet
  facet normal -0.660673 -0.478066 -0.57876
    outer loop
      vertex 40.81 66.8 57.3869
      vertex 40.9393 66.8 57.2393
      vertex 41.762 64.6 58.1174
    endloop
  endfacet
  facet normal -0.171479 -0.478063 -0.861424
    outer loop
      vertex 41.6118 66.8 56.8511
      vertex 41.8042 66.8 56.8128
      vertex 41.9224 64.6 58.0102
    endloop
  endfacet
  facet normal -0.389213 -0.478076 0.787373
    outer loop
      vertex 41.25 66.8 59.599
      vertex 41.85 64.6 58.5598
      vertex 41.8852 64.6 58.5772
    endloop
  endfacet
  facet normal -0.831681 -0.478047 0.282449
    outer loop
      vertex 40.5511 66.8 58.6882
      vertex 41.7228 64.6 58.4148
      vertex 40.6142 66.8 58.874
    endloop
  endfacet
  facet normal 0.57876 -0.478066 -0.660673
    outer loop
      vertex 42.1826 64.6 58.062
      vertex 42.9131 66.8 57.11
      vertex 43.0607 66.8 57.2393
    endloop
  endfacet
  facet normal -0.488246 -0.478045 0.730129
    outer loop
      vertex 41.25 66.8 59.599
      vertex 41.8174 64.6 58.538
      vertex 41.85 64.6 58.5598
    endloop
  endfacet
  facet normal 0 -1 0
    outer loop
      vertex 41.9608 64.6 58.5974
      vertex 42.0392 64.6 58.5974
      vertex 42 64.6 58.6
    endloop
  endfacet
  facet normal 0 -1 0
    outer loop
      vertex 41.9224 64.6 58.5898
      vertex 42.0392 64.6 58.5974
      vertex 41.9608 64.6 58.5974
    endloop
  endfacet
  facet normal 0 -1 0
    outer loop
      vertex 41.9224 64.6 58.5898
      vertex 42.0776 64.6 58.5898
      vertex 42.0392 64.6 58.5974
    endloop
  endfacet
  facet normal 0 -1 0
    outer loop
      vertex 41.8852 64.6 58.5772
      vertex 42.0776 64.6 58.5898
      vertex 41.9224 64.6 58.5898
    endloop
  endfacet
  facet normal 0 -1 0
    outer loop
      vertex 41.8852 64.6 58.5772
      vertex 42.1148 64.6 58.5772
      vertex 42.0776 64.6 58.5898
    endloop
  endfacet
  facet normal 0 -1 0
    outer loop
      vertex 41.85 64.6 58.5598
      vertex 42.1148 64.6 58.5772
      vertex 41.8852 64.6 58.5772
    endloop
  endfacet
  facet normal 0 -1 0
    outer loop
      vertex 41.85 64.6 58.5598
      vertex 42.15 64.6 58.5598
      vertex 42.1148 64.6 58.5772
    endloop
  endfacet
  facet normal 0 -1 0
    outer loop
      vertex 41.8174 64.6 58.538
      vertex 42.15 64.6 58.5598
      vertex 41.85 64.6 58.5598
    endloop
  endfacet
  facet normal 0 -1 0
    outer loop
      vertex 41.8174 64.6 58.538
      vertex 42.1826 64.6 58.538
      vertex 42.15 64.6 58.5598
    endloop
  endfacet
  facet normal 0 -1 0
    outer loop
      vertex 41.7879 64.6 58.5121
      vertex 42.1826 64.6 58.538
      vertex 41.8174 64.6 58.538
    endloop
  endfacet
  facet normal 0 -1 0
    outer loop
      vertex 41.7879 64.6 58.5121
      vertex 42.2121 64.6 58.5121
      vertex 42.1826 64.6 58.538
    endloop
  endfacet
  facet normal 0 -1 0
    outer loop
      vertex 41.762 64.6 58.4826
      vertex 42.2121 64.6 58.5121
      vertex 41.7879 64.6 58.5121
    endloop
  endfacet
  facet normal 0 -1 0
    outer loop
      vertex 41.762 64.6 58.4826
      vertex 42.238 64.6 58.4826
      vertex 42.2121 64.6 58.5121
    endloop
  endfacet
  facet normal 0 -1 0
    outer loop
      vertex 41.7402 64.6 58.45
      vertex 42.238 64.6 58.4826
      vertex 41.762 64.6 58.4826
    endloop
  endfacet
  facet normal 0 -1 0
    outer loop
      vertex 41.7402 64.6 58.45
      vertex 42.2598 64.6 58.45
      vertex 42.238 64.6 58.4826
    endloop
  endfacet
  facet normal 0 -1 0
    outer loop
      vertex 41.7228 64.6 58.4148
      vertex 42.2598 64.6 58.45
      vertex 41.7402 64.6 58.45
    endloop
  endfacet
  facet normal 0 -1 0
    outer loop
      vertex 41.7228 64.6 58.4148
      vertex 42.2772 64.6 58.4148
      vertex 42.2598 64.6 58.45
    endloop
  endfacet
  facet normal 0 -1 0
    outer loop
      vertex 41.7102 64.6 58.3776
      vertex 42.2772 64.6 58.4148
      vertex 41.7228 64.6 58.4148
    endloop
  endfacet
  facet normal 0 -1 0
    outer loop
      vertex 41.7102 64.6 58.3776
      vertex 42.2898 64.6 58.3776
      vertex 42.2772 64.6 58.4148
    endloop
  endfacet
  facet normal 0 -1 0
    outer loop
      vertex 41.7026 64.6 58.3392
      vertex 42.2898 64.6 58.3776
      vertex 41.7102 64.6 58.3776
    endloop
  endfacet
  facet normal 0 -1 0
    outer loop
      vertex 41.7026 64.6 58.3392
      vertex 42.2974 64.6 58.3392
      vertex 42.2898 64.6 58.3776
    endloop
  endfacet
  facet normal 0 -1 0
    outer loop
      vertex 41.7 64.6 58.3
      vertex 42.2974 64.6 58.3392
      vertex 41.7026 64.6 58.3392
    endloop
  endfacet
  facet normal 0 -1 0
    outer loop
      vertex 41.7 64.6 58.3
      vertex 42.3 64.6 58.3
      vertex 42.2974 64.6 58.3392
    endloop
  endfacet
  facet normal 0 -1 0
    outer loop
      vertex 41.7026 64.6 58.2608
      vertex 42.3 64.6 58.3
      vertex 41.7 64.6 58.3
    endloop
  endfacet
  facet normal 0 -1 0
    outer loop
      vertex 41.7026 64.6 58.2608
      vertex 42.2974 64.6 58.2608
      vertex 42.3 64.6 58.3
    endloop
  endfacet
  facet normal 0 -1 0
    outer loop
      vertex 41.7102 64.6 58.2224
      vertex 42.2974 64.6 58.2608
      vertex 41.7026 64.6 58.2608
    endloop
  endfacet
  facet normal 0 -1 0
    outer loop
      vertex 41.7102 64.6 58.2224
      vertex 42.2898 64.6 58.2224
      vertex 42.2974 64.6 58.2608
    endloop
  endfacet
  facet normal 0 -1 0
    outer loop
      vertex 41.7228 64.6 58.1852
      vertex 42.2898 64.6 58.2224
      vertex 41.7102 64.6 58.2224
    endloop
  endfacet
  facet normal 0 -1 0
    outer loop
      vertex 41.7228 64.6 58.1852
      vertex 42.2772 64.6 58.1852
      vertex 42.2898 64.6 58.2224
    endloop
  endfacet
  facet normal 0 -1 0
    outer loop
      vertex 41.7402 64.6 58.15
      vertex 42.2772 64.6 58.1852
      vertex 41.7228 64.6 58.1852
    endloop
  endfacet
  facet normal 0 -1 0
    outer loop
      vertex 41.7402 64.6 58.15
      vertex 42.2598 64.6 58.15
      vertex 42.2772 64.6 58.1852
    endloop
  endfacet
  facet normal 0 -1 0
    outer loop
      vertex 41.762 64.6 58.1174
      vertex 42.2598 64.6 58.15
      vertex 41.7402 64.6 58.15
    endloop
  endfacet
  facet normal 0 -1 0
    outer loop
      vertex 41.762 64.6 58.1174
      vertex 42.238 64.6 58.1174
      vertex 42.2598 64.6 58.15
    endloop
  endfacet
  facet normal 0 -1 0
    outer loop
      vertex 41.7879 64.6 58.0879
      vertex 42.238 64.6 58.1174
      vertex 41.762 64.6 58.1174
    endloop
  endfacet
  facet normal 0 -1 0
    outer loop
      vertex 41.7879 64.6 58.0879
      vertex 42.2121 64.6 58.0879
      vertex 42.238 64.6 58.1174
    endloop
  endfacet
  facet normal 0 -1 0
    outer loop
      vertex 41.8174 64.6 58.062
      vertex 42.2121 64.6 58.0879
      vertex 41.7879 64.6 58.0879
    endloop
  endfacet
  facet normal 0 -1 0
    outer loop
      vertex 41.8174 64.6 58.062
      vertex 42.1826 64.6 58.062
      vertex 42.2121 64.6 58.0879
    endloop
  endfacet
  facet normal 0 -1 0
    outer loop
      vertex 41.85 64.6 58.0402
      vertex 42.1826 64.6 58.062
      vertex 41.8174 64.6 58.062
    endloop
  endfacet
  facet normal 0 -1 0
    outer loop
      vertex 41.85 64.6 58.0402
      vertex 42.15 64.6 58.0402
      vertex 42.1826 64.6 58.062
    endloop
  endfacet
  facet normal 0 -1 0
    outer loop
      vertex 41.8852 64.6 58.0228
      vertex 42.15 64.6 58.0402
      vertex 41.85 64.6 58.0402
    endloop
  endfacet
  facet normal 0 -1 0
    outer loop
      vertex 41.8852 64.6 58.0228
      vertex 42.1148 64.6 58.0228
      vertex 42.15 64.6 58.0402
    endloop
  endfacet
  facet normal 0 -1 0
    outer loop
      vertex 41.9224 64.6 58.0102
      vertex 42.1148 64.6 58.0228
      vertex 41.8852 64.6 58.0228
    endloop
  endfacet
  facet normal 0 -1 0
    outer loop
      vertex 41.9224 64.6 58.0102
      vertex 42.0776 64.6 58.0102
      vertex 42.1148 64.6 58.0228
    endloop
  endfacet
  facet normal 0 -1 0
    outer loop
      vertex 41.9608 64.6 58.0026
      vertex 42.0776 64.6 58.0102
      vertex 41.9224 64.6 58.0102
    endloop
  endfacet
  facet normal 0 -1 0
    outer loop
      vertex 41.9608 64.6 58.0026
      vertex 42.0392 64.6 58.0026
      vertex 42.0776 64.6 58.0102
    endloop
  endfacet
  facet normal -0 -1 0
    outer loop
      vertex 42.0392 64.6 58.0026
      vertex 41.9608 64.6 58.0026
      vertex 42 64.6 58
    endloop
  endfacet
  facet normal 0.388501 -0.478043 0.787745
    outer loop
      vertex 42.1148 64.6 58.5772
      vertex 42.75 66.8 59.599
      vertex 42.574 66.8 59.6858
    endloop
  endfacet
  facet normal -0.876447 -0.478077 -0.0572958
    outer loop
      vertex 40.5 66.8 58.3
      vertex 40.5128 66.8 58.1042
      vertex 41.7026 64.6 58.2608
    endloop
  endfacet
  facet normal 0.488036 -0.478055 0.730263
    outer loop
      vertex 42.1826 64.6 58.538
      vertex 42.9131 66.8 59.49
      vertex 42.75 66.8 59.599
    endloop
  endfacet
  facet normal 0.660019 -0.478106 -0.579474
    outer loop
      vertex 42.2121 64.6 58.0879
      vertex 43.0607 66.8 57.2393
      vertex 42.238 64.6 58.1174
    endloop
  endfacet
  facet normal 0.660019 -0.478106 0.579474
    outer loop
      vertex 42.2121 64.6 58.5121
      vertex 42.238 64.6 58.4826
      vertex 43.0607 66.8 59.3607
    endloop
  endfacet
  facet normal -0.787739 -0.478054 0.388499
    outer loop
      vertex 40.6142 66.8 58.874
      vertex 41.7402 64.6 58.45
      vertex 40.701 66.8 59.05
    endloop
  endfacet
  facet normal -0.0572958 -0.478077 0.876447
    outer loop
      vertex 41.8042 66.8 59.7872
      vertex 41.9608 64.6 58.5974
      vertex 42 66.8 59.8
    endloop
  endfacet
  facet normal -0.730265 -0.478052 -0.488037
    outer loop
      vertex 40.701 66.8 57.55
      vertex 40.81 66.8 57.3869
      vertex 41.7402 64.6 58.15
    endloop
  endfacet
  facet normal 0.660673 -0.478066 0.57876
    outer loop
      vertex 42.238 64.6 58.4826
      vertex 43.19 66.8 59.2131
      vertex 43.0607 66.8 59.3607
    endloop
  endfacet
  facet normal 0.861417 -0.478076 0.171477
    outer loop
      vertex 42.2974 64.6 58.3392
      vertex 43.4872 66.8 58.4958
      vertex 43.4489 66.8 58.6882
    endloop
  endfacet
  facet normal -0.730265 -0.478052 0.488037
    outer loop
      vertex 40.701 66.8 59.05
      vertex 41.7402 64.6 58.45
      vertex 40.81 66.8 59.2131
    endloop
  endfacet
  facet normal 0.171479 -0.478063 -0.861424
    outer loop
      vertex 42.0776 64.6 58.0102
      vertex 42.1958 66.8 56.8128
      vertex 42.3882 66.8 56.8511
    endloop
  endfacet
  facet normal 0.876447 -0.478077 0.0572958
    outer loop
      vertex 42.2974 64.6 58.3392
      vertex 43.5 66.8 58.3
      vertex 43.4872 66.8 58.4958
    endloop
  endfacet
  facet normal 0.876411 -0.478042 0.0581293
    outer loop
      vertex 42.2974 64.6 58.3392
      vertex 42.3 64.6 58.3
      vertex 43.5 66.8 58.3
    endloop
  endfacet
  facet normal -0.57876 -0.478066 0.660673
    outer loop
      vertex 40.9393 66.8 59.3607
      vertex 41.8174 64.6 58.538
      vertex 41.0869 66.8 59.49
    endloop
  endfacet
  facet normal -0.0572958 -0.478077 -0.876447
    outer loop
      vertex 41.8042 66.8 56.8128
      vertex 42 66.8 56.8
      vertex 41.9608 64.6 58.0026
    endloop
  endfacet
  facet normal -0.831895 -0.478076 -0.281771
    outer loop
      vertex 40.5511 66.8 57.9118
      vertex 41.7228 64.6 58.1852
      vertex 41.7102 64.6 58.2224
    endloop
  endfacet
  facet normal -0.831895 -0.478076 0.281771
    outer loop
      vertex 40.5511 66.8 58.6882
      vertex 41.7102 64.6 58.3776
      vertex 41.7228 64.6 58.4148
    endloop
  endfacet
  facet normal 0.579474 -0.478106 -0.660019
    outer loop
      vertex 42.1826 64.6 58.062
      vertex 43.0607 66.8 57.2393
      vertex 42.2121 64.6 58.0879
    endloop
  endfacet
  facet normal 0.831895 -0.478076 0.281771
    outer loop
      vertex 42.2772 64.6 58.4148
      vertex 42.2898 64.6 58.3776
      vertex 43.4489 66.8 58.6882
    endloop
  endfacet
  facet normal -0.57876 -0.478066 -0.660673
    outer loop
      vertex 40.9393 66.8 57.2393
      vertex 41.0869 66.8 57.11
      vertex 41.8174 64.6 58.062
    endloop
  endfacet
  facet normal -0.170523 -0.478102 -0.861591
    outer loop
      vertex 41.8042 66.8 56.8128
      vertex 41.9608 64.6 58.0026
      vertex 41.9224 64.6 58.0102
    endloop
  endfacet
  facet normal -0.7874 -0.47802 -0.389226
    outer loop
      vertex 40.6142 66.8 57.726
      vertex 41.7402 64.6 58.15
      vertex 41.7228 64.6 58.1852
    endloop
  endfacet
  facet normal -0.861627 -0.478036 0.17053
    outer loop
      vertex 40.5511 66.8 58.6882
      vertex 41.7026 64.6 58.3392
      vertex 41.7102 64.6 58.3776
    endloop
  endfacet
  facet normal 0.831681 -0.478047 -0.282449
    outer loop
      vertex 42.2772 64.6 58.1852
      vertex 43.3858 66.8 57.726
      vertex 43.4489 66.8 57.9118
    endloop
  endfacet
  facet normal 0.0581293 -0.478042 -0.876411
    outer loop
      vertex 42 64.6 58
      vertex 42 66.8 56.8
      vertex 42.0392 64.6 58.0026
    endloop
  endfacet
  facet normal 0.171477 -0.478076 0.861417
    outer loop
      vertex 42.0392 64.6 58.5974
      vertex 42.3882 66.8 59.7489
      vertex 42.1958 66.8 59.7872
    endloop
  endfacet
  facet normal 0.0581293 -0.478042 0.876411
    outer loop
      vertex 42 64.6 58.6
      vertex 42.0392 64.6 58.5974
      vertex 42 66.8 59.8
    endloop
  endfacet
  facet normal -0.787739 -0.478054 -0.388499
    outer loop
      vertex 40.6142 66.8 57.726
      vertex 40.701 66.8 57.55
      vertex 41.7402 64.6 58.15
    endloop
  endfacet
  facet normal 0.281779 -0.478027 -0.83192
    outer loop
      vertex 42.0776 64.6 58.0102
      vertex 42.574 66.8 56.9142
      vertex 42.1148 64.6 58.0228
    endloop
  endfacet
  facet normal -0.876411 -0.478042 0.0581293
    outer loop
      vertex 40.5 66.8 58.3
      vertex 41.7 64.6 58.3
      vertex 41.7026 64.6 58.3392
    endloop
  endfacet
  facet normal -0.388501 -0.478043 0.787745
    outer loop
      vertex 41.25 66.8 59.599
      vertex 41.8852 64.6 58.5772
      vertex 41.426 66.8 59.6858
    endloop
  endfacet
  facet normal 0.861627 -0.478036 0.17053
    outer loop
      vertex 42.2898 64.6 58.3776
      vertex 42.2974 64.6 58.3392
      vertex 43.4489 66.8 58.6882
    endloop
  endfacet
  facet normal 0.0572958 -0.478077 -0.876447
    outer loop
      vertex 42 66.8 56.8
      vertex 42.1958 66.8 56.8128
      vertex 42.0392 64.6 58.0026
    endloop
  endfacet
  facet normal 0.0572958 -0.478077 0.876447
    outer loop
      vertex 42 66.8 59.8
      vertex 42.0392 64.6 58.5974
      vertex 42.1958 66.8 59.7872
    endloop
  endfacet
  facet normal 0.388499 -0.478054 -0.787739
    outer loop
      vertex 42.15 64.6 58.0402
      vertex 42.574 66.8 56.9142
      vertex 42.75 66.8 57.001
    endloop
  endfacet
  facet normal -0.660673 -0.478066 0.57876
    outer loop
      vertex 40.81 66.8 59.2131
      vertex 41.762 64.6 58.4826
      vertex 40.9393 66.8 59.3607
    endloop
  endfacet
  facet normal -0.579474 -0.478106 0.660019
    outer loop
      vertex 40.9393 66.8 59.3607
      vertex 41.7879 64.6 58.5121
      vertex 41.8174 64.6 58.538
    endloop
  endfacet
  facet normal -0.281779 -0.478027 -0.83192
    outer loop
      vertex 41.426 66.8 56.9142
      vertex 41.9224 64.6 58.0102
      vertex 41.8852 64.6 58.0228
    endloop
  endfacet
  facet normal 0.660673 -0.478066 -0.57876
    outer loop
      vertex 42.238 64.6 58.1174
      vertex 43.0607 66.8 57.2393
      vertex 43.19 66.8 57.3869
    endloop
  endfacet
  facet normal 0.389226 -0.47802 -0.7874
    outer loop
      vertex 42.1148 64.6 58.0228
      vertex 42.574 66.8 56.9142
      vertex 42.15 64.6 58.0402
    endloop
  endfacet
  facet normal 0.488037 -0.478052 -0.730265
    outer loop
      vertex 42.15 64.6 58.0402
      vertex 42.75 66.8 57.001
      vertex 42.9131 66.8 57.11
    endloop
  endfacet
  facet normal -0.488241 -0.478062 -0.730122
    outer loop
      vertex 41.0869 66.8 57.11
      vertex 41.85 64.6 58.0402
      vertex 41.8174 64.6 58.062
    endloop
  endfacet
  facet normal 0.281771 -0.478076 0.831895
    outer loop
      vertex 42.0776 64.6 58.5898
      vertex 42.1148 64.6 58.5772
      vertex 42.3882 66.8 59.7489
    endloop
  endfacet
  facet normal -0.0581293 -0.478042 0.876411
    outer loop
      vertex 41.9608 64.6 58.5974
      vertex 42 64.6 58.6
      vertex 42 66.8 59.8
    endloop
  endfacet
  facet normal 0.730122 -0.478062 0.488241
    outer loop
      vertex 42.238 64.6 58.4826
      vertex 42.2598 64.6 58.45
      vertex 43.19 66.8 59.2131
    endloop
  endfacet
  facet normal -0.660019 -0.478106 0.579474
    outer loop
      vertex 40.9393 66.8 59.3607
      vertex 41.762 64.6 58.4826
      vertex 41.7879 64.6 58.5121
    endloop
  endfacet
  facet normal -0.660019 -0.478106 -0.579474
    outer loop
      vertex 40.9393 66.8 57.2393
      vertex 41.7879 64.6 58.0879
      vertex 41.762 64.6 58.1174
    endloop
  endfacet
  facet normal -0.488037 -0.478052 -0.730265
    outer loop
      vertex 41.0869 66.8 57.11
      vertex 41.25 66.8 57.001
      vertex 41.85 64.6 58.0402
    endloop
  endfacet
  facet normal -0.389226 -0.47802 -0.7874
    outer loop
      vertex 41.426 66.8 56.9142
      vertex 41.8852 64.6 58.0228
      vertex 41.85 64.6 58.0402
    endloop
  endfacet
  facet normal -0.730122 -0.478062 0.488241
    outer loop
      vertex 40.81 66.8 59.2131
      vertex 41.7402 64.6 58.45
      vertex 41.762 64.6 58.4826
    endloop
  endfacet
  facet normal 0.488241 -0.478062 -0.730122
    outer loop
      vertex 54.15 64.6 58.0402
      vertex 54.9131 66.8 57.11
      vertex 54.1826 64.6 58.062
    endloop
  endfacet
  facet normal -0.831681 -0.478047 -0.282449
    outer loop
      vertex 52.5511 66.8 57.9118
      vertex 52.6142 66.8 57.726
      vertex 53.7228 64.6 58.1852
    endloop
  endfacet
  facet normal 0.876411 -0.478042 -0.0581293
    outer loop
      vertex 54.2974 64.6 58.2608
      vertex 55.5 66.8 58.3
      vertex 54.3 64.6 58.3
    endloop
  endfacet
  facet normal 0.876447 -0.478077 -0.0572958
    outer loop
      vertex 54.2974 64.6 58.2608
      vertex 55.4872 66.8 58.1042
      vertex 55.5 66.8 58.3
    endloop
  endfacet
  facet normal 0.389213 -0.478076 0.787373
    outer loop
      vertex 54.1148 64.6 58.5772
      vertex 54.15 64.6 58.5598
      vertex 54.75 66.8 59.599
    endloop
  endfacet
  facet normal -0.281771 -0.478076 0.831895
    outer loop
      vertex 53.6118 66.8 59.7489
      vertex 53.8852 64.6 58.5772
      vertex 53.9224 64.6 58.5898
    endloop
  endfacet
  facet normal 0.57876 -0.478066 0.660673
    outer loop
      vertex 54.1826 64.6 58.538
      vertex 55.0607 66.8 59.3607
      vertex 54.9131 66.8 59.49
    endloop
  endfacet
  facet normal -0.861627 -0.478036 -0.17053
    outer loop
      vertex 52.5511 66.8 57.9118
      vertex 53.7102 64.6 58.2224
      vertex 53.7026 64.6 58.2608
    endloop
  endfacet
  facet normal 0.730122 -0.478062 -0.488241
    outer loop
      vertex 54.238 64.6 58.1174
      vertex 55.19 66.8 57.3869
      vertex 54.2598 64.6 58.15
    endloop
  endfacet
  facet normal 0.787739 -0.478054 -0.388499
    outer loop
      vertex 54.2598 64.6 58.15
      vertex 55.299 66.8 57.55
      vertex 55.3858 66.8 57.726
    endloop
  endfacet
  facet normal 0.170523 -0.478102 -0.861591
    outer loop
      vertex 54.0392 64.6 58.0026
      vertex 54.1958 66.8 56.8128
      vertex 54.0776 64.6 58.0102
    endloop
  endfacet
  facet normal 0.17053 -0.478036 0.861627
    outer loop
      vertex 54.0392 64.6 58.5974
      vertex 54.0776 64.6 58.5898
      vertex 54.3882 66.8 59.7489
    endloop
  endfacet
  facet normal 0.488246 -0.478045 0.730129
    outer loop
      vertex 54.15 64.6 58.5598
      vertex 54.1826 64.6 58.538
      vertex 54.75 66.8 59.599
    endloop
  endfacet
  facet normal 0.282448 -0.478056 -0.831676
    outer loop
      vertex 54.0776 64.6 58.0102
      vertex 54.3882 66.8 56.8511
      vertex 54.574 66.8 56.9142
    endloop
  endfacet
  facet normal -0.171477 -0.478076 0.861417
    outer loop
      vertex 53.6118 66.8 59.7489
      vertex 53.9608 64.6 58.5974
      vertex 53.8042 66.8 59.7872
    endloop
  endfacet
  facet normal -0.876447 -0.478077 0.0572958
    outer loop
      vertex 52.5 66.8 58.3
      vertex 53.7026 64.6 58.3392
      vertex 52.5128 66.8 58.4958
    endloop
  endfacet
  facet normal -0.579474 -0.478106 -0.660019
    outer loop
      vertex 52.9393 66.8 57.2393
      vertex 53.8174 64.6 58.062
      vertex 53.7879 64.6 58.0879
    endloop
  endfacet
  facet normal -0.388499 -0.478054 -0.787739
    outer loop
      vertex 53.25 66.8 57.001
      vertex 53.426 66.8 56.9142
      vertex 53.85 64.6 58.0402
    endloop
  endfacet
  facet normal -0.876411 -0.478042 -0.0581293
    outer loop
      vertex 52.5 66.8 58.3
      vertex 53.7026 64.6 58.2608
      vertex 53.7 64.6 58.3
    endloop
  endfacet
  facet normal -0.282448 -0.478056 -0.831676
    outer loop
      vertex 53.426 66.8 56.9142
      vertex 53.6118 66.8 56.8511
      vertex 53.9224 64.6 58.0102
    endloop
  endfacet
  facet normal 0.579474 -0.478106 0.660019
    outer loop
      vertex 54.1826 64.6 58.538
      vertex 54.2121 64.6 58.5121
      vertex 55.0607 66.8 59.3607
    endloop
  endfacet
  facet normal 0.7874 -0.47802 -0.389226
    outer loop
      vertex 54.2598 64.6 58.15
      vertex 55.3858 66.8 57.726
      vertex 54.2772 64.6 58.1852
    endloop
  endfacet
  facet normal -0.861417 -0.478076 -0.171477
    outer loop
      vertex 52.5128 66.8 58.1042
      vertex 52.5511 66.8 57.9118
      vertex 53.7026 64.6 58.2608
    endloop
  endfacet
  facet normal -0.0581293 -0.478042 -0.876411
    outer loop
      vertex 53.9608 64.6 58.0026
      vertex 54 66.8 56.8
      vertex 54 64.6 58
    endloop
  endfacet
  facet normal -0.861417 -0.478076 0.171477
    outer loop
      vertex 52.5128 66.8 58.4958
      vertex 53.7026 64.6 58.3392
      vertex 52.5511 66.8 58.6882
    endloop
  endfacet
  facet normal -0.7874 -0.47802 0.389226
    outer loop
      vertex 52.6142 66.8 58.874
      vertex 53.7228 64.6 58.4148
      vertex 53.7402 64.6 58.45
    endloop
  endfacet
  facet normal 0.831895 -0.478076 -0.281771
    outer loop
      vertex 54.2772 64.6 58.1852
      vertex 55.4489 66.8 57.9118
      vertex 54.2898 64.6 58.2224
    endloop
  endfacet
  facet normal -0.17053 -0.478036 0.861627
    outer loop
      vertex 53.6118 66.8 59.7489
      vertex 53.9224 64.6 58.5898
      vertex 53.9608 64.6 58.5974
    endloop
  endfacet
  facet normal 0.730265 -0.478052 -0.488037
    outer loop
      vertex 54.2598 64.6 58.15
      vertex 55.19 66.8 57.3869
      vertex 55.299 66.8 57.55
    endloop
  endfacet
  facet normal 0.730265 -0.478052 0.488037
    outer loop
      vertex 54.2598 64.6 58.45
      vertex 55.299 66.8 59.05
      vertex 55.19 66.8 59.2131
    endloop
  endfacet
  facet normal 0.861417 -0.478076 -0.171477
    outer loop
      vertex 54.2974 64.6 58.2608
      vertex 55.4489 66.8 57.9118
      vertex 55.4872 66.8 58.1042
    endloop
  endfacet
  facet normal 0.282449 -0.478047 0.831681
    outer loop
      vertex 54.1148 64.6 58.5772
      vertex 54.574 66.8 59.6858
      vertex 54.3882 66.8 59.7489
    endloop
  endfacet
  facet normal -0.730122 -0.478062 -0.488241
    outer loop
      vertex 52.81 66.8 57.3869
      vertex 53.762 64.6 58.1174
      vertex 53.7402 64.6 58.15
    endloop
  endfacet
  facet normal -0.488036 -0.478055 0.730263
    outer loop
      vertex 53.0869 66.8 59.49
      vertex 53.8174 64.6 58.538
      vertex 53.25 66.8 59.599
    endloop
  endfacet
  facet normal -0.282449 -0.478047 0.831681
    outer loop
      vertex 53.426 66.8 59.6858
      vertex 53.8852 64.6 58.5772
      vertex 53.6118 66.8 59.7489
    endloop
  endfacet
  facet normal 0.7874 -0.47802 0.389226
    outer loop
      vertex 54.2598 64.6 58.45
      vertex 54.2772 64.6 58.4148
      vertex 55.3858 66.8 58.874
    endloop
  endfacet
  facet normal 0.831681 -0.478047 0.282449
    outer loop
      vertex 54.2772 64.6 58.4148
      vertex 55.4489 66.8 58.6882
      vertex 55.3858 66.8 58.874
    endloop
  endfacet
  facet normal 0.861627 -0.478036 -0.17053
    outer loop
      vertex 54.2898 64.6 58.2224
      vertex 55.4489 66.8 57.9118
      vertex 54.2974 64.6 58.2608
    endloop
  endfacet
  facet normal 0.787739 -0.478054 0.388499
    outer loop
      vertex 54.2598 64.6 58.45
      vertex 55.3858 66.8 58.874
      vertex 55.299 66.8 59.05
    endloop
  endfacet
  facet normal -0.660673 -0.478066 -0.57876
    outer loop
      vertex 52.81 66.8 57.3869
      vertex 52.9393 66.8 57.2393
      vertex 53.762 64.6 58.1174
    endloop
  endfacet
  facet normal -0.171479 -0.478063 -0.861424
    outer loop
      vertex 53.6118 66.8 56.8511
      vertex 53.8042 66.8 56.8128
      vertex 53.9224 64.6 58.0102
    endloop
  endfacet
  facet normal -0.389213 -0.478076 0.787373
    outer loop
      vertex 53.25 66.8 59.599
      vertex 53.85 64.6 58.5598
      vertex 53.8852 64.6 58.5772
    endloop
  endfacet
  facet normal -0.831681 -0.478047 0.282449
    outer loop
      vertex 52.5511 66.8 58.6882
      vertex 53.7228 64.6 58.4148
      vertex 52.6142 66.8 58.874
    endloop
  endfacet
  facet normal 0.57876 -0.478066 -0.660673
    outer loop
      vertex 54.1826 64.6 58.062
      vertex 54.9131 66.8 57.11
      vertex 55.0607 66.8 57.2393
    endloop
  endfacet
  facet normal -0.488246 -0.478045 0.730129
    outer loop
      vertex 53.25 66.8 59.599
      vertex 53.8174 64.6 58.538
      vertex 53.85 64.6 58.5598
    endloop
  endfacet
  facet normal 0.388501 -0.478043 0.787745
    outer loop
      vertex 54.1148 64.6 58.5772
      vertex 54.75 66.8 59.599
      vertex 54.574 66.8 59.6858
    endloop
  endfacet
  facet normal -0.876447 -0.478077 -0.0572958
    outer loop
      vertex 52.5 66.8 58.3
      vertex 52.5128 66.8 58.1042
      vertex 53.7026 64.6 58.2608
    endloop
  endfacet
  facet normal 0.488036 -0.478055 0.730263
    outer loop
      vertex 54.1826 64.6 58.538
      vertex 54.9131 66.8 59.49
      vertex 54.75 66.8 59.599
    endloop
  endfacet
  facet normal 0.660019 -0.478106 -0.579474
    outer loop
      vertex 54.2121 64.6 58.0879
      vertex 55.0607 66.8 57.2393
      vertex 54.238 64.6 58.1174
    endloop
  endfacet
  facet normal 0.660019 -0.478106 0.579474
    outer loop
      vertex 54.2121 64.6 58.5121
      vertex 54.238 64.6 58.4826
      vertex 55.0607 66.8 59.3607
    endloop
  endfacet
  facet normal -0.787739 -0.478054 0.388499
    outer loop
      vertex 52.6142 66.8 58.874
      vertex 53.7402 64.6 58.45
      vertex 52.701 66.8 59.05
    endloop
  endfacet
  facet normal -0.0572958 -0.478077 0.876447
    outer loop
      vertex 53.8042 66.8 59.7872
      vertex 53.9608 64.6 58.5974
      vertex 54 66.8 59.8
    endloop
  endfacet
  facet normal -0.730265 -0.478052 -0.488037
    outer loop
      vertex 52.701 66.8 57.55
      vertex 52.81 66.8 57.3869
      vertex 53.7402 64.6 58.15
    endloop
  endfacet
  facet normal 0.660673 -0.478066 0.57876
    outer loop
      vertex 54.238 64.6 58.4826
      vertex 55.19 66.8 59.2131
      vertex 55.0607 66.8 59.3607
    endloop
  endfacet
  facet normal 0.861417 -0.478076 0.171477
    outer loop
      vertex 54.2974 64.6 58.3392
      vertex 55.4872 66.8 58.4958
      vertex 55.4489 66.8 58.6882
    endloop
  endfacet
  facet normal -0.730265 -0.478052 0.488037
    outer loop
      vertex 52.701 66.8 59.05
      vertex 53.7402 64.6 58.45
      vertex 52.81 66.8 59.2131
    endloop
  endfacet
  facet normal 0.171479 -0.478063 -0.861424
    outer loop
      vertex 54.0776 64.6 58.0102
      vertex 54.1958 66.8 56.8128
      vertex 54.3882 66.8 56.8511
    endloop
  endfacet
  facet normal 0.876447 -0.478077 0.0572958
    outer loop
      vertex 54.2974 64.6 58.3392
      vertex 55.5 66.8 58.3
      vertex 55.4872 66.8 58.4958
    endloop
  endfacet
  facet normal 0.876411 -0.478042 0.0581293
    outer loop
      vertex 54.2974 64.6 58.3392
      vertex 54.3 64.6 58.3
      vertex 55.5 66.8 58.3
    endloop
  endfacet
  facet normal -0.57876 -0.478066 0.660673
    outer loop
      vertex 52.9393 66.8 59.3607
      vertex 53.8174 64.6 58.538
      vertex 53.0869 66.8 59.49
    endloop
  endfacet
  facet normal -0.0572958 -0.478077 -0.876447
    outer loop
      vertex 53.8042 66.8 56.8128
      vertex 54 66.8 56.8
      vertex 53.9608 64.6 58.0026
    endloop
  endfacet
  facet normal -0.831895 -0.478076 -0.281771
    outer loop
      vertex 52.5511 66.8 57.9118
      vertex 53.7228 64.6 58.1852
      vertex 53.7102 64.6 58.2224
    endloop
  endfacet
  facet normal -0.831895 -0.478076 0.281771
    outer loop
      vertex 52.5511 66.8 58.6882
      vertex 53.7102 64.6 58.3776
      vertex 53.7228 64.6 58.4148
    endloop
  endfacet
  facet normal 0.579474 -0.478106 -0.660019
    outer loop
      vertex 54.1826 64.6 58.062
      vertex 55.0607 66.8 57.2393
      vertex 54.2121 64.6 58.0879
    endloop
  endfacet
  facet normal 0.831895 -0.478076 0.281771
    outer loop
      vertex 54.2772 64.6 58.4148
      vertex 54.2898 64.6 58.3776
      vertex 55.4489 66.8 58.6882
    endloop
  endfacet
  facet normal -0.57876 -0.478066 -0.660673
    outer loop
      vertex 52.9393 66.8 57.2393
      vertex 53.0869 66.8 57.11
      vertex 53.8174 64.6 58.062
    endloop
  endfacet
  facet normal -0.170523 -0.478102 -0.861591
    outer loop
      vertex 53.8042 66.8 56.8128
      vertex 53.9608 64.6 58.0026
      vertex 53.9224 64.6 58.0102
    endloop
  endfacet
  facet normal -0.7874 -0.47802 -0.389226
    outer loop
      vertex 52.6142 66.8 57.726
      vertex 53.7402 64.6 58.15
      vertex 53.7228 64.6 58.1852
    endloop
  endfacet
  facet normal -0.861627 -0.478036 0.17053
    outer loop
      vertex 52.5511 66.8 58.6882
      vertex 53.7026 64.6 58.3392
      vertex 53.7102 64.6 58.3776
    endloop
  endfacet
  facet normal 0.831681 -0.478047 -0.282449
    outer loop
      vertex 54.2772 64.6 58.1852
      vertex 55.3858 66.8 57.726
      vertex 55.4489 66.8 57.9118
    endloop
  endfacet
  facet normal 0.0581293 -0.478042 -0.876411
    outer loop
      vertex 54 64.6 58
      vertex 54 66.8 56.8
      vertex 54.0392 64.6 58.0026
    endloop
  endfacet
  facet normal 0.171477 -0.478076 0.861417
    outer loop
      vertex 54.0392 64.6 58.5974
      vertex 54.3882 66.8 59.7489
      vertex 54.1958 66.8 59.7872
    endloop
  endfacet
  facet normal 0.0581293 -0.478042 0.876411
    outer loop
      vertex 54 64.6 58.6
      vertex 54.0392 64.6 58.5974
      vertex 54 66.8 59.8
    endloop
  endfacet
  facet normal -0.787739 -0.478054 -0.388499
    outer loop
      vertex 52.6142 66.8 57.726
      vertex 52.701 66.8 57.55
      vertex 53.7402 64.6 58.15
    endloop
  endfacet
  facet normal 0.281779 -0.478027 -0.83192
    outer loop
      vertex 54.0776 64.6 58.0102
      vertex 54.574 66.8 56.9142
      vertex 54.1148 64.6 58.0228
    endloop
  endfacet
  facet normal -0.876411 -0.478042 0.0581293
    outer loop
      vertex 52.5 66.8 58.3
      vertex 53.7 64.6 58.3
      vertex 53.7026 64.6 58.3392
    endloop
  endfacet
  facet normal -0.388501 -0.478043 0.787745
    outer loop
      vertex 53.25 66.8 59.599
      vertex 53.8852 64.6 58.5772
      vertex 53.426 66.8 59.6858
    endloop
  endfacet
  facet normal 0.861627 -0.478036 0.17053
    outer loop
      vertex 54.2898 64.6 58.3776
      vertex 54.2974 64.6 58.3392
      vertex 55.4489 66.8 58.6882
    endloop
  endfacet
  facet normal 0.0572958 -0.478077 -0.876447
    outer loop
      vertex 54 66.8 56.8
      vertex 54.1958 66.8 56.8128
      vertex 54.0392 64.6 58.0026
    endloop
  endfacet
  facet normal 0.0572958 -0.478077 0.876447
    outer loop
      vertex 54 66.8 59.8
      vertex 54.0392 64.6 58.5974
      vertex 54.1958 66.8 59.7872
    endloop
  endfacet
  facet normal 0.388499 -0.478054 -0.787739
    outer loop
      vertex 54.15 64.6 58.0402
      vertex 54.574 66.8 56.9142
      vertex 54.75 66.8 57.001
    endloop
  endfacet
  facet normal -0.660673 -0.478066 0.57876
    outer loop
      vertex 52.81 66.8 59.2131
      vertex 53.762 64.6 58.4826
      vertex 52.9393 66.8 59.3607
    endloop
  endfacet
  facet normal -0.579474 -0.478106 0.660019
    outer loop
      vertex 52.9393 66.8 59.3607
      vertex 53.7879 64.6 58.5121
      vertex 53.8174 64.6 58.538
    endloop
  endfacet
  facet normal -0.281779 -0.478027 -0.83192
    outer loop
      vertex 53.426 66.8 56.9142
      vertex 53.9224 64.6 58.0102
      vertex 53.8852 64.6 58.0228
    endloop
  endfacet
  facet normal 0.660673 -0.478066 -0.57876
    outer loop
      vertex 54.238 64.6 58.1174
      vertex 55.0607 66.8 57.2393
      vertex 55.19 66.8 57.3869
    endloop
  endfacet
  facet normal 0.389226 -0.47802 -0.7874
    outer loop
      vertex 54.1148 64.6 58.0228
      vertex 54.574 66.8 56.9142
      vertex 54.15 64.6 58.0402
    endloop
  endfacet
  facet normal 0.488037 -0.478052 -0.730265
    outer loop
      vertex 54.15 64.6 58.0402
      vertex 54.75 66.8 57.001
      vertex 54.9131 66.8 57.11
    endloop
  endfacet
  facet normal 0 -1 0
    outer loop
      vertex 53.9608 64.6 58.5974
      vertex 54.0392 64.6 58.5974
      vertex 54 64.6 58.6
    endloop
  endfacet
  facet normal 0 -1 0
    outer loop
      vertex 53.9224 64.6 58.5898
      vertex 54.0392 64.6 58.5974
      vertex 53.9608 64.6 58.5974
    endloop
  endfacet
  facet normal 0 -1 0
    outer loop
      vertex 53.9224 64.6 58.5898
      vertex 54.0776 64.6 58.5898
      vertex 54.0392 64.6 58.5974
    endloop
  endfacet
  facet normal 0 -1 0
    outer loop
      vertex 53.8852 64.6 58.5772
      vertex 54.0776 64.6 58.5898
      vertex 53.9224 64.6 58.5898
    endloop
  endfacet
  facet normal 0 -1 0
    outer loop
      vertex 53.8852 64.6 58.5772
      vertex 54.1148 64.6 58.5772
      vertex 54.0776 64.6 58.5898
    endloop
  endfacet
  facet normal 0 -1 0
    outer loop
      vertex 53.85 64.6 58.5598
      vertex 54.1148 64.6 58.5772
      vertex 53.8852 64.6 58.5772
    endloop
  endfacet
  facet normal 0 -1 0
    outer loop
      vertex 53.85 64.6 58.5598
      vertex 54.15 64.6 58.5598
      vertex 54.1148 64.6 58.5772
    endloop
  endfacet
  facet normal 0 -1 0
    outer loop
      vertex 53.8174 64.6 58.538
      vertex 54.15 64.6 58.5598
      vertex 53.85 64.6 58.5598
    endloop
  endfacet
  facet normal 0 -1 0
    outer loop
      vertex 53.8174 64.6 58.538
      vertex 54.1826 64.6 58.538
      vertex 54.15 64.6 58.5598
    endloop
  endfacet
  facet normal 0 -1 0
    outer loop
      vertex 53.7879 64.6 58.5121
      vertex 54.1826 64.6 58.538
      vertex 53.8174 64.6 58.538
    endloop
  endfacet
  facet normal 0 -1 0
    outer loop
      vertex 53.7879 64.6 58.5121
      vertex 54.2121 64.6 58.5121
      vertex 54.1826 64.6 58.538
    endloop
  endfacet
  facet normal 0 -1 0
    outer loop
      vertex 53.762 64.6 58.4826
      vertex 54.2121 64.6 58.5121
      vertex 53.7879 64.6 58.5121
    endloop
  endfacet
  facet normal 0 -1 0
    outer loop
      vertex 53.762 64.6 58.4826
      vertex 54.238 64.6 58.4826
      vertex 54.2121 64.6 58.5121
    endloop
  endfacet
  facet normal 0 -1 0
    outer loop
      vertex 53.7402 64.6 58.45
      vertex 54.238 64.6 58.4826
      vertex 53.762 64.6 58.4826
    endloop
  endfacet
  facet normal 0 -1 0
    outer loop
      vertex 53.7402 64.6 58.45
      vertex 54.2598 64.6 58.45
      vertex 54.238 64.6 58.4826
    endloop
  endfacet
  facet normal 0 -1 0
    outer loop
      vertex 53.7228 64.6 58.4148
      vertex 54.2598 64.6 58.45
      vertex 53.7402 64.6 58.45
    endloop
  endfacet
  facet normal 0 -1 0
    outer loop
      vertex 53.7228 64.6 58.4148
      vertex 54.2772 64.6 58.4148
      vertex 54.2598 64.6 58.45
    endloop
  endfacet
  facet normal 0 -1 0
    outer loop
      vertex 53.7102 64.6 58.3776
      vertex 54.2772 64.6 58.4148
      vertex 53.7228 64.6 58.4148
    endloop
  endfacet
  facet normal 0 -1 0
    outer loop
      vertex 53.7102 64.6 58.3776
      vertex 54.2898 64.6 58.3776
      vertex 54.2772 64.6 58.4148
    endloop
  endfacet
  facet normal 0 -1 0
    outer loop
      vertex 53.7026 64.6 58.3392
      vertex 54.2898 64.6 58.3776
      vertex 53.7102 64.6 58.3776
    endloop
  endfacet
  facet normal 0 -1 0
    outer loop
      vertex 53.7026 64.6 58.3392
      vertex 54.2974 64.6 58.3392
      vertex 54.2898 64.6 58.3776
    endloop
  endfacet
  facet normal 0 -1 0
    outer loop
      vertex 53.7 64.6 58.3
      vertex 54.2974 64.6 58.3392
      vertex 53.7026 64.6 58.3392
    endloop
  endfacet
  facet normal 0 -1 0
    outer loop
      vertex 53.7 64.6 58.3
      vertex 54.3 64.6 58.3
      vertex 54.2974 64.6 58.3392
    endloop
  endfacet
  facet normal 0 -1 0
    outer loop
      vertex 53.7026 64.6 58.2608
      vertex 54.3 64.6 58.3
      vertex 53.7 64.6 58.3
    endloop
  endfacet
  facet normal 0 -1 0
    outer loop
      vertex 53.7026 64.6 58.2608
      vertex 54.2974 64.6 58.2608
      vertex 54.3 64.6 58.3
    endloop
  endfacet
  facet normal 0 -1 0
    outer loop
      vertex 53.7102 64.6 58.2224
      vertex 54.2974 64.6 58.2608
      vertex 53.7026 64.6 58.2608
    endloop
  endfacet
  facet normal 0 -1 0
    outer loop
      vertex 53.7102 64.6 58.2224
      vertex 54.2898 64.6 58.2224
      vertex 54.2974 64.6 58.2608
    endloop
  endfacet
  facet normal 0 -1 0
    outer loop
      vertex 53.7228 64.6 58.1852
      vertex 54.2898 64.6 58.2224
      vertex 53.7102 64.6 58.2224
    endloop
  endfacet
  facet normal 0 -1 0
    outer loop
      vertex 53.7228 64.6 58.1852
      vertex 54.2772 64.6 58.1852
      vertex 54.2898 64.6 58.2224
    endloop
  endfacet
  facet normal 0 -1 0
    outer loop
      vertex 53.7402 64.6 58.15
      vertex 54.2772 64.6 58.1852
      vertex 53.7228 64.6 58.1852
    endloop
  endfacet
  facet normal 0 -1 0
    outer loop
      vertex 53.7402 64.6 58.15
      vertex 54.2598 64.6 58.15
      vertex 54.2772 64.6 58.1852
    endloop
  endfacet
  facet normal 0 -1 0
    outer loop
      vertex 53.762 64.6 58.1174
      vertex 54.2598 64.6 58.15
      vertex 53.7402 64.6 58.15
    endloop
  endfacet
  facet normal 0 -1 0
    outer loop
      vertex 53.762 64.6 58.1174
      vertex 54.238 64.6 58.1174
      vertex 54.2598 64.6 58.15
    endloop
  endfacet
  facet normal 0 -1 0
    outer loop
      vertex 53.7879 64.6 58.0879
      vertex 54.238 64.6 58.1174
      vertex 53.762 64.6 58.1174
    endloop
  endfacet
  facet normal 0 -1 0
    outer loop
      vertex 53.7879 64.6 58.0879
      vertex 54.2121 64.6 58.0879
      vertex 54.238 64.6 58.1174
    endloop
  endfacet
  facet normal 0 -1 0
    outer loop
      vertex 53.8174 64.6 58.062
      vertex 54.2121 64.6 58.0879
      vertex 53.7879 64.6 58.0879
    endloop
  endfacet
  facet normal 0 -1 0
    outer loop
      vertex 53.8174 64.6 58.062
      vertex 54.1826 64.6 58.062
      vertex 54.2121 64.6 58.0879
    endloop
  endfacet
  facet normal 0 -1 0
    outer loop
      vertex 53.85 64.6 58.0402
      vertex 54.1826 64.6 58.062
      vertex 53.8174 64.6 58.062
    endloop
  endfacet
  facet normal 0 -1 0
    outer loop
      vertex 53.85 64.6 58.0402
      vertex 54.15 64.6 58.0402
      vertex 54.1826 64.6 58.062
    endloop
  endfacet
  facet normal 0 -1 0
    outer loop
      vertex 53.8852 64.6 58.0228
      vertex 54.15 64.6 58.0402
      vertex 53.85 64.6 58.0402
    endloop
  endfacet
  facet normal 0 -1 0
    outer loop
      vertex 53.8852 64.6 58.0228
      vertex 54.1148 64.6 58.0228
      vertex 54.15 64.6 58.0402
    endloop
  endfacet
  facet normal 0 -1 0
    outer loop
      vertex 53.9224 64.6 58.0102
      vertex 54.1148 64.6 58.0228
      vertex 53.8852 64.6 58.0228
    endloop
  endfacet
  facet normal 0 -1 0
    outer loop
      vertex 53.9224 64.6 58.0102
      vertex 54.0776 64.6 58.0102
      vertex 54.1148 64.6 58.0228
    endloop
  endfacet
  facet normal 0 -1 0
    outer loop
      vertex 53.9608 64.6 58.0026
      vertex 54.0776 64.6 58.0102
      vertex 53.9224 64.6 58.0102
    endloop
  endfacet
  facet normal 0 -1 0
    outer loop
      vertex 53.9608 64.6 58.0026
      vertex 54.0392 64.6 58.0026
      vertex 54.0776 64.6 58.0102
    endloop
  endfacet
  facet normal -0 -1 0
    outer loop
      vertex 54.0392 64.6 58.0026
      vertex 53.9608 64.6 58.0026
      vertex 54 64.6 58
    endloop
  endfacet
  facet normal -0.488241 -0.478062 -0.730122
    outer loop
      vertex 53.0869 66.8 57.11
      vertex 53.85 64.6 58.0402
      vertex 53.8174 64.6 58.062
    endloop
  endfacet
  facet normal 0.281771 -0.478076 0.831895
    outer loop
      vertex 54.0776 64.6 58.5898
      vertex 54.1148 64.6 58.5772
      vertex 54.3882 66.8 59.7489
    endloop
  endfacet
  facet normal -0.0581293 -0.478042 0.876411
    outer loop
      vertex 53.9608 64.6 58.5974
      vertex 54 64.6 58.6
      vertex 54 66.8 59.8
    endloop
  endfacet
  facet normal 0.730122 -0.478062 0.488241
    outer loop
      vertex 54.238 64.6 58.4826
      vertex 54.2598 64.6 58.45
      vertex 55.19 66.8 59.2131
    endloop
  endfacet
  facet normal -0.660019 -0.478106 0.579474
    outer loop
      vertex 52.9393 66.8 59.3607
      vertex 53.762 64.6 58.4826
      vertex 53.7879 64.6 58.5121
    endloop
  endfacet
  facet normal -0.660019 -0.478106 -0.579474
    outer loop
      vertex 52.9393 66.8 57.2393
      vertex 53.7879 64.6 58.0879
      vertex 53.762 64.6 58.1174
    endloop
  endfacet
  facet normal -0.488037 -0.478052 -0.730265
    outer loop
      vertex 53.0869 66.8 57.11
      vertex 53.25 66.8 57.001
      vertex 53.85 64.6 58.0402
    endloop
  endfacet
  facet normal -0.389226 -0.47802 -0.7874
    outer loop
      vertex 53.426 66.8 56.9142
      vertex 53.8852 64.6 58.0228
      vertex 53.85 64.6 58.0402
    endloop
  endfacet
  facet normal -0.730122 -0.478062 0.488241
    outer loop
      vertex 52.81 66.8 59.2131
      vertex 53.7402 64.6 58.45
      vertex 53.762 64.6 58.4826
    endloop
  endfacet
  facet normal 0.488241 -0.478062 -0.730122
    outer loop
      vertex 66.15 64.6 58.0402
      vertex 66.9131 66.8 57.11
      vertex 66.1826 64.6 58.062
    endloop
  endfacet
  facet normal -0.831681 -0.478047 -0.282449
    outer loop
      vertex 64.5511 66.8 57.9118
      vertex 64.6142 66.8 57.726
      vertex 65.7228 64.6 58.1852
    endloop
  endfacet
  facet normal 0.876411 -0.478042 -0.0581293
    outer loop
      vertex 66.2974 64.6 58.2608
      vertex 67.5 66.8 58.3
      vertex 66.3 64.6 58.3
    endloop
  endfacet
  facet normal 0.876447 -0.478077 -0.0572958
    outer loop
      vertex 66.2974 64.6 58.2608
      vertex 67.4872 66.8 58.1042
      vertex 67.5 66.8 58.3
    endloop
  endfacet
  facet normal 0.389213 -0.478076 0.787373
    outer loop
      vertex 66.1148 64.6 58.5772
      vertex 66.15 64.6 58.5598
      vertex 66.75 66.8 59.599
    endloop
  endfacet
  facet normal -0.281771 -0.478076 0.831895
    outer loop
      vertex 65.6118 66.8 59.7489
      vertex 65.8852 64.6 58.5772
      vertex 65.9224 64.6 58.5898
    endloop
  endfacet
  facet normal 0.57876 -0.478066 0.660673
    outer loop
      vertex 66.1826 64.6 58.538
      vertex 67.0607 66.8 59.3607
      vertex 66.9131 66.8 59.49
    endloop
  endfacet
  facet normal -0.861627 -0.478036 -0.17053
    outer loop
      vertex 64.5511 66.8 57.9118
      vertex 65.7102 64.6 58.2224
      vertex 65.7026 64.6 58.2608
    endloop
  endfacet
  facet normal 0.730122 -0.478062 -0.488241
    outer loop
      vertex 66.238 64.6 58.1174
      vertex 67.19 66.8 57.3869
      vertex 66.2598 64.6 58.15
    endloop
  endfacet
  facet normal 0.787739 -0.478054 -0.388499
    outer loop
      vertex 66.2598 64.6 58.15
      vertex 67.299 66.8 57.55
      vertex 67.3858 66.8 57.726
    endloop
  endfacet
  facet normal 0.170523 -0.478102 -0.861591
    outer loop
      vertex 66.0392 64.6 58.0026
      vertex 66.1958 66.8 56.8128
      vertex 66.0776 64.6 58.0102
    endloop
  endfacet
  facet normal 0.17053 -0.478036 0.861627
    outer loop
      vertex 66.0392 64.6 58.5974
      vertex 66.0776 64.6 58.5898
      vertex 66.3882 66.8 59.7489
    endloop
  endfacet
  facet normal 0.488246 -0.478045 0.730129
    outer loop
      vertex 66.15 64.6 58.5598
      vertex 66.1826 64.6 58.538
      vertex 66.75 66.8 59.599
    endloop
  endfacet
  facet normal 0.282448 -0.478056 -0.831676
    outer loop
      vertex 66.0776 64.6 58.0102
      vertex 66.3882 66.8 56.8511
      vertex 66.574 66.8 56.9142
    endloop
  endfacet
  facet normal -0.171477 -0.478076 0.861417
    outer loop
      vertex 65.6118 66.8 59.7489
      vertex 65.9608 64.6 58.5974
      vertex 65.8042 66.8 59.7872
    endloop
  endfacet
  facet normal -0.876447 -0.478077 0.0572958
    outer loop
      vertex 64.5 66.8 58.3
      vertex 65.7026 64.6 58.3392
      vertex 64.5128 66.8 58.4958
    endloop
  endfacet
  facet normal -0.579474 -0.478106 -0.660019
    outer loop
      vertex 64.9393 66.8 57.2393
      vertex 65.8174 64.6 58.062
      vertex 65.7879 64.6 58.0879
    endloop
  endfacet
  facet normal -0.388499 -0.478054 -0.787739
    outer loop
      vertex 65.25 66.8 57.001
      vertex 65.426 66.8 56.9142
      vertex 65.85 64.6 58.0402
    endloop
  endfacet
  facet normal -0.876411 -0.478042 -0.0581293
    outer loop
      vertex 64.5 66.8 58.3
      vertex 65.7026 64.6 58.2608
      vertex 65.7 64.6 58.3
    endloop
  endfacet
  facet normal -0.282448 -0.478056 -0.831676
    outer loop
      vertex 65.426 66.8 56.9142
      vertex 65.6118 66.8 56.8511
      vertex 65.9224 64.6 58.0102
    endloop
  endfacet
  facet normal 0.579474 -0.478106 0.660019
    outer loop
      vertex 66.1826 64.6 58.538
      vertex 66.2121 64.6 58.5121
      vertex 67.0607 66.8 59.3607
    endloop
  endfacet
  facet normal 0.7874 -0.47802 -0.389226
    outer loop
      vertex 66.2598 64.6 58.15
      vertex 67.3858 66.8 57.726
      vertex 66.2772 64.6 58.1852
    endloop
  endfacet
  facet normal -0.861417 -0.478076 -0.171477
    outer loop
      vertex 64.5128 66.8 58.1042
      vertex 64.5511 66.8 57.9118
      vertex 65.7026 64.6 58.2608
    endloop
  endfacet
  facet normal -0.0581293 -0.478042 -0.876411
    outer loop
      vertex 65.9608 64.6 58.0026
      vertex 66 66.8 56.8
      vertex 66 64.6 58
    endloop
  endfacet
  facet normal -0.861417 -0.478076 0.171477
    outer loop
      vertex 64.5128 66.8 58.4958
      vertex 65.7026 64.6 58.3392
      vertex 64.5511 66.8 58.6882
    endloop
  endfacet
  facet normal -0.7874 -0.47802 0.389226
    outer loop
      vertex 64.6142 66.8 58.874
      vertex 65.7228 64.6 58.4148
      vertex 65.7402 64.6 58.45
    endloop
  endfacet
  facet normal 0.831895 -0.478076 -0.281771
    outer loop
      vertex 66.2772 64.6 58.1852
      vertex 67.4489 66.8 57.9118
      vertex 66.2898 64.6 58.2224
    endloop
  endfacet
  facet normal -0.17053 -0.478036 0.861627
    outer loop
      vertex 65.6118 66.8 59.7489
      vertex 65.9224 64.6 58.5898
      vertex 65.9608 64.6 58.5974
    endloop
  endfacet
  facet normal 0.730265 -0.478052 -0.488037
    outer loop
      vertex 66.2598 64.6 58.15
      vertex 67.19 66.8 57.3869
      vertex 67.299 66.8 57.55
    endloop
  endfacet
  facet normal 0.730265 -0.478052 0.488037
    outer loop
      vertex 66.2598 64.6 58.45
      vertex 67.299 66.8 59.05
      vertex 67.19 66.8 59.2131
    endloop
  endfacet
  facet normal 0.861417 -0.478076 -0.171477
    outer loop
      vertex 66.2974 64.6 58.2608
      vertex 67.4489 66.8 57.9118
      vertex 67.4872 66.8 58.1042
    endloop
  endfacet
  facet normal 0.282449 -0.478047 0.831681
    outer loop
      vertex 66.1148 64.6 58.5772
      vertex 66.574 66.8 59.6858
      vertex 66.3882 66.8 59.7489
    endloop
  endfacet
  facet normal -0.730122 -0.478062 -0.488241
    outer loop
      vertex 64.81 66.8 57.3869
      vertex 65.762 64.6 58.1174
      vertex 65.7402 64.6 58.15
    endloop
  endfacet
  facet normal -0.488036 -0.478055 0.730263
    outer loop
      vertex 65.0869 66.8 59.49
      vertex 65.8174 64.6 58.538
      vertex 65.25 66.8 59.599
    endloop
  endfacet
  facet normal -0.282449 -0.478047 0.831681
    outer loop
      vertex 65.426 66.8 59.6858
      vertex 65.8852 64.6 58.5772
      vertex 65.6118 66.8 59.7489
    endloop
  endfacet
  facet normal 0.7874 -0.47802 0.389226
    outer loop
      vertex 66.2598 64.6 58.45
      vertex 66.2772 64.6 58.4148
      vertex 67.3858 66.8 58.874
    endloop
  endfacet
  facet normal 0.831681 -0.478047 0.282449
    outer loop
      vertex 66.2772 64.6 58.4148
      vertex 67.4489 66.8 58.6882
      vertex 67.3858 66.8 58.874
    endloop
  endfacet
  facet normal 0.861627 -0.478036 -0.17053
    outer loop
      vertex 66.2898 64.6 58.2224
      vertex 67.4489 66.8 57.9118
      vertex 66.2974 64.6 58.2608
    endloop
  endfacet
  facet normal 0.787739 -0.478054 0.388499
    outer loop
      vertex 66.2598 64.6 58.45
      vertex 67.3858 66.8 58.874
      vertex 67.299 66.8 59.05
    endloop
  endfacet
  facet normal -0.660673 -0.478066 -0.57876
    outer loop
      vertex 64.81 66.8 57.3869
      vertex 64.9393 66.8 57.2393
      vertex 65.762 64.6 58.1174
    endloop
  endfacet
  facet normal -0.171479 -0.478063 -0.861424
    outer loop
      vertex 65.6118 66.8 56.8511
      vertex 65.8042 66.8 56.8128
      vertex 65.9224 64.6 58.0102
    endloop
  endfacet
  facet normal -0.389213 -0.478076 0.787373
    outer loop
      vertex 65.25 66.8 59.599
      vertex 65.85 64.6 58.5598
      vertex 65.8852 64.6 58.5772
    endloop
  endfacet
  facet normal -0.831681 -0.478047 0.282449
    outer loop
      vertex 64.5511 66.8 58.6882
      vertex 65.7228 64.6 58.4148
      vertex 64.6142 66.8 58.874
    endloop
  endfacet
  facet normal 0.57876 -0.478066 -0.660673
    outer loop
      vertex 66.1826 64.6 58.062
      vertex 66.9131 66.8 57.11
      vertex 67.0607 66.8 57.2393
    endloop
  endfacet
  facet normal -0.488246 -0.478045 0.730129
    outer loop
      vertex 65.25 66.8 59.599
      vertex 65.8174 64.6 58.538
      vertex 65.85 64.6 58.5598
    endloop
  endfacet
  facet normal 0.388501 -0.478043 0.787745
    outer loop
      vertex 66.1148 64.6 58.5772
      vertex 66.75 66.8 59.599
      vertex 66.574 66.8 59.6858
    endloop
  endfacet
  facet normal -0.876447 -0.478077 -0.0572958
    outer loop
      vertex 64.5 66.8 58.3
      vertex 64.5128 66.8 58.1042
      vertex 65.7026 64.6 58.2608
    endloop
  endfacet
  facet normal 0.488036 -0.478055 0.730263
    outer loop
      vertex 66.1826 64.6 58.538
      vertex 66.9131 66.8 59.49
      vertex 66.75 66.8 59.599
    endloop
  endfacet
  facet normal 0.660019 -0.478106 -0.579474
    outer loop
      vertex 66.2121 64.6 58.0879
      vertex 67.0607 66.8 57.2393
      vertex 66.238 64.6 58.1174
    endloop
  endfacet
  facet normal 0.660019 -0.478106 0.579474
    outer loop
      vertex 66.2121 64.6 58.5121
      vertex 66.238 64.6 58.4826
      vertex 67.0607 66.8 59.3607
    endloop
  endfacet
  facet normal -0.787739 -0.478054 0.388499
    outer loop
      vertex 64.6142 66.8 58.874
      vertex 65.7402 64.6 58.45
      vertex 64.701 66.8 59.05
    endloop
  endfacet
  facet normal -0.0572958 -0.478077 0.876447
    outer loop
      vertex 65.8042 66.8 59.7872
      vertex 65.9608 64.6 58.5974
      vertex 66 66.8 59.8
    endloop
  endfacet
  facet normal -0.730265 -0.478052 -0.488037
    outer loop
      vertex 64.701 66.8 57.55
      vertex 64.81 66.8 57.3869
      vertex 65.7402 64.6 58.15
    endloop
  endfacet
  facet normal 0.660673 -0.478066 0.57876
    outer loop
      vertex 66.238 64.6 58.4826
      vertex 67.19 66.8 59.2131
      vertex 67.0607 66.8 59.3607
    endloop
  endfacet
  facet normal 0.861417 -0.478076 0.171477
    outer loop
      vertex 66.2974 64.6 58.3392
      vertex 67.4872 66.8 58.4958
      vertex 67.4489 66.8 58.6882
    endloop
  endfacet
  facet normal -0.730265 -0.478052 0.488037
    outer loop
      vertex 64.701 66.8 59.05
      vertex 65.7402 64.6 58.45
      vertex 64.81 66.8 59.2131
    endloop
  endfacet
  facet normal 0.171479 -0.478063 -0.861424
    outer loop
      vertex 66.0776 64.6 58.0102
      vertex 66.1958 66.8 56.8128
      vertex 66.3882 66.8 56.8511
    endloop
  endfacet
  facet normal 0.876447 -0.478077 0.0572958
    outer loop
      vertex 66.2974 64.6 58.3392
      vertex 67.5 66.8 58.3
      vertex 67.4872 66.8 58.4958
    endloop
  endfacet
  facet normal 0.876411 -0.478042 0.0581293
    outer loop
      vertex 66.2974 64.6 58.3392
      vertex 66.3 64.6 58.3
      vertex 67.5 66.8 58.3
    endloop
  endfacet
  facet normal -0.57876 -0.478066 0.660673
    outer loop
      vertex 64.9393 66.8 59.3607
      vertex 65.8174 64.6 58.538
      vertex 65.0869 66.8 59.49
    endloop
  endfacet
  facet normal -0.0572958 -0.478077 -0.876447
    outer loop
      vertex 65.8042 66.8 56.8128
      vertex 66 66.8 56.8
      vertex 65.9608 64.6 58.0026
    endloop
  endfacet
  facet normal -0.831895 -0.478076 -0.281771
    outer loop
      vertex 64.5511 66.8 57.9118
      vertex 65.7228 64.6 58.1852
      vertex 65.7102 64.6 58.2224
    endloop
  endfacet
  facet normal -0.831895 -0.478076 0.281771
    outer loop
      vertex 64.5511 66.8 58.6882
      vertex 65.7102 64.6 58.3776
      vertex 65.7228 64.6 58.4148
    endloop
  endfacet
  facet normal 0.579474 -0.478106 -0.660019
    outer loop
      vertex 66.1826 64.6 58.062
      vertex 67.0607 66.8 57.2393
      vertex 66.2121 64.6 58.0879
    endloop
  endfacet
  facet normal 0.831895 -0.478076 0.281771
    outer loop
      vertex 66.2772 64.6 58.4148
      vertex 66.2898 64.6 58.3776
      vertex 67.4489 66.8 58.6882
    endloop
  endfacet
  facet normal -0.57876 -0.478066 -0.660673
    outer loop
      vertex 64.9393 66.8 57.2393
      vertex 65.0869 66.8 57.11
      vertex 65.8174 64.6 58.062
    endloop
  endfacet
  facet normal -0.170523 -0.478102 -0.861591
    outer loop
      vertex 65.8042 66.8 56.8128
      vertex 65.9608 64.6 58.0026
      vertex 65.9224 64.6 58.0102
    endloop
  endfacet
  facet normal -0.7874 -0.47802 -0.389226
    outer loop
      vertex 64.6142 66.8 57.726
      vertex 65.7402 64.6 58.15
      vertex 65.7228 64.6 58.1852
    endloop
  endfacet
  facet normal -0.861627 -0.478036 0.17053
    outer loop
      vertex 64.5511 66.8 58.6882
      vertex 65.7026 64.6 58.3392
      vertex 65.7102 64.6 58.3776
    endloop
  endfacet
  facet normal 0.831681 -0.478047 -0.282449
    outer loop
      vertex 66.2772 64.6 58.1852
      vertex 67.3858 66.8 57.726
      vertex 67.4489 66.8 57.9118
    endloop
  endfacet
  facet normal 0.0581293 -0.478042 -0.876411
    outer loop
      vertex 66 64.6 58
      vertex 66 66.8 56.8
      vertex 66.0392 64.6 58.0026
    endloop
  endfacet
  facet normal 0.171477 -0.478076 0.861417
    outer loop
      vertex 66.0392 64.6 58.5974
      vertex 66.3882 66.8 59.7489
      vertex 66.1958 66.8 59.7872
    endloop
  endfacet
  facet normal 0.0581293 -0.478042 0.876411
    outer loop
      vertex 66 64.6 58.6
      vertex 66.0392 64.6 58.5974
      vertex 66 66.8 59.8
    endloop
  endfacet
  facet normal -0.787739 -0.478054 -0.388499
    outer loop
      vertex 64.6142 66.8 57.726
      vertex 64.701 66.8 57.55
      vertex 65.7402 64.6 58.15
    endloop
  endfacet
  facet normal 0.281779 -0.478027 -0.83192
    outer loop
      vertex 66.0776 64.6 58.0102
      vertex 66.574 66.8 56.9142
      vertex 66.1148 64.6 58.0228
    endloop
  endfacet
  facet normal -0.876411 -0.478042 0.0581293
    outer loop
      vertex 64.5 66.8 58.3
      vertex 65.7 64.6 58.3
      vertex 65.7026 64.6 58.3392
    endloop
  endfacet
  facet normal -0.388501 -0.478043 0.787745
    outer loop
      vertex 65.25 66.8 59.599
      vertex 65.8852 64.6 58.5772
      vertex 65.426 66.8 59.6858
    endloop
  endfacet
  facet normal 0.861627 -0.478036 0.17053
    outer loop
      vertex 66.2898 64.6 58.3776
      vertex 66.2974 64.6 58.3392
      vertex 67.4489 66.8 58.6882
    endloop
  endfacet
  facet normal 0.0572958 -0.478077 -0.876447
    outer loop
      vertex 66 66.8 56.8
      vertex 66.1958 66.8 56.8128
      vertex 66.0392 64.6 58.0026
    endloop
  endfacet
  facet normal 0.0572958 -0.478077 0.876447
    outer loop
      vertex 66 66.8 59.8
      vertex 66.0392 64.6 58.5974
      vertex 66.1958 66.8 59.7872
    endloop
  endfacet
  facet normal 0.388499 -0.478054 -0.787739
    outer loop
      vertex 66.15 64.6 58.0402
      vertex 66.574 66.8 56.9142
      vertex 66.75 66.8 57.001
    endloop
  endfacet
  facet normal -0.660673 -0.478066 0.57876
    outer loop
      vertex 64.81 66.8 59.2131
      vertex 65.762 64.6 58.4826
      vertex 64.9393 66.8 59.3607
    endloop
  endfacet
  facet normal -0.579474 -0.478106 0.660019
    outer loop
      vertex 64.9393 66.8 59.3607
      vertex 65.7879 64.6 58.5121
      vertex 65.8174 64.6 58.538
    endloop
  endfacet
  facet normal -0.281779 -0.478027 -0.83192
    outer loop
      vertex 65.426 66.8 56.9142
      vertex 65.9224 64.6 58.0102
      vertex 65.8852 64.6 58.0228
    endloop
  endfacet
  facet normal 0.660673 -0.478066 -0.57876
    outer loop
      vertex 66.238 64.6 58.1174
      vertex 67.0607 66.8 57.2393
      vertex 67.19 66.8 57.3869
    endloop
  endfacet
  facet normal 0.389226 -0.47802 -0.7874
    outer loop
      vertex 66.1148 64.6 58.0228
      vertex 66.574 66.8 56.9142
      vertex 66.15 64.6 58.0402
    endloop
  endfacet
  facet normal 0.488037 -0.478052 -0.730265
    outer loop
      vertex 66.15 64.6 58.0402
      vertex 66.75 66.8 57.001
      vertex 66.9131 66.8 57.11
    endloop
  endfacet
  facet normal 0 -1 0
    outer loop
      vertex 65.9608 64.6 58.5974
      vertex 66.0392 64.6 58.5974
      vertex 66 64.6 58.6
    endloop
  endfacet
  facet normal 0 -1 0
    outer loop
      vertex 65.9224 64.6 58.5898
      vertex 66.0392 64.6 58.5974
      vertex 65.9608 64.6 58.5974
    endloop
  endfacet
  facet normal 0 -1 0
    outer loop
      vertex 65.9224 64.6 58.5898
      vertex 66.0776 64.6 58.5898
      vertex 66.0392 64.6 58.5974
    endloop
  endfacet
  facet normal 0 -1 0
    outer loop
      vertex 65.8852 64.6 58.5772
      vertex 66.0776 64.6 58.5898
      vertex 65.9224 64.6 58.5898
    endloop
  endfacet
  facet normal 0 -1 0
    outer loop
      vertex 65.8852 64.6 58.5772
      vertex 66.1148 64.6 58.5772
      vertex 66.0776 64.6 58.5898
    endloop
  endfacet
  facet normal 0 -1 0
    outer loop
      vertex 65.85 64.6 58.5598
      vertex 66.1148 64.6 58.5772
      vertex 65.8852 64.6 58.5772
    endloop
  endfacet
  facet normal 0 -1 0
    outer loop
      vertex 65.85 64.6 58.5598
      vertex 66.15 64.6 58.5598
      vertex 66.1148 64.6 58.5772
    endloop
  endfacet
  facet normal 0 -1 0
    outer loop
      vertex 65.8174 64.6 58.538
      vertex 66.15 64.6 58.5598
      vertex 65.85 64.6 58.5598
    endloop
  endfacet
  facet normal 0 -1 0
    outer loop
      vertex 65.8174 64.6 58.538
      vertex 66.1826 64.6 58.538
      vertex 66.15 64.6 58.5598
    endloop
  endfacet
  facet normal 0 -1 0
    outer loop
      vertex 65.7879 64.6 58.5121
      vertex 66.1826 64.6 58.538
      vertex 65.8174 64.6 58.538
    endloop
  endfacet
  facet normal 0 -1 0
    outer loop
      vertex 65.7879 64.6 58.5121
      vertex 66.2121 64.6 58.5121
      vertex 66.1826 64.6 58.538
    endloop
  endfacet
  facet normal 0 -1 0
    outer loop
      vertex 65.762 64.6 58.4826
      vertex 66.2121 64.6 58.5121
      vertex 65.7879 64.6 58.5121
    endloop
  endfacet
  facet normal 0 -1 0
    outer loop
      vertex 65.762 64.6 58.4826
      vertex 66.238 64.6 58.4826
      vertex 66.2121 64.6 58.5121
    endloop
  endfacet
  facet normal 0 -1 0
    outer loop
      vertex 65.7402 64.6 58.45
      vertex 66.238 64.6 58.4826
      vertex 65.762 64.6 58.4826
    endloop
  endfacet
  facet normal 0 -1 0
    outer loop
      vertex 65.7402 64.6 58.45
      vertex 66.2598 64.6 58.45
      vertex 66.238 64.6 58.4826
    endloop
  endfacet
  facet normal 0 -1 0
    outer loop
      vertex 65.7228 64.6 58.4148
      vertex 66.2598 64.6 58.45
      vertex 65.7402 64.6 58.45
    endloop
  endfacet
  facet normal 0 -1 0
    outer loop
      vertex 65.7228 64.6 58.4148
      vertex 66.2772 64.6 58.4148
      vertex 66.2598 64.6 58.45
    endloop
  endfacet
  facet normal 0 -1 0
    outer loop
      vertex 65.7102 64.6 58.3776
      vertex 66.2772 64.6 58.4148
      vertex 65.7228 64.6 58.4148
    endloop
  endfacet
  facet normal 0 -1 0
    outer loop
      vertex 65.7102 64.6 58.3776
      vertex 66.2898 64.6 58.3776
      vertex 66.2772 64.6 58.4148
    endloop
  endfacet
  facet normal 0 -1 0
    outer loop
      vertex 65.7026 64.6 58.3392
      vertex 66.2898 64.6 58.3776
      vertex 65.7102 64.6 58.3776
    endloop
  endfacet
  facet normal 0 -1 0
    outer loop
      vertex 65.7026 64.6 58.3392
      vertex 66.2974 64.6 58.3392
      vertex 66.2898 64.6 58.3776
    endloop
  endfacet
  facet normal 0 -1 0
    outer loop
      vertex 65.7 64.6 58.3
      vertex 66.2974 64.6 58.3392
      vertex 65.7026 64.6 58.3392
    endloop
  endfacet
  facet normal 0 -1 0
    outer loop
      vertex 65.7 64.6 58.3
      vertex 66.3 64.6 58.3
      vertex 66.2974 64.6 58.3392
    endloop
  endfacet
  facet normal 0 -1 0
    outer loop
      vertex 65.7026 64.6 58.2608
      vertex 66.3 64.6 58.3
      vertex 65.7 64.6 58.3
    endloop
  endfacet
  facet normal 0 -1 0
    outer loop
      vertex 65.7026 64.6 58.2608
      vertex 66.2974 64.6 58.2608
      vertex 66.3 64.6 58.3
    endloop
  endfacet
  facet normal 0 -1 0
    outer loop
      vertex 65.7102 64.6 58.2224
      vertex 66.2974 64.6 58.2608
      vertex 65.7026 64.6 58.2608
    endloop
  endfacet
  facet normal 0 -1 0
    outer loop
      vertex 65.7102 64.6 58.2224
      vertex 66.2898 64.6 58.2224
      vertex 66.2974 64.6 58.2608
    endloop
  endfacet
  facet normal 0 -1 0
    outer loop
      vertex 65.7228 64.6 58.1852
      vertex 66.2898 64.6 58.2224
      vertex 65.7102 64.6 58.2224
    endloop
  endfacet
  facet normal 0 -1 0
    outer loop
      vertex 65.7228 64.6 58.1852
      vertex 66.2772 64.6 58.1852
      vertex 66.2898 64.6 58.2224
    endloop
  endfacet
  facet normal 0 -1 0
    outer loop
      vertex 65.7402 64.6 58.15
      vertex 66.2772 64.6 58.1852
      vertex 65.7228 64.6 58.1852
    endloop
  endfacet
  facet normal 0 -1 0
    outer loop
      vertex 65.7402 64.6 58.15
      vertex 66.2598 64.6 58.15
      vertex 66.2772 64.6 58.1852
    endloop
  endfacet
  facet normal 0 -1 0
    outer loop
      vertex 65.762 64.6 58.1174
      vertex 66.2598 64.6 58.15
      vertex 65.7402 64.6 58.15
    endloop
  endfacet
  facet normal 0 -1 0
    outer loop
      vertex 65.762 64.6 58.1174
      vertex 66.238 64.6 58.1174
      vertex 66.2598 64.6 58.15
    endloop
  endfacet
  facet normal 0 -1 0
    outer loop
      vertex 65.7879 64.6 58.0879
      vertex 66.238 64.6 58.1174
      vertex 65.762 64.6 58.1174
    endloop
  endfacet
  facet normal 0 -1 0
    outer loop
      vertex 65.7879 64.6 58.0879
      vertex 66.2121 64.6 58.0879
      vertex 66.238 64.6 58.1174
    endloop
  endfacet
  facet normal 0 -1 0
    outer loop
      vertex 65.8174 64.6 58.062
      vertex 66.2121 64.6 58.0879
      vertex 65.7879 64.6 58.0879
    endloop
  endfacet
  facet normal 0 -1 0
    outer loop
      vertex 65.8174 64.6 58.062
      vertex 66.1826 64.6 58.062
      vertex 66.2121 64.6 58.0879
    endloop
  endfacet
  facet normal 0 -1 0
    outer loop
      vertex 65.85 64.6 58.0402
      vertex 66.1826 64.6 58.062
      vertex 65.8174 64.6 58.062
    endloop
  endfacet
  facet normal 0 -1 0
    outer loop
      vertex 65.85 64.6 58.0402
      vertex 66.15 64.6 58.0402
      vertex 66.1826 64.6 58.062
    endloop
  endfacet
  facet normal 0 -1 0
    outer loop
      vertex 65.8852 64.6 58.0228
      vertex 66.15 64.6 58.0402
      vertex 65.85 64.6 58.0402
    endloop
  endfacet
  facet normal 0 -1 0
    outer loop
      vertex 65.8852 64.6 58.0228
      vertex 66.1148 64.6 58.0228
      vertex 66.15 64.6 58.0402
    endloop
  endfacet
  facet normal 0 -1 0
    outer loop
      vertex 65.9224 64.6 58.0102
      vertex 66.1148 64.6 58.0228
      vertex 65.8852 64.6 58.0228
    endloop
  endfacet
  facet normal 0 -1 0
    outer loop
      vertex 65.9224 64.6 58.0102
      vertex 66.0776 64.6 58.0102
      vertex 66.1148 64.6 58.0228
    endloop
  endfacet
  facet normal 0 -1 0
    outer loop
      vertex 65.9608 64.6 58.0026
      vertex 66.0776 64.6 58.0102
      vertex 65.9224 64.6 58.0102
    endloop
  endfacet
  facet normal 0 -1 0
    outer loop
      vertex 65.9608 64.6 58.0026
      vertex 66.0392 64.6 58.0026
      vertex 66.0776 64.6 58.0102
    endloop
  endfacet
  facet normal -0 -1 0
    outer loop
      vertex 66.0392 64.6 58.0026
      vertex 65.9608 64.6 58.0026
      vertex 66 64.6 58
    endloop
  endfacet
  facet normal -0.488241 -0.478062 -0.730122
    outer loop
      vertex 65.0869 66.8 57.11
      vertex 65.85 64.6 58.0402
      vertex 65.8174 64.6 58.062
    endloop
  endfacet
  facet normal 0.281771 -0.478076 0.831895
    outer loop
      vertex 66.0776 64.6 58.5898
      vertex 66.1148 64.6 58.5772
      vertex 66.3882 66.8 59.7489
    endloop
  endfacet
  facet normal -0.0581293 -0.478042 0.876411
    outer loop
      vertex 65.9608 64.6 58.5974
      vertex 66 64.6 58.6
      vertex 66 66.8 59.8
    endloop
  endfacet
  facet normal 0.730122 -0.478062 0.488241
    outer loop
      vertex 66.238 64.6 58.4826
      vertex 66.2598 64.6 58.45
      vertex 67.19 66.8 59.2131
    endloop
  endfacet
  facet normal -0.660019 -0.478106 0.579474
    outer loop
      vertex 64.9393 66.8 59.3607
      vertex 65.762 64.6 58.4826
      vertex 65.7879 64.6 58.5121
    endloop
  endfacet
  facet normal -0.660019 -0.478106 -0.579474
    outer loop
      vertex 64.9393 66.8 57.2393
      vertex 65.7879 64.6 58.0879
      vertex 65.762 64.6 58.1174
    endloop
  endfacet
  facet normal -0.488037 -0.478052 -0.730265
    outer loop
      vertex 65.0869 66.8 57.11
      vertex 65.25 66.8 57.001
      vertex 65.85 64.6 58.0402
    endloop
  endfacet
  facet normal -0.389226 -0.47802 -0.7874
    outer loop
      vertex 65.426 66.8 56.9142
      vertex 65.8852 64.6 58.0228
      vertex 65.85 64.6 58.0402
    endloop
  endfacet
  facet normal -0.730122 -0.478062 0.488241
    outer loop
      vertex 64.81 66.8 59.2131
      vertex 65.7402 64.6 58.45
      vertex 65.762 64.6 58.4826
    endloop
  endfacet
  facet normal 0.488241 -0.478062 -0.730122
    outer loop
      vertex 78.15 64.6 58.0402
      vertex 78.9131 66.8 57.11
      vertex 78.1826 64.6 58.062
    endloop
  endfacet
  facet normal -0.831681 -0.478047 -0.282449
    outer loop
      vertex 76.5511 66.8 57.9118
      vertex 76.6142 66.8 57.726
      vertex 77.7228 64.6 58.1852
    endloop
  endfacet
  facet normal 0.876411 -0.478042 -0.0581293
    outer loop
      vertex 78.2974 64.6 58.2608
      vertex 79.5 66.8 58.3
      vertex 78.3 64.6 58.3
    endloop
  endfacet
  facet normal 0.876447 -0.478077 -0.0572958
    outer loop
      vertex 78.2974 64.6 58.2608
      vertex 79.4872 66.8 58.1042
      vertex 79.5 66.8 58.3
    endloop
  endfacet
  facet normal 0.389213 -0.478076 0.787373
    outer loop
      vertex 78.1148 64.6 58.5772
      vertex 78.15 64.6 58.5598
      vertex 78.75 66.8 59.599
    endloop
  endfacet
  facet normal -0.281771 -0.478076 0.831895
    outer loop
      vertex 77.6118 66.8 59.7489
      vertex 77.8852 64.6 58.5772
      vertex 77.9224 64.6 58.5898
    endloop
  endfacet
  facet normal 0.57876 -0.478066 0.660673
    outer loop
      vertex 78.1826 64.6 58.538
      vertex 79.0607 66.8 59.3607
      vertex 78.9131 66.8 59.49
    endloop
  endfacet
  facet normal -0.861627 -0.478036 -0.17053
    outer loop
      vertex 76.5511 66.8 57.9118
      vertex 77.7102 64.6 58.2224
      vertex 77.7026 64.6 58.2608
    endloop
  endfacet
  facet normal 0.730122 -0.478062 -0.488241
    outer loop
      vertex 78.238 64.6 58.1174
      vertex 79.19 66.8 57.3869
      vertex 78.2598 64.6 58.15
    endloop
  endfacet
  facet normal 0.787739 -0.478054 -0.388499
    outer loop
      vertex 78.2598 64.6 58.15
      vertex 79.299 66.8 57.55
      vertex 79.3858 66.8 57.726
    endloop
  endfacet
  facet normal 0.170523 -0.478102 -0.861591
    outer loop
      vertex 78.0392 64.6 58.0026
      vertex 78.1958 66.8 56.8128
      vertex 78.0776 64.6 58.0102
    endloop
  endfacet
  facet normal 0.17053 -0.478036 0.861627
    outer loop
      vertex 78.0392 64.6 58.5974
      vertex 78.0776 64.6 58.5898
      vertex 78.3882 66.8 59.7489
    endloop
  endfacet
  facet normal 0.488246 -0.478045 0.730129
    outer loop
      vertex 78.15 64.6 58.5598
      vertex 78.1826 64.6 58.538
      vertex 78.75 66.8 59.599
    endloop
  endfacet
  facet normal 0.282448 -0.478056 -0.831676
    outer loop
      vertex 78.0776 64.6 58.0102
      vertex 78.3882 66.8 56.8511
      vertex 78.574 66.8 56.9142
    endloop
  endfacet
  facet normal -0.171477 -0.478076 0.861417
    outer loop
      vertex 77.6118 66.8 59.7489
      vertex 77.9608 64.6 58.5974
      vertex 77.8042 66.8 59.7872
    endloop
  endfacet
  facet normal -0.876447 -0.478077 0.0572958
    outer loop
      vertex 76.5 66.8 58.3
      vertex 77.7026 64.6 58.3392
      vertex 76.5128 66.8 58.4958
    endloop
  endfacet
  facet normal -0.579474 -0.478106 -0.660019
    outer loop
      vertex 76.9393 66.8 57.2393
      vertex 77.8174 64.6 58.062
      vertex 77.7879 64.6 58.0879
    endloop
  endfacet
  facet normal -0.388499 -0.478054 -0.787739
    outer loop
      vertex 77.25 66.8 57.001
      vertex 77.426 66.8 56.9142
      vertex 77.85 64.6 58.0402
    endloop
  endfacet
  facet normal -0.876411 -0.478042 -0.0581293
    outer loop
      vertex 76.5 66.8 58.3
      vertex 77.7026 64.6 58.2608
      vertex 77.7 64.6 58.3
    endloop
  endfacet
  facet normal -0.282448 -0.478056 -0.831676
    outer loop
      vertex 77.426 66.8 56.9142
      vertex 77.6118 66.8 56.8511
      vertex 77.9224 64.6 58.0102
    endloop
  endfacet
  facet normal 0.579474 -0.478106 0.660019
    outer loop
      vertex 78.1826 64.6 58.538
      vertex 78.2121 64.6 58.5121
      vertex 79.0607 66.8 59.3607
    endloop
  endfacet
  facet normal 0.7874 -0.47802 -0.389226
    outer loop
      vertex 78.2598 64.6 58.15
      vertex 79.3858 66.8 57.726
      vertex 78.2772 64.6 58.1852
    endloop
  endfacet
  facet normal -0.861417 -0.478076 -0.171477
    outer loop
      vertex 76.5128 66.8 58.1042
      vertex 76.5511 66.8 57.9118
      vertex 77.7026 64.6 58.2608
    endloop
  endfacet
  facet normal -0.0581293 -0.478042 -0.876411
    outer loop
      vertex 77.9608 64.6 58.0026
      vertex 78 66.8 56.8
      vertex 78 64.6 58
    endloop
  endfacet
  facet normal -0.861417 -0.478076 0.171477
    outer loop
      vertex 76.5128 66.8 58.4958
      vertex 77.7026 64.6 58.3392
      vertex 76.5511 66.8 58.6882
    endloop
  endfacet
  facet normal -0.7874 -0.47802 0.389226
    outer loop
      vertex 76.6142 66.8 58.874
      vertex 77.7228 64.6 58.4148
      vertex 77.7402 64.6 58.45
    endloop
  endfacet
  facet normal 0.831895 -0.478076 -0.281771
    outer loop
      vertex 78.2772 64.6 58.1852
      vertex 79.4489 66.8 57.9118
      vertex 78.2898 64.6 58.2224
    endloop
  endfacet
  facet normal -0.17053 -0.478036 0.861627
    outer loop
      vertex 77.6118 66.8 59.7489
      vertex 77.9224 64.6 58.5898
      vertex 77.9608 64.6 58.5974
    endloop
  endfacet
  facet normal 0.730265 -0.478052 -0.488037
    outer loop
      vertex 78.2598 64.6 58.15
      vertex 79.19 66.8 57.3869
      vertex 79.299 66.8 57.55
    endloop
  endfacet
  facet normal 0.730265 -0.478052 0.488037
    outer loop
      vertex 78.2598 64.6 58.45
      vertex 79.299 66.8 59.05
      vertex 79.19 66.8 59.2131
    endloop
  endfacet
  facet normal 0.861417 -0.478076 -0.171477
    outer loop
      vertex 78.2974 64.6 58.2608
      vertex 79.4489 66.8 57.9118
      vertex 79.4872 66.8 58.1042
    endloop
  endfacet
  facet normal 0.282449 -0.478047 0.831681
    outer loop
      vertex 78.1148 64.6 58.5772
      vertex 78.574 66.8 59.6858
      vertex 78.3882 66.8 59.7489
    endloop
  endfacet
  facet normal -0.730122 -0.478062 -0.488241
    outer loop
      vertex 76.81 66.8 57.3869
      vertex 77.762 64.6 58.1174
      vertex 77.7402 64.6 58.15
    endloop
  endfacet
  facet normal -0.488036 -0.478055 0.730263
    outer loop
      vertex 77.0869 66.8 59.49
      vertex 77.8174 64.6 58.538
      vertex 77.25 66.8 59.599
    endloop
  endfacet
  facet normal -0.282449 -0.478047 0.831681
    outer loop
      vertex 77.426 66.8 59.6858
      vertex 77.8852 64.6 58.5772
      vertex 77.6118 66.8 59.7489
    endloop
  endfacet
  facet normal 0.7874 -0.47802 0.389226
    outer loop
      vertex 78.2598 64.6 58.45
      vertex 78.2772 64.6 58.4148
      vertex 79.3858 66.8 58.874
    endloop
  endfacet
  facet normal 0.831681 -0.478047 0.282449
    outer loop
      vertex 78.2772 64.6 58.4148
      vertex 79.4489 66.8 58.6882
      vertex 79.3858 66.8 58.874
    endloop
  endfacet
  facet normal 0.861627 -0.478036 -0.17053
    outer loop
      vertex 78.2898 64.6 58.2224
      vertex 79.4489 66.8 57.9118
      vertex 78.2974 64.6 58.2608
    endloop
  endfacet
  facet normal 0.787739 -0.478054 0.388499
    outer loop
      vertex 78.2598 64.6 58.45
      vertex 79.3858 66.8 58.874
      vertex 79.299 66.8 59.05
    endloop
  endfacet
  facet normal -0.660673 -0.478066 -0.57876
    outer loop
      vertex 76.81 66.8 57.3869
      vertex 76.9393 66.8 57.2393
      vertex 77.762 64.6 58.1174
    endloop
  endfacet
  facet normal -0.171479 -0.478063 -0.861424
    outer loop
      vertex 77.6118 66.8 56.8511
      vertex 77.8042 66.8 56.8128
      vertex 77.9224 64.6 58.0102
    endloop
  endfacet
  facet normal -0.389213 -0.478076 0.787373
    outer loop
      vertex 77.25 66.8 59.599
      vertex 77.85 64.6 58.5598
      vertex 77.8852 64.6 58.5772
    endloop
  endfacet
  facet normal -0.831681 -0.478047 0.282449
    outer loop
      vertex 76.5511 66.8 58.6882
      vertex 77.7228 64.6 58.4148
      vertex 76.6142 66.8 58.874
    endloop
  endfacet
  facet normal 0.57876 -0.478066 -0.660673
    outer loop
      vertex 78.1826 64.6 58.062
      vertex 78.9131 66.8 57.11
      vertex 79.0607 66.8 57.2393
    endloop
  endfacet
  facet normal -0.488246 -0.478045 0.730129
    outer loop
      vertex 77.25 66.8 59.599
      vertex 77.8174 64.6 58.538
      vertex 77.85 64.6 58.5598
    endloop
  endfacet
  facet normal 0.388501 -0.478043 0.787745
    outer loop
      vertex 78.1148 64.6 58.5772
      vertex 78.75 66.8 59.599
      vertex 78.574 66.8 59.6858
    endloop
  endfacet
  facet normal -0.876447 -0.478077 -0.0572958
    outer loop
      vertex 76.5 66.8 58.3
      vertex 76.5128 66.8 58.1042
      vertex 77.7026 64.6 58.2608
    endloop
  endfacet
  facet normal 0.488036 -0.478055 0.730263
    outer loop
      vertex 78.1826 64.6 58.538
      vertex 78.9131 66.8 59.49
      vertex 78.75 66.8 59.599
    endloop
  endfacet
  facet normal 0.660019 -0.478106 -0.579474
    outer loop
      vertex 78.2121 64.6 58.0879
      vertex 79.0607 66.8 57.2393
      vertex 78.238 64.6 58.1174
    endloop
  endfacet
  facet normal 0.660019 -0.478106 0.579474
    outer loop
      vertex 78.2121 64.6 58.5121
      vertex 78.238 64.6 58.4826
      vertex 79.0607 66.8 59.3607
    endloop
  endfacet
  facet normal -0.787739 -0.478054 0.388499
    outer loop
      vertex 76.6142 66.8 58.874
      vertex 77.7402 64.6 58.45
      vertex 76.701 66.8 59.05
    endloop
  endfacet
  facet normal -0.0572958 -0.478077 0.876447
    outer loop
      vertex 77.8042 66.8 59.7872
      vertex 77.9608 64.6 58.5974
      vertex 78 66.8 59.8
    endloop
  endfacet
  facet normal -0.730265 -0.478052 -0.488037
    outer loop
      vertex 76.701 66.8 57.55
      vertex 76.81 66.8 57.3869
      vertex 77.7402 64.6 58.15
    endloop
  endfacet
  facet normal 0.660673 -0.478066 0.57876
    outer loop
      vertex 78.238 64.6 58.4826
      vertex 79.19 66.8 59.2131
      vertex 79.0607 66.8 59.3607
    endloop
  endfacet
  facet normal 0.861417 -0.478076 0.171477
    outer loop
      vertex 78.2974 64.6 58.3392
      vertex 79.4872 66.8 58.4958
      vertex 79.4489 66.8 58.6882
    endloop
  endfacet
  facet normal -0.730265 -0.478052 0.488037
    outer loop
      vertex 76.701 66.8 59.05
      vertex 77.7402 64.6 58.45
      vertex 76.81 66.8 59.2131
    endloop
  endfacet
  facet normal 0.171479 -0.478063 -0.861424
    outer loop
      vertex 78.0776 64.6 58.0102
      vertex 78.1958 66.8 56.8128
      vertex 78.3882 66.8 56.8511
    endloop
  endfacet
  facet normal 0.876447 -0.478077 0.0572958
    outer loop
      vertex 78.2974 64.6 58.3392
      vertex 79.5 66.8 58.3
      vertex 79.4872 66.8 58.4958
    endloop
  endfacet
  facet normal 0.876411 -0.478042 0.0581293
    outer loop
      vertex 78.2974 64.6 58.3392
      vertex 78.3 64.6 58.3
      vertex 79.5 66.8 58.3
    endloop
  endfacet
  facet normal -0.57876 -0.478066 0.660673
    outer loop
      vertex 76.9393 66.8 59.3607
      vertex 77.8174 64.6 58.538
      vertex 77.0869 66.8 59.49
    endloop
  endfacet
  facet normal -0.0572958 -0.478077 -0.876447
    outer loop
      vertex 77.8042 66.8 56.8128
      vertex 78 66.8 56.8
      vertex 77.9608 64.6 58.0026
    endloop
  endfacet
  facet normal -0.831895 -0.478076 -0.281771
    outer loop
      vertex 76.5511 66.8 57.9118
      vertex 77.7228 64.6 58.1852
      vertex 77.7102 64.6 58.2224
    endloop
  endfacet
  facet normal -0.831895 -0.478076 0.281771
    outer loop
      vertex 76.5511 66.8 58.6882
      vertex 77.7102 64.6 58.3776
      vertex 77.7228 64.6 58.4148
    endloop
  endfacet
  facet normal 0.579474 -0.478106 -0.660019
    outer loop
      vertex 78.1826 64.6 58.062
      vertex 79.0607 66.8 57.2393
      vertex 78.2121 64.6 58.0879
    endloop
  endfacet
  facet normal 0.831895 -0.478076 0.281771
    outer loop
      vertex 78.2772 64.6 58.4148
      vertex 78.2898 64.6 58.3776
      vertex 79.4489 66.8 58.6882
    endloop
  endfacet
  facet normal -0.57876 -0.478066 -0.660673
    outer loop
      vertex 76.9393 66.8 57.2393
      vertex 77.0869 66.8 57.11
      vertex 77.8174 64.6 58.062
    endloop
  endfacet
  facet normal -0.170523 -0.478102 -0.861591
    outer loop
      vertex 77.8042 66.8 56.8128
      vertex 77.9608 64.6 58.0026
      vertex 77.9224 64.6 58.0102
    endloop
  endfacet
  facet normal -0.7874 -0.47802 -0.389226
    outer loop
      vertex 76.6142 66.8 57.726
      vertex 77.7402 64.6 58.15
      vertex 77.7228 64.6 58.1852
    endloop
  endfacet
  facet normal -0.861627 -0.478036 0.17053
    outer loop
      vertex 76.5511 66.8 58.6882
      vertex 77.7026 64.6 58.3392
      vertex 77.7102 64.6 58.3776
    endloop
  endfacet
  facet normal 0.831681 -0.478047 -0.282449
    outer loop
      vertex 78.2772 64.6 58.1852
      vertex 79.3858 66.8 57.726
      vertex 79.4489 66.8 57.9118
    endloop
  endfacet
  facet normal 0.0581293 -0.478042 -0.876411
    outer loop
      vertex 78 64.6 58
      vertex 78 66.8 56.8
      vertex 78.0392 64.6 58.0026
    endloop
  endfacet
  facet normal 0.171477 -0.478076 0.861417
    outer loop
      vertex 78.0392 64.6 58.5974
      vertex 78.3882 66.8 59.7489
      vertex 78.1958 66.8 59.7872
    endloop
  endfacet
  facet normal 0.0581293 -0.478042 0.876411
    outer loop
      vertex 78 64.6 58.6
      vertex 78.0392 64.6 58.5974
      vertex 78 66.8 59.8
    endloop
  endfacet
  facet normal -0.787739 -0.478054 -0.388499
    outer loop
      vertex 76.6142 66.8 57.726
      vertex 76.701 66.8 57.55
      vertex 77.7402 64.6 58.15
    endloop
  endfacet
  facet normal 0.281779 -0.478027 -0.83192
    outer loop
      vertex 78.0776 64.6 58.0102
      vertex 78.574 66.8 56.9142
      vertex 78.1148 64.6 58.0228
    endloop
  endfacet
  facet normal -0.876411 -0.478042 0.0581293
    outer loop
      vertex 76.5 66.8 58.3
      vertex 77.7 64.6 58.3
      vertex 77.7026 64.6 58.3392
    endloop
  endfacet
  facet normal -0.388501 -0.478043 0.787745
    outer loop
      vertex 77.25 66.8 59.599
      vertex 77.8852 64.6 58.5772
      vertex 77.426 66.8 59.6858
    endloop
  endfacet
  facet normal 0.861627 -0.478036 0.17053
    outer loop
      vertex 78.2898 64.6 58.3776
      vertex 78.2974 64.6 58.3392
      vertex 79.4489 66.8 58.6882
    endloop
  endfacet
  facet normal 0.0572958 -0.478077 -0.876447
    outer loop
      vertex 78 66.8 56.8
      vertex 78.1958 66.8 56.8128
      vertex 78.0392 64.6 58.0026
    endloop
  endfacet
  facet normal 0.0572958 -0.478077 0.876447
    outer loop
      vertex 78 66.8 59.8
      vertex 78.0392 64.6 58.5974
      vertex 78.1958 66.8 59.7872
    endloop
  endfacet
  facet normal 0.388499 -0.478054 -0.787739
    outer loop
      vertex 78.15 64.6 58.0402
      vertex 78.574 66.8 56.9142
      vertex 78.75 66.8 57.001
    endloop
  endfacet
  facet normal -0.660673 -0.478066 0.57876
    outer loop
      vertex 76.81 66.8 59.2131
      vertex 77.762 64.6 58.4826
      vertex 76.9393 66.8 59.3607
    endloop
  endfacet
  facet normal -0.579474 -0.478106 0.660019
    outer loop
      vertex 76.9393 66.8 59.3607
      vertex 77.7879 64.6 58.5121
      vertex 77.8174 64.6 58.538
    endloop
  endfacet
  facet normal -0.281779 -0.478027 -0.83192
    outer loop
      vertex 77.426 66.8 56.9142
      vertex 77.9224 64.6 58.0102
      vertex 77.8852 64.6 58.0228
    endloop
  endfacet
  facet normal 0.660673 -0.478066 -0.57876
    outer loop
      vertex 78.238 64.6 58.1174
      vertex 79.0607 66.8 57.2393
      vertex 79.19 66.8 57.3869
    endloop
  endfacet
  facet normal 0.389226 -0.47802 -0.7874
    outer loop
      vertex 78.1148 64.6 58.0228
      vertex 78.574 66.8 56.9142
      vertex 78.15 64.6 58.0402
    endloop
  endfacet
  facet normal 0.488037 -0.478052 -0.730265
    outer loop
      vertex 78.15 64.6 58.0402
      vertex 78.75 66.8 57.001
      vertex 78.9131 66.8 57.11
    endloop
  endfacet
  facet normal 0 -1 0
    outer loop
      vertex 77.9608 64.6 58.5974
      vertex 78.0392 64.6 58.5974
      vertex 78 64.6 58.6
    endloop
  endfacet
  facet normal 0 -1 0
    outer loop
      vertex 77.9224 64.6 58.5898
      vertex 78.0392 64.6 58.5974
      vertex 77.9608 64.6 58.5974
    endloop
  endfacet
  facet normal 0 -1 0
    outer loop
      vertex 77.9224 64.6 58.5898
      vertex 78.0776 64.6 58.5898
      vertex 78.0392 64.6 58.5974
    endloop
  endfacet
  facet normal 0 -1 0
    outer loop
      vertex 77.8852 64.6 58.5772
      vertex 78.0776 64.6 58.5898
      vertex 77.9224 64.6 58.5898
    endloop
  endfacet
  facet normal 0 -1 0
    outer loop
      vertex 77.8852 64.6 58.5772
      vertex 78.1148 64.6 58.5772
      vertex 78.0776 64.6 58.5898
    endloop
  endfacet
  facet normal 0 -1 0
    outer loop
      vertex 77.85 64.6 58.5598
      vertex 78.1148 64.6 58.5772
      vertex 77.8852 64.6 58.5772
    endloop
  endfacet
  facet normal 0 -1 0
    outer loop
      vertex 77.85 64.6 58.5598
      vertex 78.15 64.6 58.5598
      vertex 78.1148 64.6 58.5772
    endloop
  endfacet
  facet normal 0 -1 0
    outer loop
      vertex 77.8174 64.6 58.538
      vertex 78.15 64.6 58.5598
      vertex 77.85 64.6 58.5598
    endloop
  endfacet
  facet normal 0 -1 0
    outer loop
      vertex 77.8174 64.6 58.538
      vertex 78.1826 64.6 58.538
      vertex 78.15 64.6 58.5598
    endloop
  endfacet
  facet normal 0 -1 0
    outer loop
      vertex 77.7879 64.6 58.5121
      vertex 78.1826 64.6 58.538
      vertex 77.8174 64.6 58.538
    endloop
  endfacet
  facet normal 0 -1 0
    outer loop
      vertex 77.7879 64.6 58.5121
      vertex 78.2121 64.6 58.5121
      vertex 78.1826 64.6 58.538
    endloop
  endfacet
  facet normal 0 -1 0
    outer loop
      vertex 77.762 64.6 58.4826
      vertex 78.2121 64.6 58.5121
      vertex 77.7879 64.6 58.5121
    endloop
  endfacet
  facet normal 0 -1 0
    outer loop
      vertex 77.762 64.6 58.4826
      vertex 78.238 64.6 58.4826
      vertex 78.2121 64.6 58.5121
    endloop
  endfacet
  facet normal 0 -1 0
    outer loop
      vertex 77.7402 64.6 58.45
      vertex 78.238 64.6 58.4826
      vertex 77.762 64.6 58.4826
    endloop
  endfacet
  facet normal 0 -1 0
    outer loop
      vertex 77.7402 64.6 58.45
      vertex 78.2598 64.6 58.45
      vertex 78.238 64.6 58.4826
    endloop
  endfacet
  facet normal 0 -1 0
    outer loop
      vertex 77.7228 64.6 58.4148
      vertex 78.2598 64.6 58.45
      vertex 77.7402 64.6 58.45
    endloop
  endfacet
  facet normal 0 -1 0
    outer loop
      vertex 77.7228 64.6 58.4148
      vertex 78.2772 64.6 58.4148
      vertex 78.2598 64.6 58.45
    endloop
  endfacet
  facet normal 0 -1 0
    outer loop
      vertex 77.7102 64.6 58.3776
      vertex 78.2772 64.6 58.4148
      vertex 77.7228 64.6 58.4148
    endloop
  endfacet
  facet normal 0 -1 0
    outer loop
      vertex 77.7102 64.6 58.3776
      vertex 78.2898 64.6 58.3776
      vertex 78.2772 64.6 58.4148
    endloop
  endfacet
  facet normal 0 -1 0
    outer loop
      vertex 77.7026 64.6 58.3392
      vertex 78.2898 64.6 58.3776
      vertex 77.7102 64.6 58.3776
    endloop
  endfacet
  facet normal 0 -1 0
    outer loop
      vertex 77.7026 64.6 58.3392
      vertex 78.2974 64.6 58.3392
      vertex 78.2898 64.6 58.3776
    endloop
  endfacet
  facet normal 0 -1 0
    outer loop
      vertex 77.7 64.6 58.3
      vertex 78.2974 64.6 58.3392
      vertex 77.7026 64.6 58.3392
    endloop
  endfacet
  facet normal 0 -1 0
    outer loop
      vertex 77.7 64.6 58.3
      vertex 78.3 64.6 58.3
      vertex 78.2974 64.6 58.3392
    endloop
  endfacet
  facet normal 0 -1 0
    outer loop
      vertex 77.7026 64.6 58.2608
      vertex 78.3 64.6 58.3
      vertex 77.7 64.6 58.3
    endloop
  endfacet
  facet normal 0 -1 0
    outer loop
      vertex 77.7026 64.6 58.2608
      vertex 78.2974 64.6 58.2608
      vertex 78.3 64.6 58.3
    endloop
  endfacet
  facet normal 0 -1 0
    outer loop
      vertex 77.7102 64.6 58.2224
      vertex 78.2974 64.6 58.2608
      vertex 77.7026 64.6 58.2608
    endloop
  endfacet
  facet normal 0 -1 0
    outer loop
      vertex 77.7102 64.6 58.2224
      vertex 78.2898 64.6 58.2224
      vertex 78.2974 64.6 58.2608
    endloop
  endfacet
  facet normal 0 -1 0
    outer loop
      vertex 77.7228 64.6 58.1852
      vertex 78.2898 64.6 58.2224
      vertex 77.7102 64.6 58.2224
    endloop
  endfacet
  facet normal 0 -1 0
    outer loop
      vertex 77.7228 64.6 58.1852
      vertex 78.2772 64.6 58.1852
      vertex 78.2898 64.6 58.2224
    endloop
  endfacet
  facet normal 0 -1 0
    outer loop
      vertex 77.7402 64.6 58.15
      vertex 78.2772 64.6 58.1852
      vertex 77.7228 64.6 58.1852
    endloop
  endfacet
  facet normal 0 -1 0
    outer loop
      vertex 77.7402 64.6 58.15
      vertex 78.2598 64.6 58.15
      vertex 78.2772 64.6 58.1852
    endloop
  endfacet
  facet normal 0 -1 0
    outer loop
      vertex 77.762 64.6 58.1174
      vertex 78.2598 64.6 58.15
      vertex 77.7402 64.6 58.15
    endloop
  endfacet
  facet normal 0 -1 0
    outer loop
      vertex 77.762 64.6 58.1174
      vertex 78.238 64.6 58.1174
      vertex 78.2598 64.6 58.15
    endloop
  endfacet
  facet normal 0 -1 0
    outer loop
      vertex 77.7879 64.6 58.0879
      vertex 78.238 64.6 58.1174
      vertex 77.762 64.6 58.1174
    endloop
  endfacet
  facet normal 0 -1 0
    outer loop
      vertex 77.7879 64.6 58.0879
      vertex 78.2121 64.6 58.0879
      vertex 78.238 64.6 58.1174
    endloop
  endfacet
  facet normal 0 -1 0
    outer loop
      vertex 77.8174 64.6 58.062
      vertex 78.2121 64.6 58.0879
      vertex 77.7879 64.6 58.0879
    endloop
  endfacet
  facet normal 0 -1 0
    outer loop
      vertex 77.8174 64.6 58.062
      vertex 78.1826 64.6 58.062
      vertex 78.2121 64.6 58.0879
    endloop
  endfacet
  facet normal 0 -1 0
    outer loop
      vertex 77.85 64.6 58.0402
      vertex 78.1826 64.6 58.062
      vertex 77.8174 64.6 58.062
    endloop
  endfacet
  facet normal 0 -1 0
    outer loop
      vertex 77.85 64.6 58.0402
      vertex 78.15 64.6 58.0402
      vertex 78.1826 64.6 58.062
    endloop
  endfacet
  facet normal 0 -1 0
    outer loop
      vertex 77.8852 64.6 58.0228
      vertex 78.15 64.6 58.0402
      vertex 77.85 64.6 58.0402
    endloop
  endfacet
  facet normal 0 -1 0
    outer loop
      vertex 77.8852 64.6 58.0228
      vertex 78.1148 64.6 58.0228
      vertex 78.15 64.6 58.0402
    endloop
  endfacet
  facet normal 0 -1 0
    outer loop
      vertex 77.9224 64.6 58.0102
      vertex 78.1148 64.6 58.0228
      vertex 77.8852 64.6 58.0228
    endloop
  endfacet
  facet normal 0 -1 0
    outer loop
      vertex 77.9224 64.6 58.0102
      vertex 78.0776 64.6 58.0102
      vertex 78.1148 64.6 58.0228
    endloop
  endfacet
  facet normal 0 -1 0
    outer loop
      vertex 77.9608 64.6 58.0026
      vertex 78.0776 64.6 58.0102
      vertex 77.9224 64.6 58.0102
    endloop
  endfacet
  facet normal 0 -1 0
    outer loop
      vertex 77.9608 64.6 58.0026
      vertex 78.0392 64.6 58.0026
      vertex 78.0776 64.6 58.0102
    endloop
  endfacet
  facet normal -0 -1 0
    outer loop
      vertex 78.0392 64.6 58.0026
      vertex 77.9608 64.6 58.0026
      vertex 78 64.6 58
    endloop
  endfacet
  facet normal -0.488241 -0.478062 -0.730122
    outer loop
      vertex 77.0869 66.8 57.11
      vertex 77.85 64.6 58.0402
      vertex 77.8174 64.6 58.062
    endloop
  endfacet
  facet normal 0.281771 -0.478076 0.831895
    outer loop
      vertex 78.0776 64.6 58.5898
      vertex 78.1148 64.6 58.5772
      vertex 78.3882 66.8 59.7489
    endloop
  endfacet
  facet normal -0.0581293 -0.478042 0.876411
    outer loop
      vertex 77.9608 64.6 58.5974
      vertex 78 64.6 58.6
      vertex 78 66.8 59.8
    endloop
  endfacet
  facet normal 0.730122 -0.478062 0.488241
    outer loop
      vertex 78.238 64.6 58.4826
      vertex 78.2598 64.6 58.45
      vertex 79.19 66.8 59.2131
    endloop
  endfacet
  facet normal -0.660019 -0.478106 0.579474
    outer loop
      vertex 76.9393 66.8 59.3607
      vertex 77.762 64.6 58.4826
      vertex 77.7879 64.6 58.5121
    endloop
  endfacet
  facet normal -0.660019 -0.478106 -0.579474
    outer loop
      vertex 76.9393 66.8 57.2393
      vertex 77.7879 64.6 58.0879
      vertex 77.762 64.6 58.1174
    endloop
  endfacet
  facet normal -0.488037 -0.478052 -0.730265
    outer loop
      vertex 77.0869 66.8 57.11
      vertex 77.25 66.8 57.001
      vertex 77.85 64.6 58.0402
    endloop
  endfacet
  facet normal -0.389226 -0.47802 -0.7874
    outer loop
      vertex 77.426 66.8 56.9142
      vertex 77.8852 64.6 58.0228
      vertex 77.85 64.6 58.0402
    endloop
  endfacet
  facet normal -0.730122 -0.478062 0.488241
    outer loop
      vertex 76.81 66.8 59.2131
      vertex 77.7402 64.6 58.45
      vertex 77.762 64.6 58.4826
    endloop
  endfacet
  facet normal 0.488241 -0.478062 -0.730122
    outer loop
      vertex 90.15 64.6 58.0402
      vertex 90.9131 66.8 57.11
      vertex 90.1826 64.6 58.062
    endloop
  endfacet
  facet normal -0.831681 -0.478047 -0.282449
    outer loop
      vertex 88.5511 66.8 57.9118
      vertex 88.6142 66.8 57.726
      vertex 89.7228 64.6 58.1852
    endloop
  endfacet
  facet normal 0.876411 -0.478042 -0.0581293
    outer loop
      vertex 90.2974 64.6 58.2608
      vertex 91.5 66.8 58.3
      vertex 90.3 64.6 58.3
    endloop
  endfacet
  facet normal 0.876447 -0.478077 -0.0572958
    outer loop
      vertex 90.2974 64.6 58.2608
      vertex 91.4872 66.8 58.1042
      vertex 91.5 66.8 58.3
    endloop
  endfacet
  facet normal 0.389213 -0.478076 0.787373
    outer loop
      vertex 90.1148 64.6 58.5772
      vertex 90.15 64.6 58.5598
      vertex 90.75 66.8 59.599
    endloop
  endfacet
  facet normal -0.281771 -0.478076 0.831895
    outer loop
      vertex 89.6118 66.8 59.7489
      vertex 89.8852 64.6 58.5772
      vertex 89.9224 64.6 58.5898
    endloop
  endfacet
  facet normal 0.57876 -0.478066 0.660673
    outer loop
      vertex 90.1826 64.6 58.538
      vertex 91.0607 66.8 59.3607
      vertex 90.9131 66.8 59.49
    endloop
  endfacet
  facet normal -0.861627 -0.478036 -0.17053
    outer loop
      vertex 88.5511 66.8 57.9118
      vertex 89.7102 64.6 58.2224
      vertex 89.7026 64.6 58.2608
    endloop
  endfacet
  facet normal 0.730122 -0.478062 -0.488241
    outer loop
      vertex 90.238 64.6 58.1174
      vertex 91.19 66.8 57.3869
      vertex 90.2598 64.6 58.15
    endloop
  endfacet
  facet normal 0.787739 -0.478054 -0.388499
    outer loop
      vertex 90.2598 64.6 58.15
      vertex 91.299 66.8 57.55
      vertex 91.3858 66.8 57.726
    endloop
  endfacet
  facet normal 0.170523 -0.478102 -0.861591
    outer loop
      vertex 90.0392 64.6 58.0026
      vertex 90.1958 66.8 56.8128
      vertex 90.0776 64.6 58.0102
    endloop
  endfacet
  facet normal 0.17053 -0.478036 0.861627
    outer loop
      vertex 90.0392 64.6 58.5974
      vertex 90.0776 64.6 58.5898
      vertex 90.3882 66.8 59.7489
    endloop
  endfacet
  facet normal 0.488246 -0.478045 0.730129
    outer loop
      vertex 90.15 64.6 58.5598
      vertex 90.1826 64.6 58.538
      vertex 90.75 66.8 59.599
    endloop
  endfacet
  facet normal 0.282448 -0.478056 -0.831676
    outer loop
      vertex 90.0776 64.6 58.0102
      vertex 90.3882 66.8 56.8511
      vertex 90.574 66.8 56.9142
    endloop
  endfacet
  facet normal -0.171477 -0.478076 0.861417
    outer loop
      vertex 89.6118 66.8 59.7489
      vertex 89.9608 64.6 58.5974
      vertex 89.8042 66.8 59.7872
    endloop
  endfacet
  facet normal -0.876447 -0.478077 0.0572958
    outer loop
      vertex 88.5 66.8 58.3
      vertex 89.7026 64.6 58.3392
      vertex 88.5128 66.8 58.4958
    endloop
  endfacet
  facet normal -0.579474 -0.478106 -0.660019
    outer loop
      vertex 88.9393 66.8 57.2393
      vertex 89.8174 64.6 58.062
      vertex 89.7879 64.6 58.0879
    endloop
  endfacet
  facet normal -0.388499 -0.478054 -0.787739
    outer loop
      vertex 89.25 66.8 57.001
      vertex 89.426 66.8 56.9142
      vertex 89.85 64.6 58.0402
    endloop
  endfacet
  facet normal -0.876411 -0.478042 -0.0581293
    outer loop
      vertex 88.5 66.8 58.3
      vertex 89.7026 64.6 58.2608
      vertex 89.7 64.6 58.3
    endloop
  endfacet
  facet normal -0.282448 -0.478056 -0.831676
    outer loop
      vertex 89.426 66.8 56.9142
      vertex 89.6118 66.8 56.8511
      vertex 89.9224 64.6 58.0102
    endloop
  endfacet
  facet normal 0.579474 -0.478106 0.660019
    outer loop
      vertex 90.1826 64.6 58.538
      vertex 90.2121 64.6 58.5121
      vertex 91.0607 66.8 59.3607
    endloop
  endfacet
  facet normal 0.7874 -0.47802 -0.389226
    outer loop
      vertex 90.2598 64.6 58.15
      vertex 91.3858 66.8 57.726
      vertex 90.2772 64.6 58.1852
    endloop
  endfacet
  facet normal -0.861417 -0.478076 -0.171477
    outer loop
      vertex 88.5128 66.8 58.1042
      vertex 88.5511 66.8 57.9118
      vertex 89.7026 64.6 58.2608
    endloop
  endfacet
  facet normal -0.0581293 -0.478042 -0.876411
    outer loop
      vertex 89.9608 64.6 58.0026
      vertex 90 66.8 56.8
      vertex 90 64.6 58
    endloop
  endfacet
  facet normal -0.861417 -0.478076 0.171477
    outer loop
      vertex 88.5128 66.8 58.4958
      vertex 89.7026 64.6 58.3392
      vertex 88.5511 66.8 58.6882
    endloop
  endfacet
  facet normal -0.7874 -0.47802 0.389226
    outer loop
      vertex 88.6142 66.8 58.874
      vertex 89.7228 64.6 58.4148
      vertex 89.7402 64.6 58.45
    endloop
  endfacet
  facet normal 0.831895 -0.478076 -0.281771
    outer loop
      vertex 90.2772 64.6 58.1852
      vertex 91.4489 66.8 57.9118
      vertex 90.2898 64.6 58.2224
    endloop
  endfacet
  facet normal -0.17053 -0.478036 0.861627
    outer loop
      vertex 89.6118 66.8 59.7489
      vertex 89.9224 64.6 58.5898
      vertex 89.9608 64.6 58.5974
    endloop
  endfacet
  facet normal 0.730265 -0.478052 -0.488037
    outer loop
      vertex 90.2598 64.6 58.15
      vertex 91.19 66.8 57.3869
      vertex 91.299 66.8 57.55
    endloop
  endfacet
  facet normal 0.730265 -0.478052 0.488037
    outer loop
      vertex 90.2598 64.6 58.45
      vertex 91.299 66.8 59.05
      vertex 91.19 66.8 59.2131
    endloop
  endfacet
  facet normal 0.861417 -0.478076 -0.171477
    outer loop
      vertex 90.2974 64.6 58.2608
      vertex 91.4489 66.8 57.9118
      vertex 91.4872 66.8 58.1042
    endloop
  endfacet
  facet normal 0.282449 -0.478047 0.831681
    outer loop
      vertex 90.1148 64.6 58.5772
      vertex 90.574 66.8 59.6858
      vertex 90.3882 66.8 59.7489
    endloop
  endfacet
  facet normal -0.730122 -0.478062 -0.488241
    outer loop
      vertex 88.81 66.8 57.3869
      vertex 89.762 64.6 58.1174
      vertex 89.7402 64.6 58.15
    endloop
  endfacet
  facet normal -0.488036 -0.478055 0.730263
    outer loop
      vertex 89.0869 66.8 59.49
      vertex 89.8174 64.6 58.538
      vertex 89.25 66.8 59.599
    endloop
  endfacet
  facet normal -0.282449 -0.478047 0.831681
    outer loop
      vertex 89.426 66.8 59.6858
      vertex 89.8852 64.6 58.5772
      vertex 89.6118 66.8 59.7489
    endloop
  endfacet
  facet normal 0.7874 -0.47802 0.389226
    outer loop
      vertex 90.2598 64.6 58.45
      vertex 90.2772 64.6 58.4148
      vertex 91.3858 66.8 58.874
    endloop
  endfacet
  facet normal 0.831681 -0.478047 0.282449
    outer loop
      vertex 90.2772 64.6 58.4148
      vertex 91.4489 66.8 58.6882
      vertex 91.3858 66.8 58.874
    endloop
  endfacet
  facet normal 0.861627 -0.478036 -0.17053
    outer loop
      vertex 90.2898 64.6 58.2224
      vertex 91.4489 66.8 57.9118
      vertex 90.2974 64.6 58.2608
    endloop
  endfacet
  facet normal 0.787739 -0.478054 0.388499
    outer loop
      vertex 90.2598 64.6 58.45
      vertex 91.3858 66.8 58.874
      vertex 91.299 66.8 59.05
    endloop
  endfacet
  facet normal -0.660673 -0.478066 -0.57876
    outer loop
      vertex 88.81 66.8 57.3869
      vertex 88.9393 66.8 57.2393
      vertex 89.762 64.6 58.1174
    endloop
  endfacet
  facet normal -0.171479 -0.478063 -0.861424
    outer loop
      vertex 89.6118 66.8 56.8511
      vertex 89.8042 66.8 56.8128
      vertex 89.9224 64.6 58.0102
    endloop
  endfacet
  facet normal -0.389213 -0.478076 0.787373
    outer loop
      vertex 89.25 66.8 59.599
      vertex 89.85 64.6 58.5598
      vertex 89.8852 64.6 58.5772
    endloop
  endfacet
  facet normal -0.831681 -0.478047 0.282449
    outer loop
      vertex 88.5511 66.8 58.6882
      vertex 89.7228 64.6 58.4148
      vertex 88.6142 66.8 58.874
    endloop
  endfacet
  facet normal 0.57876 -0.478066 -0.660673
    outer loop
      vertex 90.1826 64.6 58.062
      vertex 90.9131 66.8 57.11
      vertex 91.0607 66.8 57.2393
    endloop
  endfacet
  facet normal -0.488246 -0.478045 0.730129
    outer loop
      vertex 89.25 66.8 59.599
      vertex 89.8174 64.6 58.538
      vertex 89.85 64.6 58.5598
    endloop
  endfacet
  facet normal 0.388501 -0.478043 0.787745
    outer loop
      vertex 90.1148 64.6 58.5772
      vertex 90.75 66.8 59.599
      vertex 90.574 66.8 59.6858
    endloop
  endfacet
  facet normal -0.876447 -0.478077 -0.0572958
    outer loop
      vertex 88.5 66.8 58.3
      vertex 88.5128 66.8 58.1042
      vertex 89.7026 64.6 58.2608
    endloop
  endfacet
  facet normal 0.488036 -0.478055 0.730263
    outer loop
      vertex 90.1826 64.6 58.538
      vertex 90.9131 66.8 59.49
      vertex 90.75 66.8 59.599
    endloop
  endfacet
  facet normal 0.660019 -0.478106 -0.579474
    outer loop
      vertex 90.2121 64.6 58.0879
      vertex 91.0607 66.8 57.2393
      vertex 90.238 64.6 58.1174
    endloop
  endfacet
  facet normal 0.660019 -0.478106 0.579474
    outer loop
      vertex 90.2121 64.6 58.5121
      vertex 90.238 64.6 58.4826
      vertex 91.0607 66.8 59.3607
    endloop
  endfacet
  facet normal -0.787739 -0.478054 0.388499
    outer loop
      vertex 88.6142 66.8 58.874
      vertex 89.7402 64.6 58.45
      vertex 88.701 66.8 59.05
    endloop
  endfacet
  facet normal -0.0572958 -0.478077 0.876447
    outer loop
      vertex 89.8042 66.8 59.7872
      vertex 89.9608 64.6 58.5974
      vertex 90 66.8 59.8
    endloop
  endfacet
  facet normal -0.730265 -0.478052 -0.488037
    outer loop
      vertex 88.701 66.8 57.55
      vertex 88.81 66.8 57.3869
      vertex 89.7402 64.6 58.15
    endloop
  endfacet
  facet normal 0.660673 -0.478066 0.57876
    outer loop
      vertex 90.238 64.6 58.4826
      vertex 91.19 66.8 59.2131
      vertex 91.0607 66.8 59.3607
    endloop
  endfacet
  facet normal 0.861417 -0.478076 0.171477
    outer loop
      vertex 90.2974 64.6 58.3392
      vertex 91.4872 66.8 58.4958
      vertex 91.4489 66.8 58.6882
    endloop
  endfacet
  facet normal -0.730265 -0.478052 0.488037
    outer loop
      vertex 88.701 66.8 59.05
      vertex 89.7402 64.6 58.45
      vertex 88.81 66.8 59.2131
    endloop
  endfacet
  facet normal 0.171479 -0.478063 -0.861424
    outer loop
      vertex 90.0776 64.6 58.0102
      vertex 90.1958 66.8 56.8128
      vertex 90.3882 66.8 56.8511
    endloop
  endfacet
  facet normal 0.876447 -0.478077 0.0572958
    outer loop
      vertex 90.2974 64.6 58.3392
      vertex 91.5 66.8 58.3
      vertex 91.4872 66.8 58.4958
    endloop
  endfacet
  facet normal 0.876411 -0.478042 0.0581293
    outer loop
      vertex 90.2974 64.6 58.3392
      vertex 90.3 64.6 58.3
      vertex 91.5 66.8 58.3
    endloop
  endfacet
  facet normal -0.57876 -0.478066 0.660673
    outer loop
      vertex 88.9393 66.8 59.3607
      vertex 89.8174 64.6 58.538
      vertex 89.0869 66.8 59.49
    endloop
  endfacet
  facet normal -0.0572958 -0.478077 -0.876447
    outer loop
      vertex 89.8042 66.8 56.8128
      vertex 90 66.8 56.8
      vertex 89.9608 64.6 58.0026
    endloop
  endfacet
  facet normal -0.831895 -0.478076 -0.281771
    outer loop
      vertex 88.5511 66.8 57.9118
      vertex 89.7228 64.6 58.1852
      vertex 89.7102 64.6 58.2224
    endloop
  endfacet
  facet normal -0.831895 -0.478076 0.281771
    outer loop
      vertex 88.5511 66.8 58.6882
      vertex 89.7102 64.6 58.3776
      vertex 89.7228 64.6 58.4148
    endloop
  endfacet
  facet normal 0.579474 -0.478106 -0.660019
    outer loop
      vertex 90.1826 64.6 58.062
      vertex 91.0607 66.8 57.2393
      vertex 90.2121 64.6 58.0879
    endloop
  endfacet
  facet normal 0.831895 -0.478076 0.281771
    outer loop
      vertex 90.2772 64.6 58.4148
      vertex 90.2898 64.6 58.3776
      vertex 91.4489 66.8 58.6882
    endloop
  endfacet
  facet normal -0.57876 -0.478066 -0.660673
    outer loop
      vertex 88.9393 66.8 57.2393
      vertex 89.0869 66.8 57.11
      vertex 89.8174 64.6 58.062
    endloop
  endfacet
  facet normal -0.170523 -0.478102 -0.861591
    outer loop
      vertex 89.8042 66.8 56.8128
      vertex 89.9608 64.6 58.0026
      vertex 89.9224 64.6 58.0102
    endloop
  endfacet
  facet normal -0.7874 -0.47802 -0.389226
    outer loop
      vertex 88.6142 66.8 57.726
      vertex 89.7402 64.6 58.15
      vertex 89.7228 64.6 58.1852
    endloop
  endfacet
  facet normal -0.861627 -0.478036 0.17053
    outer loop
      vertex 88.5511 66.8 58.6882
      vertex 89.7026 64.6 58.3392
      vertex 89.7102 64.6 58.3776
    endloop
  endfacet
  facet normal 0.831681 -0.478047 -0.282449
    outer loop
      vertex 90.2772 64.6 58.1852
      vertex 91.3858 66.8 57.726
      vertex 91.4489 66.8 57.9118
    endloop
  endfacet
  facet normal 0.0581293 -0.478042 -0.876411
    outer loop
      vertex 90 64.6 58
      vertex 90 66.8 56.8
      vertex 90.0392 64.6 58.0026
    endloop
  endfacet
  facet normal 0.171477 -0.478076 0.861417
    outer loop
      vertex 90.0392 64.6 58.5974
      vertex 90.3882 66.8 59.7489
      vertex 90.1958 66.8 59.7872
    endloop
  endfacet
  facet normal 0.0581293 -0.478042 0.876411
    outer loop
      vertex 90 64.6 58.6
      vertex 90.0392 64.6 58.5974
      vertex 90 66.8 59.8
    endloop
  endfacet
  facet normal -0.787739 -0.478054 -0.388499
    outer loop
      vertex 88.6142 66.8 57.726
      vertex 88.701 66.8 57.55
      vertex 89.7402 64.6 58.15
    endloop
  endfacet
  facet normal 0.281779 -0.478027 -0.83192
    outer loop
      vertex 90.0776 64.6 58.0102
      vertex 90.574 66.8 56.9142
      vertex 90.1148 64.6 58.0228
    endloop
  endfacet
  facet normal -0.876411 -0.478042 0.0581293
    outer loop
      vertex 88.5 66.8 58.3
      vertex 89.7 64.6 58.3
      vertex 89.7026 64.6 58.3392
    endloop
  endfacet
  facet normal -0.388501 -0.478043 0.787745
    outer loop
      vertex 89.25 66.8 59.599
      vertex 89.8852 64.6 58.5772
      vertex 89.426 66.8 59.6858
    endloop
  endfacet
  facet normal 0.861627 -0.478036 0.17053
    outer loop
      vertex 90.2898 64.6 58.3776
      vertex 90.2974 64.6 58.3392
      vertex 91.4489 66.8 58.6882
    endloop
  endfacet
  facet normal 0.0572958 -0.478077 -0.876447
    outer loop
      vertex 90 66.8 56.8
      vertex 90.1958 66.8 56.8128
      vertex 90.0392 64.6 58.0026
    endloop
  endfacet
  facet normal 0.0572958 -0.478077 0.876447
    outer loop
      vertex 90 66.8 59.8
      vertex 90.0392 64.6 58.5974
      vertex 90.1958 66.8 59.7872
    endloop
  endfacet
  facet normal 0.388499 -0.478054 -0.787739
    outer loop
      vertex 90.15 64.6 58.0402
      vertex 90.574 66.8 56.9142
      vertex 90.75 66.8 57.001
    endloop
  endfacet
  facet normal -0.660673 -0.478066 0.57876
    outer loop
      vertex 88.81 66.8 59.2131
      vertex 89.762 64.6 58.4826
      vertex 88.9393 66.8 59.3607
    endloop
  endfacet
  facet normal -0.579474 -0.478106 0.660019
    outer loop
      vertex 88.9393 66.8 59.3607
      vertex 89.7879 64.6 58.5121
      vertex 89.8174 64.6 58.538
    endloop
  endfacet
  facet normal -0.281779 -0.478027 -0.83192
    outer loop
      vertex 89.426 66.8 56.9142
      vertex 89.9224 64.6 58.0102
      vertex 89.8852 64.6 58.0228
    endloop
  endfacet
  facet normal 0.660673 -0.478066 -0.57876
    outer loop
      vertex 90.238 64.6 58.1174
      vertex 91.0607 66.8 57.2393
      vertex 91.19 66.8 57.3869
    endloop
  endfacet
  facet normal 0.389226 -0.47802 -0.7874
    outer loop
      vertex 90.1148 64.6 58.0228
      vertex 90.574 66.8 56.9142
      vertex 90.15 64.6 58.0402
    endloop
  endfacet
  facet normal 0.488037 -0.478052 -0.730265
    outer loop
      vertex 90.15 64.6 58.0402
      vertex 90.75 66.8 57.001
      vertex 90.9131 66.8 57.11
    endloop
  endfacet
  facet normal 0 -1 0
    outer loop
      vertex 89.9608 64.6 58.5974
      vertex 90.0392 64.6 58.5974
      vertex 90 64.6 58.6
    endloop
  endfacet
  facet normal 0 -1 0
    outer loop
      vertex 89.9224 64.6 58.5898
      vertex 90.0392 64.6 58.5974
      vertex 89.9608 64.6 58.5974
    endloop
  endfacet
  facet normal 0 -1 0
    outer loop
      vertex 89.9224 64.6 58.5898
      vertex 90.0776 64.6 58.5898
      vertex 90.0392 64.6 58.5974
    endloop
  endfacet
  facet normal 0 -1 0
    outer loop
      vertex 89.8852 64.6 58.5772
      vertex 90.0776 64.6 58.5898
      vertex 89.9224 64.6 58.5898
    endloop
  endfacet
  facet normal 0 -1 0
    outer loop
      vertex 89.8852 64.6 58.5772
      vertex 90.1148 64.6 58.5772
      vertex 90.0776 64.6 58.5898
    endloop
  endfacet
  facet normal 0 -1 0
    outer loop
      vertex 89.85 64.6 58.5598
      vertex 90.1148 64.6 58.5772
      vertex 89.8852 64.6 58.5772
    endloop
  endfacet
  facet normal 0 -1 0
    outer loop
      vertex 89.85 64.6 58.5598
      vertex 90.15 64.6 58.5598
      vertex 90.1148 64.6 58.5772
    endloop
  endfacet
  facet normal 0 -1 0
    outer loop
      vertex 89.8174 64.6 58.538
      vertex 90.15 64.6 58.5598
      vertex 89.85 64.6 58.5598
    endloop
  endfacet
  facet normal 0 -1 0
    outer loop
      vertex 89.8174 64.6 58.538
      vertex 90.1826 64.6 58.538
      vertex 90.15 64.6 58.5598
    endloop
  endfacet
  facet normal 0 -1 0
    outer loop
      vertex 89.7879 64.6 58.5121
      vertex 90.1826 64.6 58.538
      vertex 89.8174 64.6 58.538
    endloop
  endfacet
  facet normal 0 -1 0
    outer loop
      vertex 89.7879 64.6 58.5121
      vertex 90.2121 64.6 58.5121
      vertex 90.1826 64.6 58.538
    endloop
  endfacet
  facet normal 0 -1 0
    outer loop
      vertex 89.762 64.6 58.4826
      vertex 90.2121 64.6 58.5121
      vertex 89.7879 64.6 58.5121
    endloop
  endfacet
  facet normal 0 -1 0
    outer loop
      vertex 89.762 64.6 58.4826
      vertex 90.238 64.6 58.4826
      vertex 90.2121 64.6 58.5121
    endloop
  endfacet
  facet normal 0 -1 0
    outer loop
      vertex 89.7402 64.6 58.45
      vertex 90.238 64.6 58.4826
      vertex 89.762 64.6 58.4826
    endloop
  endfacet
  facet normal 0 -1 0
    outer loop
      vertex 89.7402 64.6 58.45
      vertex 90.2598 64.6 58.45
      vertex 90.238 64.6 58.4826
    endloop
  endfacet
  facet normal 0 -1 0
    outer loop
      vertex 89.7228 64.6 58.4148
      vertex 90.2598 64.6 58.45
      vertex 89.7402 64.6 58.45
    endloop
  endfacet
  facet normal 0 -1 0
    outer loop
      vertex 89.7228 64.6 58.4148
      vertex 90.2772 64.6 58.4148
      vertex 90.2598 64.6 58.45
    endloop
  endfacet
  facet normal 0 -1 0
    outer loop
      vertex 89.7102 64.6 58.3776
      vertex 90.2772 64.6 58.4148
      vertex 89.7228 64.6 58.4148
    endloop
  endfacet
  facet normal 0 -1 0
    outer loop
      vertex 89.7102 64.6 58.3776
      vertex 90.2898 64.6 58.3776
      vertex 90.2772 64.6 58.4148
    endloop
  endfacet
  facet normal 0 -1 0
    outer loop
      vertex 89.7026 64.6 58.3392
      vertex 90.2898 64.6 58.3776
      vertex 89.7102 64.6 58.3776
    endloop
  endfacet
  facet normal 0 -1 0
    outer loop
      vertex 89.7026 64.6 58.3392
      vertex 90.2974 64.6 58.3392
      vertex 90.2898 64.6 58.3776
    endloop
  endfacet
  facet normal 0 -1 0
    outer loop
      vertex 89.7 64.6 58.3
      vertex 90.2974 64.6 58.3392
      vertex 89.7026 64.6 58.3392
    endloop
  endfacet
  facet normal 0 -1 0
    outer loop
      vertex 89.7 64.6 58.3
      vertex 90.3 64.6 58.3
      vertex 90.2974 64.6 58.3392
    endloop
  endfacet
  facet normal 0 -1 0
    outer loop
      vertex 89.7026 64.6 58.2608
      vertex 90.3 64.6 58.3
      vertex 89.7 64.6 58.3
    endloop
  endfacet
  facet normal 0 -1 0
    outer loop
      vertex 89.7026 64.6 58.2608
      vertex 90.2974 64.6 58.2608
      vertex 90.3 64.6 58.3
    endloop
  endfacet
  facet normal 0 -1 0
    outer loop
      vertex 89.7102 64.6 58.2224
      vertex 90.2974 64.6 58.2608
      vertex 89.7026 64.6 58.2608
    endloop
  endfacet
  facet normal 0 -1 0
    outer loop
      vertex 89.7102 64.6 58.2224
      vertex 90.2898 64.6 58.2224
      vertex 90.2974 64.6 58.2608
    endloop
  endfacet
  facet normal 0 -1 0
    outer loop
      vertex 89.7228 64.6 58.1852
      vertex 90.2898 64.6 58.2224
      vertex 89.7102 64.6 58.2224
    endloop
  endfacet
  facet normal 0 -1 0
    outer loop
      vertex 89.7228 64.6 58.1852
      vertex 90.2772 64.6 58.1852
      vertex 90.2898 64.6 58.2224
    endloop
  endfacet
  facet normal 0 -1 0
    outer loop
      vertex 89.7402 64.6 58.15
      vertex 90.2772 64.6 58.1852
      vertex 89.7228 64.6 58.1852
    endloop
  endfacet
  facet normal 0 -1 0
    outer loop
      vertex 89.7402 64.6 58.15
      vertex 90.2598 64.6 58.15
      vertex 90.2772 64.6 58.1852
    endloop
  endfacet
  facet normal 0 -1 0
    outer loop
      vertex 89.762 64.6 58.1174
      vertex 90.2598 64.6 58.15
      vertex 89.7402 64.6 58.15
    endloop
  endfacet
  facet normal 0 -1 0
    outer loop
      vertex 89.762 64.6 58.1174
      vertex 90.238 64.6 58.1174
      vertex 90.2598 64.6 58.15
    endloop
  endfacet
  facet normal 0 -1 0
    outer loop
      vertex 89.7879 64.6 58.0879
      vertex 90.238 64.6 58.1174
      vertex 89.762 64.6 58.1174
    endloop
  endfacet
  facet normal 0 -1 0
    outer loop
      vertex 89.7879 64.6 58.0879
      vertex 90.2121 64.6 58.0879
      vertex 90.238 64.6 58.1174
    endloop
  endfacet
  facet normal 0 -1 0
    outer loop
      vertex 89.8174 64.6 58.062
      vertex 90.2121 64.6 58.0879
      vertex 89.7879 64.6 58.0879
    endloop
  endfacet
  facet normal 0 -1 0
    outer loop
      vertex 89.8174 64.6 58.062
      vertex 90.1826 64.6 58.062
      vertex 90.2121 64.6 58.0879
    endloop
  endfacet
  facet normal 0 -1 0
    outer loop
      vertex 89.85 64.6 58.0402
      vertex 90.1826 64.6 58.062
      vertex 89.8174 64.6 58.062
    endloop
  endfacet
  facet normal 0 -1 0
    outer loop
      vertex 89.85 64.6 58.0402
      vertex 90.15 64.6 58.0402
      vertex 90.1826 64.6 58.062
    endloop
  endfacet
  facet normal 0 -1 0
    outer loop
      vertex 89.8852 64.6 58.0228
      vertex 90.15 64.6 58.0402
      vertex 89.85 64.6 58.0402
    endloop
  endfacet
  facet normal 0 -1 0
    outer loop
      vertex 89.8852 64.6 58.0228
      vertex 90.1148 64.6 58.0228
      vertex 90.15 64.6 58.0402
    endloop
  endfacet
  facet normal 0 -1 0
    outer loop
      vertex 89.9224 64.6 58.0102
      vertex 90.1148 64.6 58.0228
      vertex 89.8852 64.6 58.0228
    endloop
  endfacet
  facet normal 0 -1 0
    outer loop
      vertex 89.9224 64.6 58.0102
      vertex 90.0776 64.6 58.0102
      vertex 90.1148 64.6 58.0228
    endloop
  endfacet
  facet normal 0 -1 0
    outer loop
      vertex 89.9608 64.6 58.0026
      vertex 90.0776 64.6 58.0102
      vertex 89.9224 64.6 58.0102
    endloop
  endfacet
  facet normal 0 -1 0
    outer loop
      vertex 89.9608 64.6 58.0026
      vertex 90.0392 64.6 58.0026
      vertex 90.0776 64.6 58.0102
    endloop
  endfacet
  facet normal -0 -1 0
    outer loop
      vertex 90.0392 64.6 58.0026
      vertex 89.9608 64.6 58.0026
      vertex 90 64.6 58
    endloop
  endfacet
  facet normal -0.488241 -0.478062 -0.730122
    outer loop
      vertex 89.0869 66.8 57.11
      vertex 89.85 64.6 58.0402
      vertex 89.8174 64.6 58.062
    endloop
  endfacet
  facet normal 0.281771 -0.478076 0.831895
    outer loop
      vertex 90.0776 64.6 58.5898
      vertex 90.1148 64.6 58.5772
      vertex 90.3882 66.8 59.7489
    endloop
  endfacet
  facet normal -0.0581293 -0.478042 0.876411
    outer loop
      vertex 89.9608 64.6 58.5974
      vertex 90 64.6 58.6
      vertex 90 66.8 59.8
    endloop
  endfacet
  facet normal 0.730122 -0.478062 0.488241
    outer loop
      vertex 90.238 64.6 58.4826
      vertex 90.2598 64.6 58.45
      vertex 91.19 66.8 59.2131
    endloop
  endfacet
  facet normal -0.660019 -0.478106 0.579474
    outer loop
      vertex 88.9393 66.8 59.3607
      vertex 89.762 64.6 58.4826
      vertex 89.7879 64.6 58.5121
    endloop
  endfacet
  facet normal -0.660019 -0.478106 -0.579474
    outer loop
      vertex 88.9393 66.8 57.2393
      vertex 89.7879 64.6 58.0879
      vertex 89.762 64.6 58.1174
    endloop
  endfacet
  facet normal -0.488037 -0.478052 -0.730265
    outer loop
      vertex 89.0869 66.8 57.11
      vertex 89.25 66.8 57.001
      vertex 89.85 64.6 58.0402
    endloop
  endfacet
  facet normal -0.389226 -0.47802 -0.7874
    outer loop
      vertex 89.426 66.8 56.9142
      vertex 89.8852 64.6 58.0228
      vertex 89.85 64.6 58.0402
    endloop
  endfacet
  facet normal -0.730122 -0.478062 0.488241
    outer loop
      vertex 88.81 66.8 59.2131
      vertex 89.7402 64.6 58.45
      vertex 89.762 64.6 58.4826
    endloop
  endfacet
  facet normal -0.579479 -0.478092 0.660024
    outer loop
      vertex -3.56066 66.8 13.0607
      vertex -2.71213 64.6 12.2121
      vertex -2.68263 64.6 12.238
    endloop
  endfacet
  facet normal -0.282113 -0.478064 -0.831785
    outer loop
      vertex -2.88823 66.8 10.5511
      vertex -2.57765 64.6 11.7102
      vertex -2.6148 64.6 11.7228
    endloop
  endfacet
  facet normal 0.876445 -0.478061 -0.0574608
    outer loop
      vertex -2.20257 64.6 11.9608
      vertex -1 66.8 12
      vertex -2.2 64.6 12
    endloop
  endfacet
  facet normal 0.876446 -0.478062 -0.0574301
    outer loop
      vertex -2.20257 64.6 11.9608
      vertex -1.01283 66.8 11.8042
      vertex -1 66.8 12
    endloop
  endfacet
  facet normal -0.831715 -0.478061 0.282326
    outer loop
      vertex -3.94889 66.8 12.3882
      vertex -2.77716 64.6 12.1148
      vertex -3.88582 66.8 12.574
    endloop
  endfacet
  facet normal 0.660519 -0.478064 0.578938
    outer loop
      vertex -2.26199 64.6 12.1826
      vertex -1.30997 66.8 12.9131
      vertex -1.43934 66.8 13.0607
    endloop
  endfacet
  facet normal 0.787823 -0.478065 0.388316
    outer loop
      vertex -2.24019 64.6 12.15
      vertex -2.22284 64.6 12.1148
      vertex -1.11418 66.8 12.574
    endloop
  endfacet
  facet normal 0.170148 -0.478024 0.861709
    outer loop
      vertex -2.46084 64.6 12.2974
      vertex -2.42235 64.6 12.2898
      vertex -2.11177 66.8 13.4489
    endloop
  endfacet
  facet normal 0.388552 -0.478055 -0.787712
    outer loop
      vertex -2.35 64.6 11.7402
      vertex -1.92597 66.8 10.6142
      vertex -1.75 66.8 10.701
    endloop
  endfacet
  facet normal -0.170148 -0.478024 0.861709
    outer loop
      vertex -2.88823 66.8 13.4489
      vertex -2.57765 64.6 12.2898
      vertex -2.53916 64.6 12.2974
    endloop
  endfacet
  facet normal 0.171443 -0.478079 -0.861422
    outer loop
      vertex -2.46084 64.6 11.7026
      vertex -2.30421 66.8 10.5128
      vertex -2.11177 66.8 10.5511
    endloop
  endfacet
  facet normal 0.389315 -0.47802 0.787356
    outer loop
      vertex -2.38519 64.6 12.2772
      vertex -2.35 64.6 12.2598
      vertex -1.92597 66.8 13.3858
    endloop
  endfacet
  facet normal 0.730119 -0.478067 -0.488239
    outer loop
      vertex -2.26199 64.6 11.8174
      vertex -1.30997 66.8 11.0869
      vertex -2.24019 64.6 11.85
    endloop
  endfacet
  facet normal 0.0572987 -0.478078 0.876447
    outer loop
      vertex -2.5 66.8 13.5
      vertex -2.46084 64.6 12.2974
      vertex -2.30421 66.8 13.4872
    endloop
  endfacet
  facet normal 0.487933 -0.478053 0.730333
    outer loop
      vertex -2.35 64.6 12.2598
      vertex -2.31737 64.6 12.238
      vertex -1.58686 66.8 13.19
    endloop
  endfacet
  facet normal -0.0581885 -0.478041 -0.876408
    outer loop
      vertex -2.53916 64.6 11.7026
      vertex -2.5 66.8 10.5
      vertex -2.5 64.6 11.7
    endloop
  endfacet
  facet normal 0.171443 -0.478079 0.861422
    outer loop
      vertex -2.46084 64.6 12.2974
      vertex -2.11177 66.8 13.4489
      vertex -2.30421 66.8 13.4872
    endloop
  endfacet
  facet normal 0.831763 -0.478067 0.282173
    outer loop
      vertex -2.22284 64.6 12.1148
      vertex -2.21022 64.6 12.0776
      vertex -1.05111 66.8 12.3882
    endloop
  endfacet
  facet normal 0.831763 -0.478067 -0.282173
    outer loop
      vertex -2.22284 64.6 11.8852
      vertex -1.05111 66.8 11.6118
      vertex -2.21022 64.6 11.9224
    endloop
  endfacet
  facet normal 0.787772 -0.47806 0.388425
    outer loop
      vertex -2.24019 64.6 12.15
      vertex -1.11418 66.8 12.574
      vertex -1.20096 66.8 12.75
    endloop
  endfacet
  facet normal -0.389226 -0.478023 0.787399
    outer loop
      vertex -3.07402 66.8 13.3858
      vertex -2.65 64.6 12.2598
      vertex -2.6148 64.6 12.2772
    endloop
  endfacet
  facet normal -0.876446 -0.478062 -0.0574301
    outer loop
      vertex -4 66.8 12
      vertex -3.98717 66.8 11.8042
      vertex -2.79743 64.6 11.9608
    endloop
  endfacet
  facet normal 0.730241 -0.478058 -0.488066
    outer loop
      vertex -2.24019 64.6 11.85
      vertex -1.30997 66.8 11.0869
      vertex -1.20096 66.8 11.25
    endloop
  endfacet
  facet normal 0.170148 -0.478024 -0.861709
    outer loop
      vertex -2.46084 64.6 11.7026
      vertex -2.11177 66.8 10.5511
      vertex -2.42235 64.6 11.7102
    endloop
  endfacet
  facet normal 0.861442 -0.47806 -0.171393
    outer loop
      vertex -2.20257 64.6 11.9608
      vertex -1.05111 66.8 11.6118
      vertex -1.01283 66.8 11.8042
    endloop
  endfacet
  facet normal 0.282449 -0.478049 0.83168
    outer loop
      vertex -2.38519 64.6 12.2772
      vertex -1.92597 66.8 13.3858
      vertex -2.11177 66.8 13.4489
    endloop
  endfacet
  facet normal 0.831715 -0.478061 0.282326
    outer loop
      vertex -2.22284 64.6 12.1148
      vertex -1.05111 66.8 12.3882
      vertex -1.11418 66.8 12.574
    endloop
  endfacet
  facet normal -0.0581885 -0.478041 0.876408
    outer loop
      vertex -2.53916 64.6 12.2974
      vertex -2.5 64.6 12.3
      vertex -2.5 66.8 13.5
    endloop
  endfacet
  facet normal 0.388552 -0.478055 0.787712
    outer loop
      vertex -2.35 64.6 12.2598
      vertex -1.75 66.8 13.299
      vertex -1.92597 66.8 13.3858
    endloop
  endfacet
  facet normal 0.57894 -0.478062 -0.660519
    outer loop
      vertex -2.31737 64.6 11.762
      vertex -1.58686 66.8 10.81
      vertex -1.43934 66.8 10.9393
    endloop
  endfacet
  facet normal 0.0581885 -0.478041 0.876408
    outer loop
      vertex -2.5 64.6 12.3
      vertex -2.46084 64.6 12.2974
      vertex -2.5 66.8 13.5
    endloop
  endfacet
  facet normal 0.861442 -0.47806 0.171393
    outer loop
      vertex -2.20257 64.6 12.0392
      vertex -1.01283 66.8 12.1958
      vertex -1.05111 66.8 12.3882
    endloop
  endfacet
  facet normal -0.730241 -0.478058 -0.488066
    outer loop
      vertex -3.79904 66.8 11.25
      vertex -3.69003 66.8 11.0869
      vertex -2.75981 64.6 11.85
    endloop
  endfacet
  facet normal 0.487954 -0.478054 0.730319
    outer loop
      vertex -2.35 64.6 12.2598
      vertex -1.58686 66.8 13.19
      vertex -1.75 66.8 13.299
    endloop
  endfacet
  facet normal -0.170148 -0.478024 -0.861709
    outer loop
      vertex -2.88823 66.8 10.5511
      vertex -2.53916 64.6 11.7026
      vertex -2.57765 64.6 11.7102
    endloop
  endfacet
  facet normal 0.57894 -0.478062 0.660519
    outer loop
      vertex -2.31737 64.6 12.238
      vertex -1.43934 66.8 13.0607
      vertex -1.58686 66.8 13.19
    endloop
  endfacet
  facet normal -0.487933 -0.478053 -0.730333
    outer loop
      vertex -3.41314 66.8 10.81
      vertex -2.65 64.6 11.7402
      vertex -2.68263 64.6 11.762
    endloop
  endfacet
  facet normal 0.861395 -0.478069 -0.171606
    outer loop
      vertex -2.21022 64.6 11.9224
      vertex -1.05111 66.8 11.6118
      vertex -2.20257 64.6 11.9608
    endloop
  endfacet
  facet normal 0.730119 -0.478067 0.488239
    outer loop
      vertex -2.26199 64.6 12.1826
      vertex -2.24019 64.6 12.15
      vertex -1.30997 66.8 12.9131
    endloop
  endfacet
  facet normal 0.0572987 -0.478078 -0.876447
    outer loop
      vertex -2.5 66.8 10.5
      vertex -2.30421 66.8 10.5128
      vertex -2.46084 64.6 11.7026
    endloop
  endfacet
  facet normal -0.171443 -0.478079 -0.861422
    outer loop
      vertex -2.88823 66.8 10.5511
      vertex -2.69579 66.8 10.5128
      vertex -2.53916 64.6 11.7026
    endloop
  endfacet
  facet normal -0.787772 -0.47806 -0.388425
    outer loop
      vertex -3.88582 66.8 11.426
      vertex -3.79904 66.8 11.25
      vertex -2.75981 64.6 11.85
    endloop
  endfacet
  facet normal -0.831763 -0.478067 -0.282173
    outer loop
      vertex -3.94889 66.8 11.6118
      vertex -2.77716 64.6 11.8852
      vertex -2.78978 64.6 11.9224
    endloop
  endfacet
  facet normal 0.282045 -0.478066 -0.831807
    outer loop
      vertex -2.42235 64.6 11.7102
      vertex -2.11177 66.8 10.5511
      vertex -2.38519 64.6 11.7228
    endloop
  endfacet
  facet normal 0.730241 -0.478058 0.488066
    outer loop
      vertex -2.24019 64.6 12.15
      vertex -1.20096 66.8 12.75
      vertex -1.30997 66.8 12.9131
    endloop
  endfacet
  facet normal -0.57894 -0.478062 -0.660519
    outer loop
      vertex -3.56066 66.8 10.9393
      vertex -3.41314 66.8 10.81
      vertex -2.68263 64.6 11.762
    endloop
  endfacet
  facet normal 0 -1 0
    outer loop
      vertex -2.53916 64.6 12.2974
      vertex -2.46084 64.6 12.2974
      vertex -2.5 64.6 12.3
    endloop
  endfacet
  facet normal 0 -1 0
    outer loop
      vertex -2.57765 64.6 12.2898
      vertex -2.46084 64.6 12.2974
      vertex -2.53916 64.6 12.2974
    endloop
  endfacet
  facet normal 0 -1 0
    outer loop
      vertex -2.57765 64.6 12.2898
      vertex -2.42235 64.6 12.2898
      vertex -2.46084 64.6 12.2974
    endloop
  endfacet
  facet normal 0 -1 0
    outer loop
      vertex -2.6148 64.6 12.2772
      vertex -2.42235 64.6 12.2898
      vertex -2.57765 64.6 12.2898
    endloop
  endfacet
  facet normal 0 -1 0
    outer loop
      vertex -2.6148 64.6 12.2772
      vertex -2.38519 64.6 12.2772
      vertex -2.42235 64.6 12.2898
    endloop
  endfacet
  facet normal 0 -1 0
    outer loop
      vertex -2.65 64.6 12.2598
      vertex -2.38519 64.6 12.2772
      vertex -2.6148 64.6 12.2772
    endloop
  endfacet
  facet normal 0 -1 0
    outer loop
      vertex -2.65 64.6 12.2598
      vertex -2.35 64.6 12.2598
      vertex -2.38519 64.6 12.2772
    endloop
  endfacet
  facet normal 0 -1 0
    outer loop
      vertex -2.68263 64.6 12.238
      vertex -2.35 64.6 12.2598
      vertex -2.65 64.6 12.2598
    endloop
  endfacet
  facet normal 0 -1 0
    outer loop
      vertex -2.68263 64.6 12.238
      vertex -2.31737 64.6 12.238
      vertex -2.35 64.6 12.2598
    endloop
  endfacet
  facet normal 0 -1 0
    outer loop
      vertex -2.71213 64.6 12.2121
      vertex -2.31737 64.6 12.238
      vertex -2.68263 64.6 12.238
    endloop
  endfacet
  facet normal 0 -1 0
    outer loop
      vertex -2.71213 64.6 12.2121
      vertex -2.28787 64.6 12.2121
      vertex -2.31737 64.6 12.238
    endloop
  endfacet
  facet normal 0 -1 0
    outer loop
      vertex -2.73801 64.6 12.1826
      vertex -2.28787 64.6 12.2121
      vertex -2.71213 64.6 12.2121
    endloop
  endfacet
  facet normal 0 -1 0
    outer loop
      vertex -2.73801 64.6 12.1826
      vertex -2.26199 64.6 12.1826
      vertex -2.28787 64.6 12.2121
    endloop
  endfacet
  facet normal 0 -1 0
    outer loop
      vertex -2.75981 64.6 12.15
      vertex -2.26199 64.6 12.1826
      vertex -2.73801 64.6 12.1826
    endloop
  endfacet
  facet normal 0 -1 0
    outer loop
      vertex -2.75981 64.6 12.15
      vertex -2.24019 64.6 12.15
      vertex -2.26199 64.6 12.1826
    endloop
  endfacet
  facet normal 0 -1 0
    outer loop
      vertex -2.77716 64.6 12.1148
      vertex -2.24019 64.6 12.15
      vertex -2.75981 64.6 12.15
    endloop
  endfacet
  facet normal 0 -1 0
    outer loop
      vertex -2.77716 64.6 12.1148
      vertex -2.22284 64.6 12.1148
      vertex -2.24019 64.6 12.15
    endloop
  endfacet
  facet normal 0 -1 0
    outer loop
      vertex -2.78978 64.6 12.0776
      vertex -2.22284 64.6 12.1148
      vertex -2.77716 64.6 12.1148
    endloop
  endfacet
  facet normal 0 -1 0
    outer loop
      vertex -2.78978 64.6 12.0776
      vertex -2.21022 64.6 12.0776
      vertex -2.22284 64.6 12.1148
    endloop
  endfacet
  facet normal 0 -1 0
    outer loop
      vertex -2.79743 64.6 12.0392
      vertex -2.21022 64.6 12.0776
      vertex -2.78978 64.6 12.0776
    endloop
  endfacet
  facet normal 0 -1 0
    outer loop
      vertex -2.79743 64.6 12.0392
      vertex -2.20257 64.6 12.0392
      vertex -2.21022 64.6 12.0776
    endloop
  endfacet
  facet normal 0 -1 0
    outer loop
      vertex -2.8 64.6 12
      vertex -2.20257 64.6 12.0392
      vertex -2.79743 64.6 12.0392
    endloop
  endfacet
  facet normal 0 -1 0
    outer loop
      vertex -2.8 64.6 12
      vertex -2.2 64.6 12
      vertex -2.20257 64.6 12.0392
    endloop
  endfacet
  facet normal 0 -1 0
    outer loop
      vertex -2.79743 64.6 11.9608
      vertex -2.2 64.6 12
      vertex -2.8 64.6 12
    endloop
  endfacet
  facet normal 0 -1 0
    outer loop
      vertex -2.79743 64.6 11.9608
      vertex -2.20257 64.6 11.9608
      vertex -2.2 64.6 12
    endloop
  endfacet
  facet normal 0 -1 0
    outer loop
      vertex -2.78978 64.6 11.9224
      vertex -2.20257 64.6 11.9608
      vertex -2.79743 64.6 11.9608
    endloop
  endfacet
  facet normal 0 -1 0
    outer loop
      vertex -2.78978 64.6 11.9224
      vertex -2.21022 64.6 11.9224
      vertex -2.20257 64.6 11.9608
    endloop
  endfacet
  facet normal 0 -1 0
    outer loop
      vertex -2.77716 64.6 11.8852
      vertex -2.21022 64.6 11.9224
      vertex -2.78978 64.6 11.9224
    endloop
  endfacet
  facet normal 0 -1 0
    outer loop
      vertex -2.77716 64.6 11.8852
      vertex -2.22284 64.6 11.8852
      vertex -2.21022 64.6 11.9224
    endloop
  endfacet
  facet normal 0 -1 0
    outer loop
      vertex -2.75981 64.6 11.85
      vertex -2.22284 64.6 11.8852
      vertex -2.77716 64.6 11.8852
    endloop
  endfacet
  facet normal 0 -1 0
    outer loop
      vertex -2.75981 64.6 11.85
      vertex -2.24019 64.6 11.85
      vertex -2.22284 64.6 11.8852
    endloop
  endfacet
  facet normal 0 -1 0
    outer loop
      vertex -2.73801 64.6 11.8174
      vertex -2.24019 64.6 11.85
      vertex -2.75981 64.6 11.85
    endloop
  endfacet
  facet normal 0 -1 0
    outer loop
      vertex -2.73801 64.6 11.8174
      vertex -2.26199 64.6 11.8174
      vertex -2.24019 64.6 11.85
    endloop
  endfacet
  facet normal 0 -1 0
    outer loop
      vertex -2.71213 64.6 11.7879
      vertex -2.26199 64.6 11.8174
      vertex -2.73801 64.6 11.8174
    endloop
  endfacet
  facet normal 0 -1 0
    outer loop
      vertex -2.71213 64.6 11.7879
      vertex -2.28787 64.6 11.7879
      vertex -2.26199 64.6 11.8174
    endloop
  endfacet
  facet normal 0 -1 0
    outer loop
      vertex -2.68263 64.6 11.762
      vertex -2.28787 64.6 11.7879
      vertex -2.71213 64.6 11.7879
    endloop
  endfacet
  facet normal 0 -1 0
    outer loop
      vertex -2.68263 64.6 11.762
      vertex -2.31737 64.6 11.762
      vertex -2.28787 64.6 11.7879
    endloop
  endfacet
  facet normal 0 -1 0
    outer loop
      vertex -2.65 64.6 11.7402
      vertex -2.31737 64.6 11.762
      vertex -2.68263 64.6 11.762
    endloop
  endfacet
  facet normal 0 -1 0
    outer loop
      vertex -2.65 64.6 11.7402
      vertex -2.35 64.6 11.7402
      vertex -2.31737 64.6 11.762
    endloop
  endfacet
  facet normal 0 -1 0
    outer loop
      vertex -2.6148 64.6 11.7228
      vertex -2.35 64.6 11.7402
      vertex -2.65 64.6 11.7402
    endloop
  endfacet
  facet normal 0 -1 0
    outer loop
      vertex -2.6148 64.6 11.7228
      vertex -2.38519 64.6 11.7228
      vertex -2.35 64.6 11.7402
    endloop
  endfacet
  facet normal 0 -1 0
    outer loop
      vertex -2.57765 64.6 11.7102
      vertex -2.38519 64.6 11.7228
      vertex -2.6148 64.6 11.7228
    endloop
  endfacet
  facet normal 0 -1 0
    outer loop
      vertex -2.57765 64.6 11.7102
      vertex -2.42235 64.6 11.7102
      vertex -2.38519 64.6 11.7228
    endloop
  endfacet
  facet normal 0 -1 0
    outer loop
      vertex -2.53916 64.6 11.7026
      vertex -2.42235 64.6 11.7102
      vertex -2.57765 64.6 11.7102
    endloop
  endfacet
  facet normal 0 -1 0
    outer loop
      vertex -2.53916 64.6 11.7026
      vertex -2.46084 64.6 11.7026
      vertex -2.42235 64.6 11.7102
    endloop
  endfacet
  facet normal -0 -1 0
    outer loop
      vertex -2.46084 64.6 11.7026
      vertex -2.53916 64.6 11.7026
      vertex -2.5 64.6 11.7
    endloop
  endfacet
  facet normal -0.0572987 -0.478078 -0.876447
    outer loop
      vertex -2.69579 66.8 10.5128
      vertex -2.5 66.8 10.5
      vertex -2.53916 64.6 11.7026
    endloop
  endfacet
  facet normal -0.831763 -0.478067 0.282173
    outer loop
      vertex -3.94889 66.8 12.3882
      vertex -2.78978 64.6 12.0776
      vertex -2.77716 64.6 12.1148
    endloop
  endfacet
  facet normal -0.861395 -0.478069 0.171606
    outer loop
      vertex -3.94889 66.8 12.3882
      vertex -2.79743 64.6 12.0392
      vertex -2.78978 64.6 12.0776
    endloop
  endfacet
  facet normal -0.876445 -0.478061 -0.0574608
    outer loop
      vertex -4 66.8 12
      vertex -2.79743 64.6 11.9608
      vertex -2.8 64.6 12
    endloop
  endfacet
  facet normal 0.282449 -0.478049 -0.83168
    outer loop
      vertex -2.38519 64.6 11.7228
      vertex -2.11177 66.8 10.5511
      vertex -1.92597 66.8 10.6142
    endloop
  endfacet
  facet normal 0.876446 -0.478062 0.0574301
    outer loop
      vertex -2.20257 64.6 12.0392
      vertex -1 66.8 12
      vertex -1.01283 66.8 12.1958
    endloop
  endfacet
  facet normal 0.876445 -0.478061 0.0574608
    outer loop
      vertex -2.20257 64.6 12.0392
      vertex -2.2 64.6 12
      vertex -1 66.8 12
    endloop
  endfacet
  facet normal -0.831715 -0.478061 -0.282326
    outer loop
      vertex -3.94889 66.8 11.6118
      vertex -3.88582 66.8 11.426
      vertex -2.77716 64.6 11.8852
    endloop
  endfacet
  facet normal 0.787772 -0.47806 -0.388425
    outer loop
      vertex -2.24019 64.6 11.85
      vertex -1.20096 66.8 11.25
      vertex -1.11418 66.8 11.426
    endloop
  endfacet
  facet normal 0.787823 -0.478065 -0.388316
    outer loop
      vertex -2.24019 64.6 11.85
      vertex -1.11418 66.8 11.426
      vertex -2.22284 64.6 11.8852
    endloop
  endfacet
  facet normal 0.579479 -0.478092 -0.660024
    outer loop
      vertex -2.31737 64.6 11.762
      vertex -1.43934 66.8 10.9393
      vertex -2.28787 64.6 11.7879
    endloop
  endfacet
  facet normal -0.388534 -0.478055 -0.787721
    outer loop
      vertex -3.25 66.8 10.701
      vertex -3.07402 66.8 10.6142
      vertex -2.65 64.6 11.7402
    endloop
  endfacet
  facet normal -0.487954 -0.478054 -0.730319
    outer loop
      vertex -3.41314 66.8 10.81
      vertex -3.25 66.8 10.701
      vertex -2.65 64.6 11.7402
    endloop
  endfacet
  facet normal -0.388534 -0.478055 0.787721
    outer loop
      vertex -3.25 66.8 13.299
      vertex -2.65 64.6 12.2598
      vertex -3.07402 66.8 13.3858
    endloop
  endfacet
  facet normal 0.660251 -0.478081 0.57923
    outer loop
      vertex -2.28787 64.6 12.2121
      vertex -2.26199 64.6 12.1826
      vertex -1.43934 66.8 13.0607
    endloop
  endfacet
  facet normal 0.282045 -0.478066 0.831807
    outer loop
      vertex -2.42235 64.6 12.2898
      vertex -2.38519 64.6 12.2772
      vertex -2.11177 66.8 13.4489
    endloop
  endfacet
  facet normal 0.831715 -0.478061 -0.282326
    outer loop
      vertex -2.22284 64.6 11.8852
      vertex -1.11418 66.8 11.426
      vertex -1.05111 66.8 11.6118
    endloop
  endfacet
  facet normal -0.660251 -0.478081 -0.57923
    outer loop
      vertex -3.56066 66.8 10.9393
      vertex -2.71213 64.6 11.7879
      vertex -2.73801 64.6 11.8174
    endloop
  endfacet
  facet normal 0.579479 -0.478092 0.660024
    outer loop
      vertex -2.31737 64.6 12.238
      vertex -2.28787 64.6 12.2121
      vertex -1.43934 66.8 13.0607
    endloop
  endfacet
  facet normal -0.282463 -0.478049 -0.831675
    outer loop
      vertex -3.07402 66.8 10.6142
      vertex -2.88823 66.8 10.5511
      vertex -2.6148 64.6 11.7228
    endloop
  endfacet
  facet normal -0.876445 -0.478061 0.0574608
    outer loop
      vertex -4 66.8 12
      vertex -2.8 64.6 12
      vertex -2.79743 64.6 12.0392
    endloop
  endfacet
  facet normal 0.660251 -0.478081 -0.57923
    outer loop
      vertex -2.28787 64.6 11.7879
      vertex -1.43934 66.8 10.9393
      vertex -2.26199 64.6 11.8174
    endloop
  endfacet
  facet normal -0.282463 -0.478049 0.831675
    outer loop
      vertex -3.07402 66.8 13.3858
      vertex -2.6148 64.6 12.2772
      vertex -2.88823 66.8 13.4489
    endloop
  endfacet
  facet normal -0.487933 -0.478053 0.730333
    outer loop
      vertex -3.41314 66.8 13.19
      vertex -2.68263 64.6 12.238
      vertex -2.65 64.6 12.2598
    endloop
  endfacet
  facet normal -0.487954 -0.478054 0.730319
    outer loop
      vertex -3.41314 66.8 13.19
      vertex -2.65 64.6 12.2598
      vertex -3.25 66.8 13.299
    endloop
  endfacet
  facet normal -0.876446 -0.478062 0.0574301
    outer loop
      vertex -4 66.8 12
      vertex -2.79743 64.6 12.0392
      vertex -3.98717 66.8 12.1958
    endloop
  endfacet
  facet normal -0.861442 -0.47806 0.171393
    outer loop
      vertex -3.98717 66.8 12.1958
      vertex -2.79743 64.6 12.0392
      vertex -3.94889 66.8 12.3882
    endloop
  endfacet
  facet normal -0.861442 -0.47806 -0.171393
    outer loop
      vertex -3.98717 66.8 11.8042
      vertex -3.94889 66.8 11.6118
      vertex -2.79743 64.6 11.9608
    endloop
  endfacet
  facet normal -0.57894 -0.478062 0.660519
    outer loop
      vertex -3.56066 66.8 13.0607
      vertex -2.68263 64.6 12.238
      vertex -3.41314 66.8 13.19
    endloop
  endfacet
  facet normal -0.730119 -0.478067 -0.488239
    outer loop
      vertex -3.69003 66.8 11.0869
      vertex -2.73801 64.6 11.8174
      vertex -2.75981 64.6 11.85
    endloop
  endfacet
  facet normal 0.0581885 -0.478041 -0.876408
    outer loop
      vertex -2.5 64.6 11.7
      vertex -2.5 66.8 10.5
      vertex -2.46084 64.6 11.7026
    endloop
  endfacet
  facet normal 0.861395 -0.478069 0.171606
    outer loop
      vertex -2.21022 64.6 12.0776
      vertex -2.20257 64.6 12.0392
      vertex -1.05111 66.8 12.3882
    endloop
  endfacet
  facet normal -0.787823 -0.478065 -0.388316
    outer loop
      vertex -3.88582 66.8 11.426
      vertex -2.75981 64.6 11.85
      vertex -2.77716 64.6 11.8852
    endloop
  endfacet
  facet normal -0.660251 -0.478081 0.57923
    outer loop
      vertex -3.56066 66.8 13.0607
      vertex -2.73801 64.6 12.1826
      vertex -2.71213 64.6 12.2121
    endloop
  endfacet
  facet normal 0.660519 -0.478064 -0.578938
    outer loop
      vertex -2.26199 64.6 11.8174
      vertex -1.43934 66.8 10.9393
      vertex -1.30997 66.8 11.0869
    endloop
  endfacet
  facet normal -0.0572987 -0.478078 0.876447
    outer loop
      vertex -2.69579 66.8 13.4872
      vertex -2.53916 64.6 12.2974
      vertex -2.5 66.8 13.5
    endloop
  endfacet
  facet normal -0.171443 -0.478079 0.861422
    outer loop
      vertex -2.88823 66.8 13.4489
      vertex -2.53916 64.6 12.2974
      vertex -2.69579 66.8 13.4872
    endloop
  endfacet
  facet normal -0.579479 -0.478092 -0.660024
    outer loop
      vertex -3.56066 66.8 10.9393
      vertex -2.68263 64.6 11.762
      vertex -2.71213 64.6 11.7879
    endloop
  endfacet
  facet normal -0.389226 -0.478023 -0.787399
    outer loop
      vertex -3.07402 66.8 10.6142
      vertex -2.6148 64.6 11.7228
      vertex -2.65 64.6 11.7402
    endloop
  endfacet
  facet normal -0.787823 -0.478065 0.388316
    outer loop
      vertex -3.88582 66.8 12.574
      vertex -2.77716 64.6 12.1148
      vertex -2.75981 64.6 12.15
    endloop
  endfacet
  facet normal -0.660519 -0.478064 0.578938
    outer loop
      vertex -3.69003 66.8 12.9131
      vertex -2.73801 64.6 12.1826
      vertex -3.56066 66.8 13.0607
    endloop
  endfacet
  facet normal -0.730119 -0.478067 0.488239
    outer loop
      vertex -3.69003 66.8 12.9131
      vertex -2.75981 64.6 12.15
      vertex -2.73801 64.6 12.1826
    endloop
  endfacet
  facet normal 0.487933 -0.478053 -0.730333
    outer loop
      vertex -2.35 64.6 11.7402
      vertex -1.58686 66.8 10.81
      vertex -2.31737 64.6 11.762
    endloop
  endfacet
  facet normal 0.487954 -0.478054 -0.730319
    outer loop
      vertex -2.35 64.6 11.7402
      vertex -1.75 66.8 10.701
      vertex -1.58686 66.8 10.81
    endloop
  endfacet
  facet normal -0.861395 -0.478069 -0.171606
    outer loop
      vertex -3.94889 66.8 11.6118
      vertex -2.78978 64.6 11.9224
      vertex -2.79743 64.6 11.9608
    endloop
  endfacet
  facet normal -0.282113 -0.478064 0.831785
    outer loop
      vertex -2.88823 66.8 13.4489
      vertex -2.6148 64.6 12.2772
      vertex -2.57765 64.6 12.2898
    endloop
  endfacet
  facet normal 0.389315 -0.47802 -0.787356
    outer loop
      vertex -2.38519 64.6 11.7228
      vertex -1.92597 66.8 10.6142
      vertex -2.35 64.6 11.7402
    endloop
  endfacet
  facet normal -0.660519 -0.478064 -0.578938
    outer loop
      vertex -3.69003 66.8 11.0869
      vertex -3.56066 66.8 10.9393
      vertex -2.73801 64.6 11.8174
    endloop
  endfacet
  facet normal -0.787772 -0.47806 0.388425
    outer loop
      vertex -3.88582 66.8 12.574
      vertex -2.75981 64.6 12.15
      vertex -3.79904 66.8 12.75
    endloop
  endfacet
  facet normal -0.730241 -0.478058 0.488066
    outer loop
      vertex -3.79904 66.8 12.75
      vertex -2.75981 64.6 12.15
      vertex -3.69003 66.8 12.9131
    endloop
  endfacet
  facet normal -0.831763 -0.478067 0.282173
    outer loop
      vertex -3.94889 66.8 26.3882
      vertex -2.78978 64.6 26.0776
      vertex -2.77716 64.6 26.1148
    endloop
  endfacet
  facet normal -0.861395 -0.478069 0.171606
    outer loop
      vertex -3.94889 66.8 26.3882
      vertex -2.79743 64.6 26.0392
      vertex -2.78978 64.6 26.0776
    endloop
  endfacet
  facet normal 0.876445 -0.478061 -0.0574608
    outer loop
      vertex -2.20257 64.6 25.9608
      vertex -1 66.8 26
      vertex -2.2 64.6 26
    endloop
  endfacet
  facet normal 0.876446 -0.478062 -0.0574301
    outer loop
      vertex -2.20257 64.6 25.9608
      vertex -1.01283 66.8 25.8042
      vertex -1 66.8 26
    endloop
  endfacet
  facet normal 0.831715 -0.478061 -0.282326
    outer loop
      vertex -2.22284 64.6 25.8852
      vertex -1.11418 66.8 25.426
      vertex -1.05111 66.8 25.6118
    endloop
  endfacet
  facet normal -0.57894 -0.478062 -0.660519
    outer loop
      vertex -3.56066 66.8 24.9393
      vertex -3.41314 66.8 24.81
      vertex -2.68263 64.6 25.762
    endloop
  endfacet
  facet normal 0.861395 -0.478069 -0.171606
    outer loop
      vertex -2.21022 64.6 25.9224
      vertex -1.05111 66.8 25.6118
      vertex -2.20257 64.6 25.9608
    endloop
  endfacet
  facet normal 0.171443 -0.478079 -0.861422
    outer loop
      vertex -2.46084 64.6 25.7026
      vertex -2.30421 66.8 24.5128
      vertex -2.11177 66.8 24.5511
    endloop
  endfacet
  facet normal -0.730241 -0.478058 0.488066
    outer loop
      vertex -3.79904 66.8 26.75
      vertex -2.75981 64.6 26.15
      vertex -3.69003 66.8 26.9131
    endloop
  endfacet
  facet normal 0.861442 -0.47806 -0.171393
    outer loop
      vertex -2.20257 64.6 25.9608
      vertex -1.05111 66.8 25.6118
      vertex -1.01283 66.8 25.8042
    endloop
  endfacet
  facet normal 0.0572987 -0.478078 0.876447
    outer loop
      vertex -2.5 66.8 27.5
      vertex -2.46084 64.6 26.2974
      vertex -2.30421 66.8 27.4872
    endloop
  endfacet
  facet normal 0.787772 -0.47806 0.388425
    outer loop
      vertex -2.24019 64.6 26.15
      vertex -1.11418 66.8 26.574
      vertex -1.20096 66.8 26.75
    endloop
  endfacet
  facet normal -0.787823 -0.478065 -0.388316
    outer loop
      vertex -3.88582 66.8 25.426
      vertex -2.75981 64.6 25.85
      vertex -2.77716 64.6 25.8852
    endloop
  endfacet
  facet normal 0.389315 -0.47802 -0.787356
    outer loop
      vertex -2.38519 64.6 25.7228
      vertex -1.92597 66.8 24.6142
      vertex -2.35 64.6 25.7402
    endloop
  endfacet
  facet normal 0.730119 -0.478067 -0.488239
    outer loop
      vertex -2.26199 64.6 25.8174
      vertex -1.30997 66.8 25.0869
      vertex -2.24019 64.6 25.85
    endloop
  endfacet
  facet normal 0.876446 -0.478062 0.0574301
    outer loop
      vertex -2.20257 64.6 26.0392
      vertex -1 66.8 26
      vertex -1.01283 66.8 26.1958
    endloop
  endfacet
  facet normal 0.876445 -0.478061 0.0574608
    outer loop
      vertex -2.20257 64.6 26.0392
      vertex -2.2 64.6 26
      vertex -1 66.8 26
    endloop
  endfacet
  facet normal 0.660519 -0.478064 0.578938
    outer loop
      vertex -2.26199 64.6 26.1826
      vertex -1.30997 66.8 26.9131
      vertex -1.43934 66.8 27.0607
    endloop
  endfacet
  facet normal 0.730241 -0.478058 -0.488066
    outer loop
      vertex -2.24019 64.6 25.85
      vertex -1.30997 66.8 25.0869
      vertex -1.20096 66.8 25.25
    endloop
  endfacet
  facet normal 0.388552 -0.478055 0.787712
    outer loop
      vertex -2.35 64.6 26.2598
      vertex -1.75 66.8 27.299
      vertex -1.92597 66.8 27.3858
    endloop
  endfacet
  facet normal 0.660251 -0.478081 0.57923
    outer loop
      vertex -2.28787 64.6 26.2121
      vertex -2.26199 64.6 26.1826
      vertex -1.43934 66.8 27.0607
    endloop
  endfacet
  facet normal 0.787823 -0.478065 0.388316
    outer loop
      vertex -2.24019 64.6 26.15
      vertex -2.22284 64.6 26.1148
      vertex -1.11418 66.8 26.574
    endloop
  endfacet
  facet normal -0.660251 -0.478081 0.57923
    outer loop
      vertex -3.56066 66.8 27.0607
      vertex -2.73801 64.6 26.1826
      vertex -2.71213 64.6 26.2121
    endloop
  endfacet
  facet normal 0.487933 -0.478053 -0.730333
    outer loop
      vertex -2.35 64.6 25.7402
      vertex -1.58686 66.8 24.81
      vertex -2.31737 64.6 25.762
    endloop
  endfacet
  facet normal 0.170148 -0.478024 -0.861709
    outer loop
      vertex -2.46084 64.6 25.7026
      vertex -2.11177 66.8 24.5511
      vertex -2.42235 64.6 25.7102
    endloop
  endfacet
  facet normal -0.831715 -0.478061 0.282326
    outer loop
      vertex -3.94889 66.8 26.3882
      vertex -2.77716 64.6 26.1148
      vertex -3.88582 66.8 26.574
    endloop
  endfacet
  facet normal 0.861442 -0.47806 0.171393
    outer loop
      vertex -2.20257 64.6 26.0392
      vertex -1.01283 66.8 26.1958
      vertex -1.05111 66.8 26.3882
    endloop
  endfacet
  facet normal -0.861442 -0.47806 0.171393
    outer loop
      vertex -3.98717 66.8 26.1958
      vertex -2.79743 64.6 26.0392
      vertex -3.94889 66.8 26.3882
    endloop
  endfacet
  facet normal 0.730241 -0.478058 0.488066
    outer loop
      vertex -2.24019 64.6 26.15
      vertex -1.20096 66.8 26.75
      vertex -1.30997 66.8 26.9131
    endloop
  endfacet
  facet normal 0.57894 -0.478062 -0.660519
    outer loop
      vertex -2.31737 64.6 25.762
      vertex -1.58686 66.8 24.81
      vertex -1.43934 66.8 24.9393
    endloop
  endfacet
  facet normal 0.787823 -0.478065 -0.388316
    outer loop
      vertex -2.24019 64.6 25.85
      vertex -1.11418 66.8 25.426
      vertex -2.22284 64.6 25.8852
    endloop
  endfacet
  facet normal 0.389315 -0.47802 0.787356
    outer loop
      vertex -2.38519 64.6 26.2772
      vertex -2.35 64.6 26.2598
      vertex -1.92597 66.8 27.3858
    endloop
  endfacet
  facet normal 0.0581885 -0.478041 -0.876408
    outer loop
      vertex -2.5 64.6 25.7
      vertex -2.5 66.8 24.5
      vertex -2.46084 64.6 25.7026
    endloop
  endfacet
  facet normal -0.831715 -0.478061 -0.282326
    outer loop
      vertex -3.94889 66.8 25.6118
      vertex -3.88582 66.8 25.426
      vertex -2.77716 64.6 25.8852
    endloop
  endfacet
  facet normal 0.831715 -0.478061 0.282326
    outer loop
      vertex -2.22284 64.6 26.1148
      vertex -1.05111 66.8 26.3882
      vertex -1.11418 66.8 26.574
    endloop
  endfacet
  facet normal 0.282449 -0.478049 -0.83168
    outer loop
      vertex -2.38519 64.6 25.7228
      vertex -2.11177 66.8 24.5511
      vertex -1.92597 66.8 24.6142
    endloop
  endfacet
  facet normal -0.861442 -0.47806 -0.171393
    outer loop
      vertex -3.98717 66.8 25.8042
      vertex -3.94889 66.8 25.6118
      vertex -2.79743 64.6 25.9608
    endloop
  endfacet
  facet normal -0.831763 -0.478067 -0.282173
    outer loop
      vertex -3.94889 66.8 25.6118
      vertex -2.77716 64.6 25.8852
      vertex -2.78978 64.6 25.9224
    endloop
  endfacet
  facet normal -0.388534 -0.478055 -0.787721
    outer loop
      vertex -3.25 66.8 24.701
      vertex -3.07402 66.8 24.6142
      vertex -2.65 64.6 25.7402
    endloop
  endfacet
  facet normal -0.660519 -0.478064 0.578938
    outer loop
      vertex -3.69003 66.8 26.9131
      vertex -2.73801 64.6 26.1826
      vertex -3.56066 66.8 27.0607
    endloop
  endfacet
  facet normal 0.487954 -0.478054 -0.730319
    outer loop
      vertex -2.35 64.6 25.7402
      vertex -1.75 66.8 24.701
      vertex -1.58686 66.8 24.81
    endloop
  endfacet
  facet normal 0.0572987 -0.478078 -0.876447
    outer loop
      vertex -2.5 66.8 24.5
      vertex -2.30421 66.8 24.5128
      vertex -2.46084 64.6 25.7026
    endloop
  endfacet
  facet normal 0.282045 -0.478066 -0.831807
    outer loop
      vertex -2.42235 64.6 25.7102
      vertex -2.11177 66.8 24.5511
      vertex -2.38519 64.6 25.7228
    endloop
  endfacet
  facet normal -0.876445 -0.478061 -0.0574608
    outer loop
      vertex -4 66.8 26
      vertex -2.79743 64.6 25.9608
      vertex -2.8 64.6 26
    endloop
  endfacet
  facet normal -0.660519 -0.478064 -0.578938
    outer loop
      vertex -3.69003 66.8 25.0869
      vertex -3.56066 66.8 24.9393
      vertex -2.73801 64.6 25.8174
    endloop
  endfacet
  facet normal 0.660519 -0.478064 -0.578938
    outer loop
      vertex -2.26199 64.6 25.8174
      vertex -1.43934 66.8 24.9393
      vertex -1.30997 66.8 25.0869
    endloop
  endfacet
  facet normal 0.282045 -0.478066 0.831807
    outer loop
      vertex -2.42235 64.6 26.2898
      vertex -2.38519 64.6 26.2772
      vertex -2.11177 66.8 27.4489
    endloop
  endfacet
  facet normal -0.487954 -0.478054 -0.730319
    outer loop
      vertex -3.41314 66.8 24.81
      vertex -3.25 66.8 24.701
      vertex -2.65 64.6 25.7402
    endloop
  endfacet
  facet normal 0.831763 -0.478067 -0.282173
    outer loop
      vertex -2.22284 64.6 25.8852
      vertex -1.05111 66.8 25.6118
      vertex -2.21022 64.6 25.9224
    endloop
  endfacet
  facet normal -0.0581885 -0.478041 0.876408
    outer loop
      vertex -2.53916 64.6 26.2974
      vertex -2.5 64.6 26.3
      vertex -2.5 66.8 27.5
    endloop
  endfacet
  facet normal -0.787772 -0.47806 -0.388425
    outer loop
      vertex -3.88582 66.8 25.426
      vertex -3.79904 66.8 25.25
      vertex -2.75981 64.6 25.85
    endloop
  endfacet
  facet normal -0.388534 -0.478055 0.787721
    outer loop
      vertex -3.25 66.8 27.299
      vertex -2.65 64.6 26.2598
      vertex -3.07402 66.8 27.3858
    endloop
  endfacet
  facet normal 0.170148 -0.478024 0.861709
    outer loop
      vertex -2.46084 64.6 26.2974
      vertex -2.42235 64.6 26.2898
      vertex -2.11177 66.8 27.4489
    endloop
  endfacet
  facet normal 0.388552 -0.478055 -0.787712
    outer loop
      vertex -2.35 64.6 25.7402
      vertex -1.92597 66.8 24.6142
      vertex -1.75 66.8 24.701
    endloop
  endfacet
  facet normal -0.579479 -0.478092 -0.660024
    outer loop
      vertex -3.56066 66.8 24.9393
      vertex -2.68263 64.6 25.762
      vertex -2.71213 64.6 25.7879
    endloop
  endfacet
  facet normal -0.0572987 -0.478078 -0.876447
    outer loop
      vertex -2.69579 66.8 24.5128
      vertex -2.5 66.8 24.5
      vertex -2.53916 64.6 25.7026
    endloop
  endfacet
  facet normal 0.0581885 -0.478041 0.876408
    outer loop
      vertex -2.5 64.6 26.3
      vertex -2.46084 64.6 26.2974
      vertex -2.5 66.8 27.5
    endloop
  endfacet
  facet normal 0.831763 -0.478067 0.282173
    outer loop
      vertex -2.22284 64.6 26.1148
      vertex -2.21022 64.6 26.0776
      vertex -1.05111 66.8 26.3882
    endloop
  endfacet
  facet normal -0.389226 -0.478023 -0.787399
    outer loop
      vertex -3.07402 66.8 24.6142
      vertex -2.6148 64.6 25.7228
      vertex -2.65 64.6 25.7402
    endloop
  endfacet
  facet normal 0.730119 -0.478067 0.488239
    outer loop
      vertex -2.26199 64.6 26.1826
      vertex -2.24019 64.6 26.15
      vertex -1.30997 66.8 26.9131
    endloop
  endfacet
  facet normal 0.787772 -0.47806 -0.388425
    outer loop
      vertex -2.24019 64.6 25.85
      vertex -1.20096 66.8 25.25
      vertex -1.11418 66.8 25.426
    endloop
  endfacet
  facet normal -0.487954 -0.478054 0.730319
    outer loop
      vertex -3.41314 66.8 27.19
      vertex -2.65 64.6 26.2598
      vertex -3.25 66.8 27.299
    endloop
  endfacet
  facet normal -0.171443 -0.478079 0.861422
    outer loop
      vertex -2.88823 66.8 27.4489
      vertex -2.53916 64.6 26.2974
      vertex -2.69579 66.8 27.4872
    endloop
  endfacet
  facet normal 0.57894 -0.478062 0.660519
    outer loop
      vertex -2.31737 64.6 26.238
      vertex -1.43934 66.8 27.0607
      vertex -1.58686 66.8 27.19
    endloop
  endfacet
  facet normal 0.861395 -0.478069 0.171606
    outer loop
      vertex -2.21022 64.6 26.0776
      vertex -2.20257 64.6 26.0392
      vertex -1.05111 66.8 26.3882
    endloop
  endfacet
  facet normal 0.660251 -0.478081 -0.57923
    outer loop
      vertex -2.28787 64.6 25.7879
      vertex -1.43934 66.8 24.9393
      vertex -2.26199 64.6 25.8174
    endloop
  endfacet
  facet normal -0.730119 -0.478067 -0.488239
    outer loop
      vertex -3.69003 66.8 25.0869
      vertex -2.73801 64.6 25.8174
      vertex -2.75981 64.6 25.85
    endloop
  endfacet
  facet normal 0.487954 -0.478054 0.730319
    outer loop
      vertex -2.35 64.6 26.2598
      vertex -1.58686 66.8 27.19
      vertex -1.75 66.8 27.299
    endloop
  endfacet
  facet normal -0.0572987 -0.478078 0.876447
    outer loop
      vertex -2.69579 66.8 27.4872
      vertex -2.53916 64.6 26.2974
      vertex -2.5 66.8 27.5
    endloop
  endfacet
  facet normal 0.171443 -0.478079 0.861422
    outer loop
      vertex -2.46084 64.6 26.2974
      vertex -2.11177 66.8 27.4489
      vertex -2.30421 66.8 27.4872
    endloop
  endfacet
  facet normal -0.876445 -0.478061 0.0574608
    outer loop
      vertex -4 66.8 26
      vertex -2.8 64.6 26
      vertex -2.79743 64.6 26.0392
    endloop
  endfacet
  facet normal -0.876446 -0.478062 0.0574301
    outer loop
      vertex -4 66.8 26
      vertex -2.79743 64.6 26.0392
      vertex -3.98717 66.8 26.1958
    endloop
  endfacet
  facet normal -0.282113 -0.478064 0.831785
    outer loop
      vertex -2.88823 66.8 27.4489
      vertex -2.6148 64.6 26.2772
      vertex -2.57765 64.6 26.2898
    endloop
  endfacet
  facet normal -0.579479 -0.478092 0.660024
    outer loop
      vertex -3.56066 66.8 27.0607
      vertex -2.71213 64.6 26.2121
      vertex -2.68263 64.6 26.238
    endloop
  endfacet
  facet normal 0.282449 -0.478049 0.83168
    outer loop
      vertex -2.38519 64.6 26.2772
      vertex -1.92597 66.8 27.3858
      vertex -2.11177 66.8 27.4489
    endloop
  endfacet
  facet normal -0.170148 -0.478024 -0.861709
    outer loop
      vertex -2.88823 66.8 24.5511
      vertex -2.53916 64.6 25.7026
      vertex -2.57765 64.6 25.7102
    endloop
  endfacet
  facet normal 0.579479 -0.478092 -0.660024
    outer loop
      vertex -2.31737 64.6 25.762
      vertex -1.43934 66.8 24.9393
      vertex -2.28787 64.6 25.7879
    endloop
  endfacet
  facet normal -0.876446 -0.478062 -0.0574301
    outer loop
      vertex -4 66.8 26
      vertex -3.98717 66.8 25.8042
      vertex -2.79743 64.6 25.9608
    endloop
  endfacet
  facet normal -0.171443 -0.478079 -0.861422
    outer loop
      vertex -2.88823 66.8 24.5511
      vertex -2.69579 66.8 24.5128
      vertex -2.53916 64.6 25.7026
    endloop
  endfacet
  facet normal -0.282463 -0.478049 -0.831675
    outer loop
      vertex -3.07402 66.8 24.6142
      vertex -2.88823 66.8 24.5511
      vertex -2.6148 64.6 25.7228
    endloop
  endfacet
  facet normal -0.487933 -0.478053 -0.730333
    outer loop
      vertex -3.41314 66.8 24.81
      vertex -2.65 64.6 25.7402
      vertex -2.68263 64.6 25.762
    endloop
  endfacet
  facet normal -0.0581885 -0.478041 -0.876408
    outer loop
      vertex -2.53916 64.6 25.7026
      vertex -2.5 66.8 24.5
      vertex -2.5 64.6 25.7
    endloop
  endfacet
  facet normal -0.861395 -0.478069 -0.171606
    outer loop
      vertex -3.94889 66.8 25.6118
      vertex -2.78978 64.6 25.9224
      vertex -2.79743 64.6 25.9608
    endloop
  endfacet
  facet normal -0.282113 -0.478064 -0.831785
    outer loop
      vertex -2.88823 66.8 24.5511
      vertex -2.57765 64.6 25.7102
      vertex -2.6148 64.6 25.7228
    endloop
  endfacet
  facet normal -0.730241 -0.478058 -0.488066
    outer loop
      vertex -3.79904 66.8 25.25
      vertex -3.69003 66.8 25.0869
      vertex -2.75981 64.6 25.85
    endloop
  endfacet
  facet normal 0.487933 -0.478053 0.730333
    outer loop
      vertex -2.35 64.6 26.2598
      vertex -2.31737 64.6 26.238
      vertex -1.58686 66.8 27.19
    endloop
  endfacet
  facet normal 0.579479 -0.478092 0.660024
    outer loop
      vertex -2.31737 64.6 26.238
      vertex -2.28787 64.6 26.2121
      vertex -1.43934 66.8 27.0607
    endloop
  endfacet
  facet normal -0.730119 -0.478067 0.488239
    outer loop
      vertex -3.69003 66.8 26.9131
      vertex -2.75981 64.6 26.15
      vertex -2.73801 64.6 26.1826
    endloop
  endfacet
  facet normal -0.170148 -0.478024 0.861709
    outer loop
      vertex -2.88823 66.8 27.4489
      vertex -2.57765 64.6 26.2898
      vertex -2.53916 64.6 26.2974
    endloop
  endfacet
  facet normal -0.389226 -0.478023 0.787399
    outer loop
      vertex -3.07402 66.8 27.3858
      vertex -2.65 64.6 26.2598
      vertex -2.6148 64.6 26.2772
    endloop
  endfacet
  facet normal -0.282463 -0.478049 0.831675
    outer loop
      vertex -3.07402 66.8 27.3858
      vertex -2.6148 64.6 26.2772
      vertex -2.88823 66.8 27.4489
    endloop
  endfacet
  facet normal -0.57894 -0.478062 0.660519
    outer loop
      vertex -3.56066 66.8 27.0607
      vertex -2.68263 64.6 26.238
      vertex -3.41314 66.8 27.19
    endloop
  endfacet
  facet normal -0.487933 -0.478053 0.730333
    outer loop
      vertex -3.41314 66.8 27.19
      vertex -2.68263 64.6 26.238
      vertex -2.65 64.6 26.2598
    endloop
  endfacet
  facet normal -0.660251 -0.478081 -0.57923
    outer loop
      vertex -3.56066 66.8 24.9393
      vertex -2.71213 64.6 25.7879
      vertex -2.73801 64.6 25.8174
    endloop
  endfacet
  facet normal 0 -1 0
    outer loop
      vertex -2.53916 64.6 26.2974
      vertex -2.46084 64.6 26.2974
      vertex -2.5 64.6 26.3
    endloop
  endfacet
  facet normal 0 -1 0
    outer loop
      vertex -2.57765 64.6 26.2898
      vertex -2.46084 64.6 26.2974
      vertex -2.53916 64.6 26.2974
    endloop
  endfacet
  facet normal 0 -1 0
    outer loop
      vertex -2.57765 64.6 26.2898
      vertex -2.42235 64.6 26.2898
      vertex -2.46084 64.6 26.2974
    endloop
  endfacet
  facet normal 0 -1 0
    outer loop
      vertex -2.6148 64.6 26.2772
      vertex -2.42235 64.6 26.2898
      vertex -2.57765 64.6 26.2898
    endloop
  endfacet
  facet normal 0 -1 0
    outer loop
      vertex -2.6148 64.6 26.2772
      vertex -2.38519 64.6 26.2772
      vertex -2.42235 64.6 26.2898
    endloop
  endfacet
  facet normal 0 -1 0
    outer loop
      vertex -2.65 64.6 26.2598
      vertex -2.38519 64.6 26.2772
      vertex -2.6148 64.6 26.2772
    endloop
  endfacet
  facet normal 0 -1 0
    outer loop
      vertex -2.65 64.6 26.2598
      vertex -2.35 64.6 26.2598
      vertex -2.38519 64.6 26.2772
    endloop
  endfacet
  facet normal 0 -1 0
    outer loop
      vertex -2.68263 64.6 26.238
      vertex -2.35 64.6 26.2598
      vertex -2.65 64.6 26.2598
    endloop
  endfacet
  facet normal 0 -1 0
    outer loop
      vertex -2.68263 64.6 26.238
      vertex -2.31737 64.6 26.238
      vertex -2.35 64.6 26.2598
    endloop
  endfacet
  facet normal 0 -1 0
    outer loop
      vertex -2.71213 64.6 26.2121
      vertex -2.31737 64.6 26.238
      vertex -2.68263 64.6 26.238
    endloop
  endfacet
  facet normal 0 -1 0
    outer loop
      vertex -2.71213 64.6 26.2121
      vertex -2.28787 64.6 26.2121
      vertex -2.31737 64.6 26.238
    endloop
  endfacet
  facet normal 0 -1 0
    outer loop
      vertex -2.73801 64.6 26.1826
      vertex -2.28787 64.6 26.2121
      vertex -2.71213 64.6 26.2121
    endloop
  endfacet
  facet normal 0 -1 0
    outer loop
      vertex -2.73801 64.6 26.1826
      vertex -2.26199 64.6 26.1826
      vertex -2.28787 64.6 26.2121
    endloop
  endfacet
  facet normal 0 -1 0
    outer loop
      vertex -2.75981 64.6 26.15
      vertex -2.26199 64.6 26.1826
      vertex -2.73801 64.6 26.1826
    endloop
  endfacet
  facet normal 0 -1 0
    outer loop
      vertex -2.75981 64.6 26.15
      vertex -2.24019 64.6 26.15
      vertex -2.26199 64.6 26.1826
    endloop
  endfacet
  facet normal 0 -1 0
    outer loop
      vertex -2.77716 64.6 26.1148
      vertex -2.24019 64.6 26.15
      vertex -2.75981 64.6 26.15
    endloop
  endfacet
  facet normal 0 -1 0
    outer loop
      vertex -2.77716 64.6 26.1148
      vertex -2.22284 64.6 26.1148
      vertex -2.24019 64.6 26.15
    endloop
  endfacet
  facet normal 0 -1 0
    outer loop
      vertex -2.78978 64.6 26.0776
      vertex -2.22284 64.6 26.1148
      vertex -2.77716 64.6 26.1148
    endloop
  endfacet
  facet normal 0 -1 0
    outer loop
      vertex -2.78978 64.6 26.0776
      vertex -2.21022 64.6 26.0776
      vertex -2.22284 64.6 26.1148
    endloop
  endfacet
  facet normal 0 -1 0
    outer loop
      vertex -2.79743 64.6 26.0392
      vertex -2.21022 64.6 26.0776
      vertex -2.78978 64.6 26.0776
    endloop
  endfacet
  facet normal 0 -1 0
    outer loop
      vertex -2.79743 64.6 26.0392
      vertex -2.20257 64.6 26.0392
      vertex -2.21022 64.6 26.0776
    endloop
  endfacet
  facet normal 0 -1 0
    outer loop
      vertex -2.8 64.6 26
      vertex -2.20257 64.6 26.0392
      vertex -2.79743 64.6 26.0392
    endloop
  endfacet
  facet normal 0 -1 0
    outer loop
      vertex -2.8 64.6 26
      vertex -2.2 64.6 26
      vertex -2.20257 64.6 26.0392
    endloop
  endfacet
  facet normal 0 -1 0
    outer loop
      vertex -2.79743 64.6 25.9608
      vertex -2.2 64.6 26
      vertex -2.8 64.6 26
    endloop
  endfacet
  facet normal 0 -1 0
    outer loop
      vertex -2.79743 64.6 25.9608
      vertex -2.20257 64.6 25.9608
      vertex -2.2 64.6 26
    endloop
  endfacet
  facet normal 0 -1 0
    outer loop
      vertex -2.78978 64.6 25.9224
      vertex -2.20257 64.6 25.9608
      vertex -2.79743 64.6 25.9608
    endloop
  endfacet
  facet normal 0 -1 0
    outer loop
      vertex -2.78978 64.6 25.9224
      vertex -2.21022 64.6 25.9224
      vertex -2.20257 64.6 25.9608
    endloop
  endfacet
  facet normal 0 -1 0
    outer loop
      vertex -2.77716 64.6 25.8852
      vertex -2.21022 64.6 25.9224
      vertex -2.78978 64.6 25.9224
    endloop
  endfacet
  facet normal 0 -1 0
    outer loop
      vertex -2.77716 64.6 25.8852
      vertex -2.22284 64.6 25.8852
      vertex -2.21022 64.6 25.9224
    endloop
  endfacet
  facet normal 0 -1 0
    outer loop
      vertex -2.75981 64.6 25.85
      vertex -2.22284 64.6 25.8852
      vertex -2.77716 64.6 25.8852
    endloop
  endfacet
  facet normal 0 -1 0
    outer loop
      vertex -2.75981 64.6 25.85
      vertex -2.24019 64.6 25.85
      vertex -2.22284 64.6 25.8852
    endloop
  endfacet
  facet normal 0 -1 0
    outer loop
      vertex -2.73801 64.6 25.8174
      vertex -2.24019 64.6 25.85
      vertex -2.75981 64.6 25.85
    endloop
  endfacet
  facet normal 0 -1 0
    outer loop
      vertex -2.73801 64.6 25.8174
      vertex -2.26199 64.6 25.8174
      vertex -2.24019 64.6 25.85
    endloop
  endfacet
  facet normal 0 -1 0
    outer loop
      vertex -2.71213 64.6 25.7879
      vertex -2.26199 64.6 25.8174
      vertex -2.73801 64.6 25.8174
    endloop
  endfacet
  facet normal 0 -1 0
    outer loop
      vertex -2.71213 64.6 25.7879
      vertex -2.28787 64.6 25.7879
      vertex -2.26199 64.6 25.8174
    endloop
  endfacet
  facet normal 0 -1 0
    outer loop
      vertex -2.68263 64.6 25.762
      vertex -2.28787 64.6 25.7879
      vertex -2.71213 64.6 25.7879
    endloop
  endfacet
  facet normal 0 -1 0
    outer loop
      vertex -2.68263 64.6 25.762
      vertex -2.31737 64.6 25.762
      vertex -2.28787 64.6 25.7879
    endloop
  endfacet
  facet normal 0 -1 0
    outer loop
      vertex -2.65 64.6 25.7402
      vertex -2.31737 64.6 25.762
      vertex -2.68263 64.6 25.762
    endloop
  endfacet
  facet normal 0 -1 0
    outer loop
      vertex -2.65 64.6 25.7402
      vertex -2.35 64.6 25.7402
      vertex -2.31737 64.6 25.762
    endloop
  endfacet
  facet normal 0 -1 0
    outer loop
      vertex -2.6148 64.6 25.7228
      vertex -2.35 64.6 25.7402
      vertex -2.65 64.6 25.7402
    endloop
  endfacet
  facet normal 0 -1 0
    outer loop
      vertex -2.6148 64.6 25.7228
      vertex -2.38519 64.6 25.7228
      vertex -2.35 64.6 25.7402
    endloop
  endfacet
  facet normal 0 -1 0
    outer loop
      vertex -2.57765 64.6 25.7102
      vertex -2.38519 64.6 25.7228
      vertex -2.6148 64.6 25.7228
    endloop
  endfacet
  facet normal 0 -1 0
    outer loop
      vertex -2.57765 64.6 25.7102
      vertex -2.42235 64.6 25.7102
      vertex -2.38519 64.6 25.7228
    endloop
  endfacet
  facet normal 0 -1 0
    outer loop
      vertex -2.53916 64.6 25.7026
      vertex -2.42235 64.6 25.7102
      vertex -2.57765 64.6 25.7102
    endloop
  endfacet
  facet normal 0 -1 0
    outer loop
      vertex -2.53916 64.6 25.7026
      vertex -2.46084 64.6 25.7026
      vertex -2.42235 64.6 25.7102
    endloop
  endfacet
  facet normal -0 -1 0
    outer loop
      vertex -2.46084 64.6 25.7026
      vertex -2.53916 64.6 25.7026
      vertex -2.5 64.6 25.7
    endloop
  endfacet
  facet normal -0.787823 -0.478065 0.388316
    outer loop
      vertex -3.88582 66.8 26.574
      vertex -2.77716 64.6 26.1148
      vertex -2.75981 64.6 26.15
    endloop
  endfacet
  facet normal -0.787772 -0.47806 0.388425
    outer loop
      vertex -3.88582 66.8 26.574
      vertex -2.75981 64.6 26.15
      vertex -3.79904 66.8 26.75
    endloop
  endfacet
  facet normal 0.170148 -0.478024 -0.861709
    outer loop
      vertex -2.46084 64.6 39.7026
      vertex -2.11177 66.8 38.5511
      vertex -2.42235 64.6 39.7102
    endloop
  endfacet
  facet normal 0.171443 -0.478079 -0.861422
    outer loop
      vertex -2.46084 64.6 39.7026
      vertex -2.30421 66.8 38.5128
      vertex -2.11177 66.8 38.5511
    endloop
  endfacet
  facet normal 0.876445 -0.478061 -0.0574608
    outer loop
      vertex -2.20257 64.6 39.9608
      vertex -1 66.8 40
      vertex -2.2 64.6 40
    endloop
  endfacet
  facet normal 0.876446 -0.478062 -0.0574301
    outer loop
      vertex -2.20257 64.6 39.9608
      vertex -1.01283 66.8 39.8042
      vertex -1 66.8 40
    endloop
  endfacet
  facet normal 0.831715 -0.478061 -0.282326
    outer loop
      vertex -2.22284 64.6 39.8852
      vertex -1.11418 66.8 39.426
      vertex -1.05111 66.8 39.6118
    endloop
  endfacet
  facet normal 0.0572987 -0.478078 -0.876447
    outer loop
      vertex -2.5 66.8 38.5
      vertex -2.30421 66.8 38.5128
      vertex -2.46084 64.6 39.7026
    endloop
  endfacet
  facet normal 0.861395 -0.478069 -0.171606
    outer loop
      vertex -2.21022 64.6 39.9224
      vertex -1.05111 66.8 39.6118
      vertex -2.20257 64.6 39.9608
    endloop
  endfacet
  facet normal 0.579479 -0.478092 0.660024
    outer loop
      vertex -2.31737 64.6 40.238
      vertex -2.28787 64.6 40.2121
      vertex -1.43934 66.8 41.0607
    endloop
  endfacet
  facet normal -0.787823 -0.478065 0.388316
    outer loop
      vertex -3.88582 66.8 40.574
      vertex -2.77716 64.6 40.1148
      vertex -2.75981 64.6 40.15
    endloop
  endfacet
  facet normal 0.861442 -0.47806 -0.171393
    outer loop
      vertex -2.20257 64.6 39.9608
      vertex -1.05111 66.8 39.6118
      vertex -1.01283 66.8 39.8042
    endloop
  endfacet
  facet normal 0.389315 -0.47802 0.787356
    outer loop
      vertex -2.38519 64.6 40.2772
      vertex -2.35 64.6 40.2598
      vertex -1.92597 66.8 41.3858
    endloop
  endfacet
  facet normal 0.787772 -0.47806 0.388425
    outer loop
      vertex -2.24019 64.6 40.15
      vertex -1.11418 66.8 40.574
      vertex -1.20096 66.8 40.75
    endloop
  endfacet
  facet normal 0.861395 -0.478069 0.171606
    outer loop
      vertex -2.21022 64.6 40.0776
      vertex -2.20257 64.6 40.0392
      vertex -1.05111 66.8 40.3882
    endloop
  endfacet
  facet normal -0.579479 -0.478092 0.660024
    outer loop
      vertex -3.56066 66.8 41.0607
      vertex -2.71213 64.6 40.2121
      vertex -2.68263 64.6 40.238
    endloop
  endfacet
  facet normal 0.487933 -0.478053 0.730333
    outer loop
      vertex -2.35 64.6 40.2598
      vertex -2.31737 64.6 40.238
      vertex -1.58686 66.8 41.19
    endloop
  endfacet
  facet normal 0.876446 -0.478062 0.0574301
    outer loop
      vertex -2.20257 64.6 40.0392
      vertex -1 66.8 40
      vertex -1.01283 66.8 40.1958
    endloop
  endfacet
  facet normal -0.861442 -0.47806 0.171393
    outer loop
      vertex -3.98717 66.8 40.1958
      vertex -2.79743 64.6 40.0392
      vertex -3.94889 66.8 40.3882
    endloop
  endfacet
  facet normal -0.389226 -0.478023 -0.787399
    outer loop
      vertex -3.07402 66.8 38.6142
      vertex -2.6148 64.6 39.7228
      vertex -2.65 64.6 39.7402
    endloop
  endfacet
  facet normal 0.831763 -0.478067 0.282173
    outer loop
      vertex -2.22284 64.6 40.1148
      vertex -2.21022 64.6 40.0776
      vertex -1.05111 66.8 40.3882
    endloop
  endfacet
  facet normal -0.660519 -0.478064 -0.578938
    outer loop
      vertex -3.69003 66.8 39.0869
      vertex -3.56066 66.8 38.9393
      vertex -2.73801 64.6 39.8174
    endloop
  endfacet
  facet normal -0.388534 -0.478055 -0.787721
    outer loop
      vertex -3.25 66.8 38.701
      vertex -3.07402 66.8 38.6142
      vertex -2.65 64.6 39.7402
    endloop
  endfacet
  facet normal 0.787823 -0.478065 0.388316
    outer loop
      vertex -2.24019 64.6 40.15
      vertex -2.22284 64.6 40.1148
      vertex -1.11418 66.8 40.574
    endloop
  endfacet
  facet normal 0.389315 -0.47802 -0.787356
    outer loop
      vertex -2.38519 64.6 39.7228
      vertex -1.92597 66.8 38.6142
      vertex -2.35 64.6 39.7402
    endloop
  endfacet
  facet normal 0.660251 -0.478081 0.57923
    outer loop
      vertex -2.28787 64.6 40.2121
      vertex -2.26199 64.6 40.1826
      vertex -1.43934 66.8 41.0607
    endloop
  endfacet
  facet normal 0.861442 -0.47806 0.171393
    outer loop
      vertex -2.20257 64.6 40.0392
      vertex -1.01283 66.8 40.1958
      vertex -1.05111 66.8 40.3882
    endloop
  endfacet
  facet normal -0.831715 -0.478061 0.282326
    outer loop
      vertex -3.94889 66.8 40.3882
      vertex -2.77716 64.6 40.1148
      vertex -3.88582 66.8 40.574
    endloop
  endfacet
  facet normal 0.876445 -0.478061 0.0574608
    outer loop
      vertex -2.20257 64.6 40.0392
      vertex -2.2 64.6 40
      vertex -1 66.8 40
    endloop
  endfacet
  facet normal 0.730241 -0.478058 0.488066
    outer loop
      vertex -2.24019 64.6 40.15
      vertex -1.20096 66.8 40.75
      vertex -1.30997 66.8 40.9131
    endloop
  endfacet
  facet normal 0.57894 -0.478062 -0.660519
    outer loop
      vertex -2.31737 64.6 39.762
      vertex -1.58686 66.8 38.81
      vertex -1.43934 66.8 38.9393
    endloop
  endfacet
  facet normal -0.487933 -0.478053 0.730333
    outer loop
      vertex -3.41314 66.8 41.19
      vertex -2.68263 64.6 40.238
      vertex -2.65 64.6 40.2598
    endloop
  endfacet
  facet normal 0.282045 -0.478066 0.831807
    outer loop
      vertex -2.42235 64.6 40.2898
      vertex -2.38519 64.6 40.2772
      vertex -2.11177 66.8 41.4489
    endloop
  endfacet
  facet normal -0.861395 -0.478069 0.171606
    outer loop
      vertex -3.94889 66.8 40.3882
      vertex -2.79743 64.6 40.0392
      vertex -2.78978 64.6 40.0776
    endloop
  endfacet
  facet normal -0.660251 -0.478081 0.57923
    outer loop
      vertex -3.56066 66.8 41.0607
      vertex -2.73801 64.6 40.1826
      vertex -2.71213 64.6 40.2121
    endloop
  endfacet
  facet normal 0.388552 -0.478055 0.787712
    outer loop
      vertex -2.35 64.6 40.2598
      vertex -1.75 66.8 41.299
      vertex -1.92597 66.8 41.3858
    endloop
  endfacet
  facet normal 0.831715 -0.478061 0.282326
    outer loop
      vertex -2.22284 64.6 40.1148
      vertex -1.05111 66.8 40.3882
      vertex -1.11418 66.8 40.574
    endloop
  endfacet
  facet normal 0.730241 -0.478058 -0.488066
    outer loop
      vertex -2.24019 64.6 39.85
      vertex -1.30997 66.8 39.0869
      vertex -1.20096 66.8 39.25
    endloop
  endfacet
  facet normal 0.57894 -0.478062 0.660519
    outer loop
      vertex -2.31737 64.6 40.238
      vertex -1.43934 66.8 41.0607
      vertex -1.58686 66.8 41.19
    endloop
  endfacet
  facet normal -0.487954 -0.478054 0.730319
    outer loop
      vertex -3.41314 66.8 41.19
      vertex -2.65 64.6 40.2598
      vertex -3.25 66.8 41.299
    endloop
  endfacet
  facet normal -0.861442 -0.47806 -0.171393
    outer loop
      vertex -3.98717 66.8 39.8042
      vertex -3.94889 66.8 39.6118
      vertex -2.79743 64.6 39.9608
    endloop
  endfacet
  facet normal 0.171443 -0.478079 0.861422
    outer loop
      vertex -2.46084 64.6 40.2974
      vertex -2.11177 66.8 41.4489
      vertex -2.30421 66.8 41.4872
    endloop
  endfacet
  facet normal -0.831763 -0.478067 0.282173
    outer loop
      vertex -3.94889 66.8 40.3882
      vertex -2.78978 64.6 40.0776
      vertex -2.77716 64.6 40.1148
    endloop
  endfacet
  facet normal -0.57894 -0.478062 -0.660519
    outer loop
      vertex -3.56066 66.8 38.9393
      vertex -3.41314 66.8 38.81
      vertex -2.68263 64.6 39.762
    endloop
  endfacet
  facet normal 0.282449 -0.478049 0.83168
    outer loop
      vertex -2.38519 64.6 40.2772
      vertex -1.92597 66.8 41.3858
      vertex -2.11177 66.8 41.4489
    endloop
  endfacet
  facet normal 0.660519 -0.478064 -0.578938
    outer loop
      vertex -2.26199 64.6 39.8174
      vertex -1.43934 66.8 38.9393
      vertex -1.30997 66.8 39.0869
    endloop
  endfacet
  facet normal -0.730241 -0.478058 -0.488066
    outer loop
      vertex -3.79904 66.8 39.25
      vertex -3.69003 66.8 39.0869
      vertex -2.75981 64.6 39.85
    endloop
  endfacet
  facet normal -0.487954 -0.478054 -0.730319
    outer loop
      vertex -3.41314 66.8 38.81
      vertex -3.25 66.8 38.701
      vertex -2.65 64.6 39.7402
    endloop
  endfacet
  facet normal -0.579479 -0.478092 -0.660024
    outer loop
      vertex -3.56066 66.8 38.9393
      vertex -2.68263 64.6 39.762
      vertex -2.71213 64.6 39.7879
    endloop
  endfacet
  facet normal -0.787772 -0.47806 -0.388425
    outer loop
      vertex -3.88582 66.8 39.426
      vertex -3.79904 66.8 39.25
      vertex -2.75981 64.6 39.85
    endloop
  endfacet
  facet normal 0.831763 -0.478067 -0.282173
    outer loop
      vertex -2.22284 64.6 39.8852
      vertex -1.05111 66.8 39.6118
      vertex -2.21022 64.6 39.9224
    endloop
  endfacet
  facet normal -0.660519 -0.478064 0.578938
    outer loop
      vertex -3.69003 66.8 40.9131
      vertex -2.73801 64.6 40.1826
      vertex -3.56066 66.8 41.0607
    endloop
  endfacet
  facet normal -0.282113 -0.478064 -0.831785
    outer loop
      vertex -2.88823 66.8 38.5511
      vertex -2.57765 64.6 39.7102
      vertex -2.6148 64.6 39.7228
    endloop
  endfacet
  facet normal 0.282449 -0.478049 -0.83168
    outer loop
      vertex -2.38519 64.6 39.7228
      vertex -2.11177 66.8 38.5511
      vertex -1.92597 66.8 38.6142
    endloop
  endfacet
  facet normal 0.487933 -0.478053 -0.730333
    outer loop
      vertex -2.35 64.6 39.7402
      vertex -1.58686 66.8 38.81
      vertex -2.31737 64.6 39.762
    endloop
  endfacet
  facet normal 0.487954 -0.478054 -0.730319
    outer loop
      vertex -2.35 64.6 39.7402
      vertex -1.75 66.8 38.701
      vertex -1.58686 66.8 38.81
    endloop
  endfacet
  facet normal -0.0572987 -0.478078 -0.876447
    outer loop
      vertex -2.69579 66.8 38.5128
      vertex -2.5 66.8 38.5
      vertex -2.53916 64.6 39.7026
    endloop
  endfacet
  facet normal -0.487933 -0.478053 -0.730333
    outer loop
      vertex -3.41314 66.8 38.81
      vertex -2.65 64.6 39.7402
      vertex -2.68263 64.6 39.762
    endloop
  endfacet
  facet normal -0.730119 -0.478067 0.488239
    outer loop
      vertex -3.69003 66.8 40.9131
      vertex -2.75981 64.6 40.15
      vertex -2.73801 64.6 40.1826
    endloop
  endfacet
  facet normal -0.861395 -0.478069 -0.171606
    outer loop
      vertex -3.94889 66.8 39.6118
      vertex -2.78978 64.6 39.9224
      vertex -2.79743 64.6 39.9608
    endloop
  endfacet
  facet normal -0.170148 -0.478024 0.861709
    outer loop
      vertex -2.88823 66.8 41.4489
      vertex -2.57765 64.6 40.2898
      vertex -2.53916 64.6 40.2974
    endloop
  endfacet
  facet normal 0.282045 -0.478066 -0.831807
    outer loop
      vertex -2.42235 64.6 39.7102
      vertex -2.11177 66.8 38.5511
      vertex -2.38519 64.6 39.7228
    endloop
  endfacet
  facet normal -0.831715 -0.478061 -0.282326
    outer loop
      vertex -3.94889 66.8 39.6118
      vertex -3.88582 66.8 39.426
      vertex -2.77716 64.6 39.8852
    endloop
  endfacet
  facet normal -0.876446 -0.478062 0.0574301
    outer loop
      vertex -4 66.8 40
      vertex -2.79743 64.6 40.0392
      vertex -3.98717 66.8 40.1958
    endloop
  endfacet
  facet normal 0.730119 -0.478067 -0.488239
    outer loop
      vertex -2.26199 64.6 39.8174
      vertex -1.30997 66.8 39.0869
      vertex -2.24019 64.6 39.85
    endloop
  endfacet
  facet normal -0.876446 -0.478062 -0.0574301
    outer loop
      vertex -4 66.8 40
      vertex -3.98717 66.8 39.8042
      vertex -2.79743 64.6 39.9608
    endloop
  endfacet
  facet normal 0.170148 -0.478024 0.861709
    outer loop
      vertex -2.46084 64.6 40.2974
      vertex -2.42235 64.6 40.2898
      vertex -2.11177 66.8 41.4489
    endloop
  endfacet
  facet normal -0.171443 -0.478079 0.861422
    outer loop
      vertex -2.88823 66.8 41.4489
      vertex -2.53916 64.6 40.2974
      vertex -2.69579 66.8 41.4872
    endloop
  endfacet
  facet normal -0.171443 -0.478079 -0.861422
    outer loop
      vertex -2.88823 66.8 38.5511
      vertex -2.69579 66.8 38.5128
      vertex -2.53916 64.6 39.7026
    endloop
  endfacet
  facet normal -0.282463 -0.478049 -0.831675
    outer loop
      vertex -3.07402 66.8 38.6142
      vertex -2.88823 66.8 38.5511
      vertex -2.6148 64.6 39.7228
    endloop
  endfacet
  facet normal 0.0572987 -0.478078 0.876447
    outer loop
      vertex -2.5 66.8 41.5
      vertex -2.46084 64.6 40.2974
      vertex -2.30421 66.8 41.4872
    endloop
  endfacet
  facet normal -0.876445 -0.478061 0.0574608
    outer loop
      vertex -4 66.8 40
      vertex -2.8 64.6 40
      vertex -2.79743 64.6 40.0392
    endloop
  endfacet
  facet normal 0.388552 -0.478055 -0.787712
    outer loop
      vertex -2.35 64.6 39.7402
      vertex -1.92597 66.8 38.6142
      vertex -1.75 66.8 38.701
    endloop
  endfacet
  facet normal -0.389226 -0.478023 0.787399
    outer loop
      vertex -3.07402 66.8 41.3858
      vertex -2.65 64.6 40.2598
      vertex -2.6148 64.6 40.2772
    endloop
  endfacet
  facet normal -0.282463 -0.478049 0.831675
    outer loop
      vertex -3.07402 66.8 41.3858
      vertex -2.6148 64.6 40.2772
      vertex -2.88823 66.8 41.4489
    endloop
  endfacet
  facet normal -0.388534 -0.478055 0.787721
    outer loop
      vertex -3.25 66.8 41.299
      vertex -2.65 64.6 40.2598
      vertex -3.07402 66.8 41.3858
    endloop
  endfacet
  facet normal 0.0581885 -0.478041 0.876408
    outer loop
      vertex -2.5 64.6 40.3
      vertex -2.46084 64.6 40.2974
      vertex -2.5 66.8 41.5
    endloop
  endfacet
  facet normal 0.487954 -0.478054 0.730319
    outer loop
      vertex -2.35 64.6 40.2598
      vertex -1.58686 66.8 41.19
      vertex -1.75 66.8 41.299
    endloop
  endfacet
  facet normal -0.0572987 -0.478078 0.876447
    outer loop
      vertex -2.69579 66.8 41.4872
      vertex -2.53916 64.6 40.2974
      vertex -2.5 66.8 41.5
    endloop
  endfacet
  facet normal 0.730119 -0.478067 0.488239
    outer loop
      vertex -2.26199 64.6 40.1826
      vertex -2.24019 64.6 40.15
      vertex -1.30997 66.8 40.9131
    endloop
  endfacet
  facet normal 0.660519 -0.478064 0.578938
    outer loop
      vertex -2.26199 64.6 40.1826
      vertex -1.30997 66.8 40.9131
      vertex -1.43934 66.8 41.0607
    endloop
  endfacet
  facet normal -0.787823 -0.478065 -0.388316
    outer loop
      vertex -3.88582 66.8 39.426
      vertex -2.75981 64.6 39.85
      vertex -2.77716 64.6 39.8852
    endloop
  endfacet
  facet normal -0.730119 -0.478067 -0.488239
    outer loop
      vertex -3.69003 66.8 39.0869
      vertex -2.73801 64.6 39.8174
      vertex -2.75981 64.6 39.85
    endloop
  endfacet
  facet normal -0.831763 -0.478067 -0.282173
    outer loop
      vertex -3.94889 66.8 39.6118
      vertex -2.77716 64.6 39.8852
      vertex -2.78978 64.6 39.9224
    endloop
  endfacet
  facet normal -0.0581885 -0.478041 -0.876408
    outer loop
      vertex -2.53916 64.6 39.7026
      vertex -2.5 66.8 38.5
      vertex -2.5 64.6 39.7
    endloop
  endfacet
  facet normal 0.0581885 -0.478041 -0.876408
    outer loop
      vertex -2.5 64.6 39.7
      vertex -2.5 66.8 38.5
      vertex -2.46084 64.6 39.7026
    endloop
  endfacet
  facet normal 0.787823 -0.478065 -0.388316
    outer loop
      vertex -2.24019 64.6 39.85
      vertex -1.11418 66.8 39.426
      vertex -2.22284 64.6 39.8852
    endloop
  endfacet
  facet normal 0.787772 -0.47806 -0.388425
    outer loop
      vertex -2.24019 64.6 39.85
      vertex -1.20096 66.8 39.25
      vertex -1.11418 66.8 39.426
    endloop
  endfacet
  facet normal 0.660251 -0.478081 -0.57923
    outer loop
      vertex -2.28787 64.6 39.7879
      vertex -1.43934 66.8 38.9393
      vertex -2.26199 64.6 39.8174
    endloop
  endfacet
  facet normal 0.579479 -0.478092 -0.660024
    outer loop
      vertex -2.31737 64.6 39.762
      vertex -1.43934 66.8 38.9393
      vertex -2.28787 64.6 39.7879
    endloop
  endfacet
  facet normal -0.876445 -0.478061 -0.0574608
    outer loop
      vertex -4 66.8 40
      vertex -2.79743 64.6 39.9608
      vertex -2.8 64.6 40
    endloop
  endfacet
  facet normal -0.170148 -0.478024 -0.861709
    outer loop
      vertex -2.88823 66.8 38.5511
      vertex -2.53916 64.6 39.7026
      vertex -2.57765 64.6 39.7102
    endloop
  endfacet
  facet normal -0.57894 -0.478062 0.660519
    outer loop
      vertex -3.56066 66.8 41.0607
      vertex -2.68263 64.6 40.238
      vertex -3.41314 66.8 41.19
    endloop
  endfacet
  facet normal -0.787772 -0.47806 0.388425
    outer loop
      vertex -3.88582 66.8 40.574
      vertex -2.75981 64.6 40.15
      vertex -3.79904 66.8 40.75
    endloop
  endfacet
  facet normal -0.660251 -0.478081 -0.57923
    outer loop
      vertex -3.56066 66.8 38.9393
      vertex -2.71213 64.6 39.7879
      vertex -2.73801 64.6 39.8174
    endloop
  endfacet
  facet normal -0.0581885 -0.478041 0.876408
    outer loop
      vertex -2.53916 64.6 40.2974
      vertex -2.5 64.6 40.3
      vertex -2.5 66.8 41.5
    endloop
  endfacet
  facet normal -0.730241 -0.478058 0.488066
    outer loop
      vertex -3.79904 66.8 40.75
      vertex -2.75981 64.6 40.15
      vertex -3.69003 66.8 40.9131
    endloop
  endfacet
  facet normal 0 -1 0
    outer loop
      vertex -2.53916 64.6 40.2974
      vertex -2.46084 64.6 40.2974
      vertex -2.5 64.6 40.3
    endloop
  endfacet
  facet normal 0 -1 0
    outer loop
      vertex -2.57765 64.6 40.2898
      vertex -2.46084 64.6 40.2974
      vertex -2.53916 64.6 40.2974
    endloop
  endfacet
  facet normal 0 -1 0
    outer loop
      vertex -2.57765 64.6 40.2898
      vertex -2.42235 64.6 40.2898
      vertex -2.46084 64.6 40.2974
    endloop
  endfacet
  facet normal 0 -1 0
    outer loop
      vertex -2.6148 64.6 40.2772
      vertex -2.42235 64.6 40.2898
      vertex -2.57765 64.6 40.2898
    endloop
  endfacet
  facet normal 0 -1 0
    outer loop
      vertex -2.6148 64.6 40.2772
      vertex -2.38519 64.6 40.2772
      vertex -2.42235 64.6 40.2898
    endloop
  endfacet
  facet normal 0 -1 0
    outer loop
      vertex -2.65 64.6 40.2598
      vertex -2.38519 64.6 40.2772
      vertex -2.6148 64.6 40.2772
    endloop
  endfacet
  facet normal 0 -1 0
    outer loop
      vertex -2.65 64.6 40.2598
      vertex -2.35 64.6 40.2598
      vertex -2.38519 64.6 40.2772
    endloop
  endfacet
  facet normal 0 -1 0
    outer loop
      vertex -2.68263 64.6 40.238
      vertex -2.35 64.6 40.2598
      vertex -2.65 64.6 40.2598
    endloop
  endfacet
  facet normal 0 -1 0
    outer loop
      vertex -2.68263 64.6 40.238
      vertex -2.31737 64.6 40.238
      vertex -2.35 64.6 40.2598
    endloop
  endfacet
  facet normal 0 -1 0
    outer loop
      vertex -2.71213 64.6 40.2121
      vertex -2.31737 64.6 40.238
      vertex -2.68263 64.6 40.238
    endloop
  endfacet
  facet normal 0 -1 0
    outer loop
      vertex -2.71213 64.6 40.2121
      vertex -2.28787 64.6 40.2121
      vertex -2.31737 64.6 40.238
    endloop
  endfacet
  facet normal 0 -1 0
    outer loop
      vertex -2.73801 64.6 40.1826
      vertex -2.28787 64.6 40.2121
      vertex -2.71213 64.6 40.2121
    endloop
  endfacet
  facet normal 0 -1 0
    outer loop
      vertex -2.73801 64.6 40.1826
      vertex -2.26199 64.6 40.1826
      vertex -2.28787 64.6 40.2121
    endloop
  endfacet
  facet normal 0 -1 0
    outer loop
      vertex -2.75981 64.6 40.15
      vertex -2.26199 64.6 40.1826
      vertex -2.73801 64.6 40.1826
    endloop
  endfacet
  facet normal 0 -1 0
    outer loop
      vertex -2.75981 64.6 40.15
      vertex -2.24019 64.6 40.15
      vertex -2.26199 64.6 40.1826
    endloop
  endfacet
  facet normal 0 -1 0
    outer loop
      vertex -2.77716 64.6 40.1148
      vertex -2.24019 64.6 40.15
      vertex -2.75981 64.6 40.15
    endloop
  endfacet
  facet normal 0 -1 0
    outer loop
      vertex -2.77716 64.6 40.1148
      vertex -2.22284 64.6 40.1148
      vertex -2.24019 64.6 40.15
    endloop
  endfacet
  facet normal 0 -1 0
    outer loop
      vertex -2.78978 64.6 40.0776
      vertex -2.22284 64.6 40.1148
      vertex -2.77716 64.6 40.1148
    endloop
  endfacet
  facet normal 0 -1 0
    outer loop
      vertex -2.78978 64.6 40.0776
      vertex -2.21022 64.6 40.0776
      vertex -2.22284 64.6 40.1148
    endloop
  endfacet
  facet normal 0 -1 0
    outer loop
      vertex -2.79743 64.6 40.0392
      vertex -2.21022 64.6 40.0776
      vertex -2.78978 64.6 40.0776
    endloop
  endfacet
  facet normal 0 -1 0
    outer loop
      vertex -2.79743 64.6 40.0392
      vertex -2.20257 64.6 40.0392
      vertex -2.21022 64.6 40.0776
    endloop
  endfacet
  facet normal 0 -1 0
    outer loop
      vertex -2.8 64.6 40
      vertex -2.20257 64.6 40.0392
      vertex -2.79743 64.6 40.0392
    endloop
  endfacet
  facet normal 0 -1 0
    outer loop
      vertex -2.8 64.6 40
      vertex -2.2 64.6 40
      vertex -2.20257 64.6 40.0392
    endloop
  endfacet
  facet normal 0 -1 0
    outer loop
      vertex -2.79743 64.6 39.9608
      vertex -2.2 64.6 40
      vertex -2.8 64.6 40
    endloop
  endfacet
  facet normal 0 -1 0
    outer loop
      vertex -2.79743 64.6 39.9608
      vertex -2.20257 64.6 39.9608
      vertex -2.2 64.6 40
    endloop
  endfacet
  facet normal 0 -1 0
    outer loop
      vertex -2.78978 64.6 39.9224
      vertex -2.20257 64.6 39.9608
      vertex -2.79743 64.6 39.9608
    endloop
  endfacet
  facet normal 0 -1 0
    outer loop
      vertex -2.78978 64.6 39.9224
      vertex -2.21022 64.6 39.9224
      vertex -2.20257 64.6 39.9608
    endloop
  endfacet
  facet normal 0 -1 0
    outer loop
      vertex -2.77716 64.6 39.8852
      vertex -2.21022 64.6 39.9224
      vertex -2.78978 64.6 39.9224
    endloop
  endfacet
  facet normal 0 -1 0
    outer loop
      vertex -2.77716 64.6 39.8852
      vertex -2.22284 64.6 39.8852
      vertex -2.21022 64.6 39.9224
    endloop
  endfacet
  facet normal 0 -1 0
    outer loop
      vertex -2.75981 64.6 39.85
      vertex -2.22284 64.6 39.8852
      vertex -2.77716 64.6 39.8852
    endloop
  endfacet
  facet normal 0 -1 0
    outer loop
      vertex -2.75981 64.6 39.85
      vertex -2.24019 64.6 39.85
      vertex -2.22284 64.6 39.8852
    endloop
  endfacet
  facet normal 0 -1 0
    outer loop
      vertex -2.73801 64.6 39.8174
      vertex -2.24019 64.6 39.85
      vertex -2.75981 64.6 39.85
    endloop
  endfacet
  facet normal 0 -1 0
    outer loop
      vertex -2.73801 64.6 39.8174
      vertex -2.26199 64.6 39.8174
      vertex -2.24019 64.6 39.85
    endloop
  endfacet
  facet normal 0 -1 0
    outer loop
      vertex -2.71213 64.6 39.7879
      vertex -2.26199 64.6 39.8174
      vertex -2.73801 64.6 39.8174
    endloop
  endfacet
  facet normal 0 -1 0
    outer loop
      vertex -2.71213 64.6 39.7879
      vertex -2.28787 64.6 39.7879
      vertex -2.26199 64.6 39.8174
    endloop
  endfacet
  facet normal 0 -1 0
    outer loop
      vertex -2.68263 64.6 39.762
      vertex -2.28787 64.6 39.7879
      vertex -2.71213 64.6 39.7879
    endloop
  endfacet
  facet normal 0 -1 0
    outer loop
      vertex -2.68263 64.6 39.762
      vertex -2.31737 64.6 39.762
      vertex -2.28787 64.6 39.7879
    endloop
  endfacet
  facet normal 0 -1 0
    outer loop
      vertex -2.65 64.6 39.7402
      vertex -2.31737 64.6 39.762
      vertex -2.68263 64.6 39.762
    endloop
  endfacet
  facet normal 0 -1 0
    outer loop
      vertex -2.65 64.6 39.7402
      vertex -2.35 64.6 39.7402
      vertex -2.31737 64.6 39.762
    endloop
  endfacet
  facet normal 0 -1 0
    outer loop
      vertex -2.6148 64.6 39.7228
      vertex -2.35 64.6 39.7402
      vertex -2.65 64.6 39.7402
    endloop
  endfacet
  facet normal 0 -1 0
    outer loop
      vertex -2.6148 64.6 39.7228
      vertex -2.38519 64.6 39.7228
      vertex -2.35 64.6 39.7402
    endloop
  endfacet
  facet normal 0 -1 0
    outer loop
      vertex -2.57765 64.6 39.7102
      vertex -2.38519 64.6 39.7228
      vertex -2.6148 64.6 39.7228
    endloop
  endfacet
  facet normal 0 -1 0
    outer loop
      vertex -2.57765 64.6 39.7102
      vertex -2.42235 64.6 39.7102
      vertex -2.38519 64.6 39.7228
    endloop
  endfacet
  facet normal 0 -1 0
    outer loop
      vertex -2.53916 64.6 39.7026
      vertex -2.42235 64.6 39.7102
      vertex -2.57765 64.6 39.7102
    endloop
  endfacet
  facet normal 0 -1 0
    outer loop
      vertex -2.53916 64.6 39.7026
      vertex -2.46084 64.6 39.7026
      vertex -2.42235 64.6 39.7102
    endloop
  endfacet
  facet normal -0 -1 0
    outer loop
      vertex -2.46084 64.6 39.7026
      vertex -2.53916 64.6 39.7026
      vertex -2.5 64.6 39.7
    endloop
  endfacet
  facet normal -0.282113 -0.478064 0.831785
    outer loop
      vertex -2.88823 66.8 41.4489
      vertex -2.6148 64.6 40.2772
      vertex -2.57765 64.6 40.2898
    endloop
  endfacet
  facet normal 0.0581293 -0.478042 -0.876411
    outer loop
      vertex 98.3 64.6 11.7
      vertex 98.3 66.8 10.5
      vertex 98.3392 64.6 11.7026
    endloop
  endfacet
  facet normal 0.730129 -0.478045 -0.488246
    outer loop
      vertex 98.538 64.6 11.8174
      vertex 99.599 66.8 11.25
      vertex 98.5598 64.6 11.85
    endloop
  endfacet
  facet normal 0.876411 -0.478042 -0.0581293
    outer loop
      vertex 98.5974 64.6 11.9608
      vertex 99.8 66.8 12
      vertex 98.6 64.6 12
    endloop
  endfacet
  facet normal 0.876447 -0.478077 -0.0572958
    outer loop
      vertex 98.5974 64.6 11.9608
      vertex 99.7872 66.8 11.8042
      vertex 99.8 66.8 12
    endloop
  endfacet
  facet normal 0.17053 -0.478036 -0.861627
    outer loop
      vertex 98.3392 64.6 11.7026
      vertex 98.6882 66.8 10.5511
      vertex 98.3776 64.6 11.7102
    endloop
  endfacet
  facet normal 0.861417 -0.478076 -0.171477
    outer loop
      vertex 98.5974 64.6 11.9608
      vertex 99.7489 66.8 11.6118
      vertex 99.7872 66.8 11.8042
    endloop
  endfacet
  facet normal 0.0572958 -0.478077 0.876447
    outer loop
      vertex 98.3 66.8 13.5
      vertex 98.3392 64.6 12.2974
      vertex 98.4958 66.8 13.4872
    endloop
  endfacet
  facet normal -0.876411 -0.478042 -0.0581293
    outer loop
      vertex 96.8 66.8 12
      vertex 98.0026 64.6 11.9608
      vertex 98 64.6 12
    endloop
  endfacet
  facet normal 0.488037 -0.478052 -0.730265
    outer loop
      vertex 98.45 64.6 11.7402
      vertex 99.05 66.8 10.701
      vertex 99.2131 66.8 10.81
    endloop
  endfacet
  facet normal 0.17053 -0.478036 0.861627
    outer loop
      vertex 98.3392 64.6 12.2974
      vertex 98.3776 64.6 12.2898
      vertex 98.6882 66.8 13.4489
    endloop
  endfacet
  facet normal -0.488037 -0.478052 0.730265
    outer loop
      vertex 97.3869 66.8 13.19
      vertex 98.15 64.6 12.2598
      vertex 97.55 66.8 13.299
    endloop
  endfacet
  facet normal 0.876411 -0.478042 0.0581293
    outer loop
      vertex 98.5974 64.6 12.0392
      vertex 98.6 64.6 12
      vertex 99.8 66.8 12
    endloop
  endfacet
  facet normal 0.389226 -0.47802 0.7874
    outer loop
      vertex 98.4148 64.6 12.2772
      vertex 98.45 64.6 12.2598
      vertex 98.874 66.8 13.3858
    endloop
  endfacet
  facet normal -0.660019 -0.478106 0.579474
    outer loop
      vertex 97.2393 66.8 13.0607
      vertex 98.062 64.6 12.1826
      vertex 98.0879 64.6 12.2121
    endloop
  endfacet
  facet normal 0.861417 -0.478076 0.171477
    outer loop
      vertex 98.5974 64.6 12.0392
      vertex 99.7872 66.8 12.1958
      vertex 99.7489 66.8 12.3882
    endloop
  endfacet
  facet normal -0.0572958 -0.478077 -0.876447
    outer loop
      vertex 98.1042 66.8 10.5128
      vertex 98.3 66.8 10.5
      vertex 98.2608 64.6 11.7026
    endloop
  endfacet
  facet normal -0.876447 -0.478077 -0.0572958
    outer loop
      vertex 96.8 66.8 12
      vertex 96.8128 66.8 11.8042
      vertex 98.0026 64.6 11.9608
    endloop
  endfacet
  facet normal 0.787745 -0.478043 0.388501
    outer loop
      vertex 98.5772 64.6 12.1148
      vertex 99.6858 66.8 12.574
      vertex 99.599 66.8 12.75
    endloop
  endfacet
  facet normal 0.488241 -0.478062 -0.730122
    outer loop
      vertex 98.45 64.6 11.7402
      vertex 99.2131 66.8 10.81
      vertex 98.4826 64.6 11.762
    endloop
  endfacet
  facet normal 0.171477 -0.478076 -0.861417
    outer loop
      vertex 98.3392 64.6 11.7026
      vertex 98.4958 66.8 10.5128
      vertex 98.6882 66.8 10.5511
    endloop
  endfacet
  facet normal -0.83192 -0.478027 0.281779
    outer loop
      vertex 96.9142 66.8 12.574
      vertex 98.0102 64.6 12.0776
      vertex 98.0228 64.6 12.1148
    endloop
  endfacet
  facet normal -0.282449 -0.478047 -0.831681
    outer loop
      vertex 97.726 66.8 10.6142
      vertex 97.9118 66.8 10.5511
      vertex 98.1852 64.6 11.7228
    endloop
  endfacet
  facet normal 0.730263 -0.478055 -0.488036
    outer loop
      vertex 98.538 64.6 11.8174
      vertex 99.49 66.8 11.0869
      vertex 99.599 66.8 11.25
    endloop
  endfacet
  facet normal 0.57876 -0.478066 -0.660673
    outer loop
      vertex 98.4826 64.6 11.762
      vertex 99.2131 66.8 10.81
      vertex 99.3607 66.8 10.9393
    endloop
  endfacet
  facet normal 0.831681 -0.478047 -0.282449
    outer loop
      vertex 98.5772 64.6 11.8852
      vertex 99.6858 66.8 11.426
      vertex 99.7489 66.8 11.6118
    endloop
  endfacet
  facet normal 0.787373 -0.478076 -0.389213
    outer loop
      vertex 98.5598 64.6 11.85
      vertex 99.599 66.8 11.25
      vertex 98.5772 64.6 11.8852
    endloop
  endfacet
  facet normal -0.0581293 -0.478042 -0.876411
    outer loop
      vertex 98.2608 64.6 11.7026
      vertex 98.3 66.8 10.5
      vertex 98.3 64.6 11.7
    endloop
  endfacet
  facet normal 0.730263 -0.478055 0.488036
    outer loop
      vertex 98.538 64.6 12.1826
      vertex 99.599 66.8 12.75
      vertex 99.49 66.8 12.9131
    endloop
  endfacet
  facet normal 0.831681 -0.478047 0.282449
    outer loop
      vertex 98.5772 64.6 12.1148
      vertex 99.7489 66.8 12.3882
      vertex 99.6858 66.8 12.574
    endloop
  endfacet
  facet normal 0.660673 -0.478066 0.57876
    outer loop
      vertex 98.538 64.6 12.1826
      vertex 99.49 66.8 12.9131
      vertex 99.3607 66.8 13.0607
    endloop
  endfacet
  facet normal -0.861424 -0.478063 0.171479
    outer loop
      vertex 96.8128 66.8 12.1958
      vertex 98.0102 64.6 12.0776
      vertex 96.8511 66.8 12.3882
    endloop
  endfacet
  facet normal -0.388499 -0.478054 0.787739
    outer loop
      vertex 97.55 66.8 13.299
      vertex 98.15 64.6 12.2598
      vertex 97.726 66.8 13.3858
    endloop
  endfacet
  facet normal -0.831676 -0.478056 0.282448
    outer loop
      vertex 96.8511 66.8 12.3882
      vertex 98.0102 64.6 12.0776
      vertex 96.9142 66.8 12.574
    endloop
  endfacet
  facet normal 0.787373 -0.478076 0.389213
    outer loop
      vertex 98.5598 64.6 12.15
      vertex 98.5772 64.6 12.1148
      vertex 99.599 66.8 12.75
    endloop
  endfacet
  facet normal 0.388499 -0.478054 0.787739
    outer loop
      vertex 98.45 64.6 12.2598
      vertex 99.05 66.8 13.299
      vertex 98.874 66.8 13.3858
    endloop
  endfacet
  facet normal 0.876447 -0.478077 0.0572958
    outer loop
      vertex 98.5974 64.6 12.0392
      vertex 99.8 66.8 12
      vertex 99.7872 66.8 12.1958
    endloop
  endfacet
  facet normal 0.730129 -0.478045 0.488246
    outer loop
      vertex 98.538 64.6 12.1826
      vertex 98.5598 64.6 12.15
      vertex 99.599 66.8 12.75
    endloop
  endfacet
  facet normal -0.17053 -0.478036 -0.861627
    outer loop
      vertex 97.9118 66.8 10.5511
      vertex 98.2608 64.6 11.7026
      vertex 98.2224 64.6 11.7102
    endloop
  endfacet
  facet normal 0.0572958 -0.478077 -0.876447
    outer loop
      vertex 98.3 66.8 10.5
      vertex 98.4958 66.8 10.5128
      vertex 98.3392 64.6 11.7026
    endloop
  endfacet
  facet normal 0.831895 -0.478076 -0.281771
    outer loop
      vertex 98.5772 64.6 11.8852
      vertex 99.7489 66.8 11.6118
      vertex 98.5898 64.6 11.9224
    endloop
  endfacet
  facet normal 0.861627 -0.478036 -0.17053
    outer loop
      vertex 98.5898 64.6 11.9224
      vertex 99.7489 66.8 11.6118
      vertex 98.5974 64.6 11.9608
    endloop
  endfacet
  facet normal -0.579474 -0.478106 -0.660019
    outer loop
      vertex 97.2393 66.8 10.9393
      vertex 98.1174 64.6 11.762
      vertex 98.0879 64.6 11.7879
    endloop
  endfacet
  facet normal 0.0581293 -0.478042 0.876411
    outer loop
      vertex 98.3 64.6 12.3
      vertex 98.3392 64.6 12.2974
      vertex 98.3 66.8 13.5
    endloop
  endfacet
  facet normal -0.730265 -0.478052 0.488037
    outer loop
      vertex 97.001 66.8 12.75
      vertex 98.0402 64.6 12.15
      vertex 97.11 66.8 12.9131
    endloop
  endfacet
  facet normal 0.660019 -0.478106 -0.579474
    outer loop
      vertex 98.5121 64.6 11.7879
      vertex 99.3607 66.8 10.9393
      vertex 98.538 64.6 11.8174
    endloop
  endfacet
  facet normal -0.171477 -0.478076 -0.861417
    outer loop
      vertex 97.9118 66.8 10.5511
      vertex 98.1042 66.8 10.5128
      vertex 98.2608 64.6 11.7026
    endloop
  endfacet
  facet normal -0.660673 -0.478066 0.57876
    outer loop
      vertex 97.11 66.8 12.9131
      vertex 98.062 64.6 12.1826
      vertex 97.2393 66.8 13.0607
    endloop
  endfacet
  facet normal -0.281771 -0.478076 -0.831895
    outer loop
      vertex 97.9118 66.8 10.5511
      vertex 98.2224 64.6 11.7102
      vertex 98.1852 64.6 11.7228
    endloop
  endfacet
  facet normal 0.282449 -0.478047 -0.831681
    outer loop
      vertex 98.4148 64.6 11.7228
      vertex 98.6882 66.8 10.5511
      vertex 98.874 66.8 10.6142
    endloop
  endfacet
  facet normal 0.660019 -0.478106 0.579474
    outer loop
      vertex 98.5121 64.6 12.2121
      vertex 98.538 64.6 12.1826
      vertex 99.3607 66.8 13.0607
    endloop
  endfacet
  facet normal 0.660673 -0.478066 -0.57876
    outer loop
      vertex 98.538 64.6 11.8174
      vertex 99.3607 66.8 10.9393
      vertex 99.49 66.8 11.0869
    endloop
  endfacet
  facet normal -0.389226 -0.47802 -0.7874
    outer loop
      vertex 97.726 66.8 10.6142
      vertex 98.1852 64.6 11.7228
      vertex 98.15 64.6 11.7402
    endloop
  endfacet
  facet normal 0.579474 -0.478106 -0.660019
    outer loop
      vertex 98.4826 64.6 11.762
      vertex 99.3607 66.8 10.9393
      vertex 98.5121 64.6 11.7879
    endloop
  endfacet
  facet normal -0.0581293 -0.478042 0.876411
    outer loop
      vertex 98.2608 64.6 12.2974
      vertex 98.3 64.6 12.3
      vertex 98.3 66.8 13.5
    endloop
  endfacet
  facet normal 0.171477 -0.478076 0.861417
    outer loop
      vertex 98.3392 64.6 12.2974
      vertex 98.6882 66.8 13.4489
      vertex 98.4958 66.8 13.4872
    endloop
  endfacet
  facet normal 0.787745 -0.478043 -0.388501
    outer loop
      vertex 98.5772 64.6 11.8852
      vertex 99.599 66.8 11.25
      vertex 99.6858 66.8 11.426
    endloop
  endfacet
  facet normal 0.57876 -0.478066 0.660673
    outer loop
      vertex 98.4826 64.6 12.238
      vertex 99.3607 66.8 13.0607
      vertex 99.2131 66.8 13.19
    endloop
  endfacet
  facet normal 0.389226 -0.47802 -0.7874
    outer loop
      vertex 98.4148 64.6 11.7228
      vertex 98.874 66.8 10.6142
      vertex 98.45 64.6 11.7402
    endloop
  endfacet
  facet normal 0.281771 -0.478076 -0.831895
    outer loop
      vertex 98.3776 64.6 11.7102
      vertex 98.6882 66.8 10.5511
      vertex 98.4148 64.6 11.7228
    endloop
  endfacet
  facet normal 0.831895 -0.478076 0.281771
    outer loop
      vertex 98.5772 64.6 12.1148
      vertex 98.5898 64.6 12.0776
      vertex 99.7489 66.8 12.3882
    endloop
  endfacet
  facet normal -0.488241 -0.478062 -0.730122
    outer loop
      vertex 97.3869 66.8 10.81
      vertex 98.15 64.6 11.7402
      vertex 98.1174 64.6 11.762
    endloop
  endfacet
  facet normal -0.171477 -0.478076 0.861417
    outer loop
      vertex 97.9118 66.8 13.4489
      vertex 98.2608 64.6 12.2974
      vertex 98.1042 66.8 13.4872
    endloop
  endfacet
  facet normal -0.0572958 -0.478077 0.876447
    outer loop
      vertex 98.1042 66.8 13.4872
      vertex 98.2608 64.6 12.2974
      vertex 98.3 66.8 13.5
    endloop
  endfacet
  facet normal 0.281771 -0.478076 0.831895
    outer loop
      vertex 98.3776 64.6 12.2898
      vertex 98.4148 64.6 12.2772
      vertex 98.6882 66.8 13.4489
    endloop
  endfacet
  facet normal -0.57876 -0.478066 -0.660673
    outer loop
      vertex 97.2393 66.8 10.9393
      vertex 97.3869 66.8 10.81
      vertex 98.1174 64.6 11.762
    endloop
  endfacet
  facet normal -0.861591 -0.478102 -0.170523
    outer loop
      vertex 96.8128 66.8 11.8042
      vertex 98.0102 64.6 11.9224
      vertex 98.0026 64.6 11.9608
    endloop
  endfacet
  facet normal 0.861627 -0.478036 0.17053
    outer loop
      vertex 98.5898 64.6 12.0776
      vertex 98.5974 64.6 12.0392
      vertex 99.7489 66.8 12.3882
    endloop
  endfacet
  facet normal -0.831676 -0.478056 -0.282448
    outer loop
      vertex 96.8511 66.8 11.6118
      vertex 96.9142 66.8 11.426
      vertex 98.0102 64.6 11.9224
    endloop
  endfacet
  facet normal -0.861591 -0.478102 0.170523
    outer loop
      vertex 96.8128 66.8 12.1958
      vertex 98.0026 64.6 12.0392
      vertex 98.0102 64.6 12.0776
    endloop
  endfacet
  facet normal 0.488037 -0.478052 0.730265
    outer loop
      vertex 98.45 64.6 12.2598
      vertex 99.2131 66.8 13.19
      vertex 99.05 66.8 13.299
    endloop
  endfacet
  facet normal -0.281771 -0.478076 0.831895
    outer loop
      vertex 97.9118 66.8 13.4489
      vertex 98.1852 64.6 12.2772
      vertex 98.2224 64.6 12.2898
    endloop
  endfacet
  facet normal -0.579474 -0.478106 0.660019
    outer loop
      vertex 97.2393 66.8 13.0607
      vertex 98.0879 64.6 12.2121
      vertex 98.1174 64.6 12.238
    endloop
  endfacet
  facet normal 0.282449 -0.478047 0.831681
    outer loop
      vertex 98.4148 64.6 12.2772
      vertex 98.874 66.8 13.3858
      vertex 98.6882 66.8 13.4489
    endloop
  endfacet
  facet normal 0.579474 -0.478106 0.660019
    outer loop
      vertex 98.4826 64.6 12.238
      vertex 98.5121 64.6 12.2121
      vertex 99.3607 66.8 13.0607
    endloop
  endfacet
  facet normal -0.660673 -0.478066 -0.57876
    outer loop
      vertex 97.11 66.8 11.0869
      vertex 97.2393 66.8 10.9393
      vertex 98.062 64.6 11.8174
    endloop
  endfacet
  facet normal -0.730265 -0.478052 -0.488037
    outer loop
      vertex 97.001 66.8 11.25
      vertex 97.11 66.8 11.0869
      vertex 98.0402 64.6 11.85
    endloop
  endfacet
  facet normal -0.861424 -0.478063 -0.171479
    outer loop
      vertex 96.8128 66.8 11.8042
      vertex 96.8511 66.8 11.6118
      vertex 98.0102 64.6 11.9224
    endloop
  endfacet
  facet normal -0.83192 -0.478027 -0.281779
    outer loop
      vertex 96.9142 66.8 11.426
      vertex 98.0228 64.6 11.8852
      vertex 98.0102 64.6 11.9224
    endloop
  endfacet
  facet normal -0.388499 -0.478054 -0.787739
    outer loop
      vertex 97.55 66.8 10.701
      vertex 97.726 66.8 10.6142
      vertex 98.15 64.6 11.7402
    endloop
  endfacet
  facet normal -0.488037 -0.478052 -0.730265
    outer loop
      vertex 97.3869 66.8 10.81
      vertex 97.55 66.8 10.701
      vertex 98.15 64.6 11.7402
    endloop
  endfacet
  facet normal 0.388499 -0.478054 -0.787739
    outer loop
      vertex 98.45 64.6 11.7402
      vertex 98.874 66.8 10.6142
      vertex 99.05 66.8 10.701
    endloop
  endfacet
  facet normal -0.7874 -0.47802 -0.389226
    outer loop
      vertex 96.9142 66.8 11.426
      vertex 98.0402 64.6 11.85
      vertex 98.0228 64.6 11.8852
    endloop
  endfacet
  facet normal -0.660019 -0.478106 -0.579474
    outer loop
      vertex 97.2393 66.8 10.9393
      vertex 98.0879 64.6 11.7879
      vertex 98.062 64.6 11.8174
    endloop
  endfacet
  facet normal 0.488241 -0.478062 0.730122
    outer loop
      vertex 98.45 64.6 12.2598
      vertex 98.4826 64.6 12.238
      vertex 99.2131 66.8 13.19
    endloop
  endfacet
  facet normal -0.876411 -0.478042 0.0581293
    outer loop
      vertex 96.8 66.8 12
      vertex 98 64.6 12
      vertex 98.0026 64.6 12.0392
    endloop
  endfacet
  facet normal -0.876447 -0.478077 0.0572958
    outer loop
      vertex 96.8 66.8 12
      vertex 98.0026 64.6 12.0392
      vertex 96.8128 66.8 12.1958
    endloop
  endfacet
  facet normal -0.730122 -0.478062 0.488241
    outer loop
      vertex 97.11 66.8 12.9131
      vertex 98.0402 64.6 12.15
      vertex 98.062 64.6 12.1826
    endloop
  endfacet
  facet normal -0.17053 -0.478036 0.861627
    outer loop
      vertex 97.9118 66.8 13.4489
      vertex 98.2224 64.6 12.2898
      vertex 98.2608 64.6 12.2974
    endloop
  endfacet
  facet normal -0.389226 -0.47802 0.7874
    outer loop
      vertex 97.726 66.8 13.3858
      vertex 98.15 64.6 12.2598
      vertex 98.1852 64.6 12.2772
    endloop
  endfacet
  facet normal -0.282449 -0.478047 0.831681
    outer loop
      vertex 97.726 66.8 13.3858
      vertex 98.1852 64.6 12.2772
      vertex 97.9118 66.8 13.4489
    endloop
  endfacet
  facet normal -0.57876 -0.478066 0.660673
    outer loop
      vertex 97.2393 66.8 13.0607
      vertex 98.1174 64.6 12.238
      vertex 97.3869 66.8 13.19
    endloop
  endfacet
  facet normal -0.488241 -0.478062 0.730122
    outer loop
      vertex 97.3869 66.8 13.19
      vertex 98.1174 64.6 12.238
      vertex 98.15 64.6 12.2598
    endloop
  endfacet
  facet normal -0.787739 -0.478054 -0.388499
    outer loop
      vertex 96.9142 66.8 11.426
      vertex 97.001 66.8 11.25
      vertex 98.0402 64.6 11.85
    endloop
  endfacet
  facet normal -0.730122 -0.478062 -0.488241
    outer loop
      vertex 97.11 66.8 11.0869
      vertex 98.062 64.6 11.8174
      vertex 98.0402 64.6 11.85
    endloop
  endfacet
  facet normal 0 -1 0
    outer loop
      vertex 98.2608 64.6 12.2974
      vertex 98.3392 64.6 12.2974
      vertex 98.3 64.6 12.3
    endloop
  endfacet
  facet normal 0 -1 0
    outer loop
      vertex 98.2224 64.6 12.2898
      vertex 98.3392 64.6 12.2974
      vertex 98.2608 64.6 12.2974
    endloop
  endfacet
  facet normal 0 -1 0
    outer loop
      vertex 98.2224 64.6 12.2898
      vertex 98.3776 64.6 12.2898
      vertex 98.3392 64.6 12.2974
    endloop
  endfacet
  facet normal 0 -1 0
    outer loop
      vertex 98.1852 64.6 12.2772
      vertex 98.3776 64.6 12.2898
      vertex 98.2224 64.6 12.2898
    endloop
  endfacet
  facet normal 0 -1 0
    outer loop
      vertex 98.1852 64.6 12.2772
      vertex 98.4148 64.6 12.2772
      vertex 98.3776 64.6 12.2898
    endloop
  endfacet
  facet normal 0 -1 0
    outer loop
      vertex 98.15 64.6 12.2598
      vertex 98.4148 64.6 12.2772
      vertex 98.1852 64.6 12.2772
    endloop
  endfacet
  facet normal 0 -1 0
    outer loop
      vertex 98.15 64.6 12.2598
      vertex 98.45 64.6 12.2598
      vertex 98.4148 64.6 12.2772
    endloop
  endfacet
  facet normal 0 -1 0
    outer loop
      vertex 98.1174 64.6 12.238
      vertex 98.45 64.6 12.2598
      vertex 98.15 64.6 12.2598
    endloop
  endfacet
  facet normal 0 -1 0
    outer loop
      vertex 98.1174 64.6 12.238
      vertex 98.4826 64.6 12.238
      vertex 98.45 64.6 12.2598
    endloop
  endfacet
  facet normal 0 -1 0
    outer loop
      vertex 98.0879 64.6 12.2121
      vertex 98.4826 64.6 12.238
      vertex 98.1174 64.6 12.238
    endloop
  endfacet
  facet normal 0 -1 0
    outer loop
      vertex 98.0879 64.6 12.2121
      vertex 98.5121 64.6 12.2121
      vertex 98.4826 64.6 12.238
    endloop
  endfacet
  facet normal 0 -1 0
    outer loop
      vertex 98.062 64.6 12.1826
      vertex 98.5121 64.6 12.2121
      vertex 98.0879 64.6 12.2121
    endloop
  endfacet
  facet normal 0 -1 0
    outer loop
      vertex 98.062 64.6 12.1826
      vertex 98.538 64.6 12.1826
      vertex 98.5121 64.6 12.2121
    endloop
  endfacet
  facet normal 0 -1 0
    outer loop
      vertex 98.0402 64.6 12.15
      vertex 98.538 64.6 12.1826
      vertex 98.062 64.6 12.1826
    endloop
  endfacet
  facet normal 0 -1 0
    outer loop
      vertex 98.0402 64.6 12.15
      vertex 98.5598 64.6 12.15
      vertex 98.538 64.6 12.1826
    endloop
  endfacet
  facet normal 0 -1 0
    outer loop
      vertex 98.0228 64.6 12.1148
      vertex 98.5598 64.6 12.15
      vertex 98.0402 64.6 12.15
    endloop
  endfacet
  facet normal 0 -1 0
    outer loop
      vertex 98.0228 64.6 12.1148
      vertex 98.5772 64.6 12.1148
      vertex 98.5598 64.6 12.15
    endloop
  endfacet
  facet normal 0 -1 0
    outer loop
      vertex 98.0102 64.6 12.0776
      vertex 98.5772 64.6 12.1148
      vertex 98.0228 64.6 12.1148
    endloop
  endfacet
  facet normal 0 -1 0
    outer loop
      vertex 98.0102 64.6 12.0776
      vertex 98.5898 64.6 12.0776
      vertex 98.5772 64.6 12.1148
    endloop
  endfacet
  facet normal 0 -1 0
    outer loop
      vertex 98.0026 64.6 12.0392
      vertex 98.5898 64.6 12.0776
      vertex 98.0102 64.6 12.0776
    endloop
  endfacet
  facet normal 0 -1 0
    outer loop
      vertex 98.0026 64.6 12.0392
      vertex 98.5974 64.6 12.0392
      vertex 98.5898 64.6 12.0776
    endloop
  endfacet
  facet normal 0 -1 0
    outer loop
      vertex 98 64.6 12
      vertex 98.5974 64.6 12.0392
      vertex 98.0026 64.6 12.0392
    endloop
  endfacet
  facet normal 0 -1 0
    outer loop
      vertex 98 64.6 12
      vertex 98.6 64.6 12
      vertex 98.5974 64.6 12.0392
    endloop
  endfacet
  facet normal 0 -1 0
    outer loop
      vertex 98.0026 64.6 11.9608
      vertex 98.6 64.6 12
      vertex 98 64.6 12
    endloop
  endfacet
  facet normal 0 -1 0
    outer loop
      vertex 98.0026 64.6 11.9608
      vertex 98.5974 64.6 11.9608
      vertex 98.6 64.6 12
    endloop
  endfacet
  facet normal 0 -1 0
    outer loop
      vertex 98.0102 64.6 11.9224
      vertex 98.5974 64.6 11.9608
      vertex 98.0026 64.6 11.9608
    endloop
  endfacet
  facet normal 0 -1 0
    outer loop
      vertex 98.0102 64.6 11.9224
      vertex 98.5898 64.6 11.9224
      vertex 98.5974 64.6 11.9608
    endloop
  endfacet
  facet normal 0 -1 0
    outer loop
      vertex 98.0228 64.6 11.8852
      vertex 98.5898 64.6 11.9224
      vertex 98.0102 64.6 11.9224
    endloop
  endfacet
  facet normal 0 -1 0
    outer loop
      vertex 98.0228 64.6 11.8852
      vertex 98.5772 64.6 11.8852
      vertex 98.5898 64.6 11.9224
    endloop
  endfacet
  facet normal 0 -1 0
    outer loop
      vertex 98.0402 64.6 11.85
      vertex 98.5772 64.6 11.8852
      vertex 98.0228 64.6 11.8852
    endloop
  endfacet
  facet normal 0 -1 0
    outer loop
      vertex 98.0402 64.6 11.85
      vertex 98.5598 64.6 11.85
      vertex 98.5772 64.6 11.8852
    endloop
  endfacet
  facet normal 0 -1 0
    outer loop
      vertex 98.062 64.6 11.8174
      vertex 98.5598 64.6 11.85
      vertex 98.0402 64.6 11.85
    endloop
  endfacet
  facet normal 0 -1 0
    outer loop
      vertex 98.062 64.6 11.8174
      vertex 98.538 64.6 11.8174
      vertex 98.5598 64.6 11.85
    endloop
  endfacet
  facet normal 0 -1 0
    outer loop
      vertex 98.0879 64.6 11.7879
      vertex 98.538 64.6 11.8174
      vertex 98.062 64.6 11.8174
    endloop
  endfacet
  facet normal 0 -1 0
    outer loop
      vertex 98.0879 64.6 11.7879
      vertex 98.5121 64.6 11.7879
      vertex 98.538 64.6 11.8174
    endloop
  endfacet
  facet normal 0 -1 0
    outer loop
      vertex 98.1174 64.6 11.762
      vertex 98.5121 64.6 11.7879
      vertex 98.0879 64.6 11.7879
    endloop
  endfacet
  facet normal 0 -1 0
    outer loop
      vertex 98.1174 64.6 11.762
      vertex 98.4826 64.6 11.762
      vertex 98.5121 64.6 11.7879
    endloop
  endfacet
  facet normal 0 -1 0
    outer loop
      vertex 98.15 64.6 11.7402
      vertex 98.4826 64.6 11.762
      vertex 98.1174 64.6 11.762
    endloop
  endfacet
  facet normal 0 -1 0
    outer loop
      vertex 98.15 64.6 11.7402
      vertex 98.45 64.6 11.7402
      vertex 98.4826 64.6 11.762
    endloop
  endfacet
  facet normal 0 -1 0
    outer loop
      vertex 98.1852 64.6 11.7228
      vertex 98.45 64.6 11.7402
      vertex 98.15 64.6 11.7402
    endloop
  endfacet
  facet normal 0 -1 0
    outer loop
      vertex 98.1852 64.6 11.7228
      vertex 98.4148 64.6 11.7228
      vertex 98.45 64.6 11.7402
    endloop
  endfacet
  facet normal 0 -1 0
    outer loop
      vertex 98.2224 64.6 11.7102
      vertex 98.4148 64.6 11.7228
      vertex 98.1852 64.6 11.7228
    endloop
  endfacet
  facet normal 0 -1 0
    outer loop
      vertex 98.2224 64.6 11.7102
      vertex 98.3776 64.6 11.7102
      vertex 98.4148 64.6 11.7228
    endloop
  endfacet
  facet normal 0 -1 0
    outer loop
      vertex 98.2608 64.6 11.7026
      vertex 98.3776 64.6 11.7102
      vertex 98.2224 64.6 11.7102
    endloop
  endfacet
  facet normal 0 -1 0
    outer loop
      vertex 98.2608 64.6 11.7026
      vertex 98.3392 64.6 11.7026
      vertex 98.3776 64.6 11.7102
    endloop
  endfacet
  facet normal -0 -1 0
    outer loop
      vertex 98.3392 64.6 11.7026
      vertex 98.2608 64.6 11.7026
      vertex 98.3 64.6 11.7
    endloop
  endfacet
  facet normal -0.7874 -0.47802 0.389226
    outer loop
      vertex 96.9142 66.8 12.574
      vertex 98.0228 64.6 12.1148
      vertex 98.0402 64.6 12.15
    endloop
  endfacet
  facet normal -0.787739 -0.478054 0.388499
    outer loop
      vertex 96.9142 66.8 12.574
      vertex 98.0402 64.6 12.15
      vertex 97.001 66.8 12.75
    endloop
  endfacet
  facet normal 0.831895 -0.478076 -0.281771
    outer loop
      vertex 98.5772 64.6 25.8852
      vertex 99.7489 66.8 25.6118
      vertex 98.5898 64.6 25.9224
    endloop
  endfacet
  facet normal 0.17053 -0.478036 -0.861627
    outer loop
      vertex 98.3392 64.6 25.7026
      vertex 98.6882 66.8 24.5511
      vertex 98.3776 64.6 25.7102
    endloop
  endfacet
  facet normal -0.831676 -0.478056 0.282448
    outer loop
      vertex 96.8511 66.8 26.3882
      vertex 98.0102 64.6 26.0776
      vertex 96.9142 66.8 26.574
    endloop
  endfacet
  facet normal 0.876411 -0.478042 -0.0581293
    outer loop
      vertex 98.5974 64.6 25.9608
      vertex 99.8 66.8 26
      vertex 98.6 64.6 26
    endloop
  endfacet
  facet normal 0.876447 -0.478077 -0.0572958
    outer loop
      vertex 98.5974 64.6 25.9608
      vertex 99.7872 66.8 25.8042
      vertex 99.8 66.8 26
    endloop
  endfacet
  facet normal 0.0572958 -0.478077 -0.876447
    outer loop
      vertex 98.3 66.8 24.5
      vertex 98.4958 66.8 24.5128
      vertex 98.3392 64.6 25.7026
    endloop
  endfacet
  facet normal 0.282449 -0.478047 0.831681
    outer loop
      vertex 98.4148 64.6 26.2772
      vertex 98.874 66.8 27.3858
      vertex 98.6882 66.8 27.4489
    endloop
  endfacet
  facet normal -0.389226 -0.47802 0.7874
    outer loop
      vertex 97.726 66.8 27.3858
      vertex 98.15 64.6 26.2598
      vertex 98.1852 64.6 26.2772
    endloop
  endfacet
  facet normal -0.171477 -0.478076 -0.861417
    outer loop
      vertex 97.9118 66.8 24.5511
      vertex 98.1042 66.8 24.5128
      vertex 98.2608 64.6 25.7026
    endloop
  endfacet
  facet normal 0.861417 -0.478076 -0.171477
    outer loop
      vertex 98.5974 64.6 25.9608
      vertex 99.7489 66.8 25.6118
      vertex 99.7872 66.8 25.8042
    endloop
  endfacet
  facet normal -0.83192 -0.478027 -0.281779
    outer loop
      vertex 96.9142 66.8 25.426
      vertex 98.0228 64.6 25.8852
      vertex 98.0102 64.6 25.9224
    endloop
  endfacet
  facet normal -0.7874 -0.47802 -0.389226
    outer loop
      vertex 96.9142 66.8 25.426
      vertex 98.0402 64.6 25.85
      vertex 98.0228 64.6 25.8852
    endloop
  endfacet
  facet normal -0.861424 -0.478063 0.171479
    outer loop
      vertex 96.8128 66.8 26.1958
      vertex 98.0102 64.6 26.0776
      vertex 96.8511 66.8 26.3882
    endloop
  endfacet
  facet normal -0.389226 -0.47802 -0.7874
    outer loop
      vertex 97.726 66.8 24.6142
      vertex 98.1852 64.6 25.7228
      vertex 98.15 64.6 25.7402
    endloop
  endfacet
  facet normal 0.787373 -0.478076 0.389213
    outer loop
      vertex 98.5598 64.6 26.15
      vertex 98.5772 64.6 26.1148
      vertex 99.599 66.8 26.75
    endloop
  endfacet
  facet normal 0.876447 -0.478077 0.0572958
    outer loop
      vertex 98.5974 64.6 26.0392
      vertex 99.8 66.8 26
      vertex 99.7872 66.8 26.1958
    endloop
  endfacet
  facet normal -0.7874 -0.47802 0.389226
    outer loop
      vertex 96.9142 66.8 26.574
      vertex 98.0228 64.6 26.1148
      vertex 98.0402 64.6 26.15
    endloop
  endfacet
  facet normal -0.876411 -0.478042 -0.0581293
    outer loop
      vertex 96.8 66.8 26
      vertex 98.0026 64.6 25.9608
      vertex 98 64.6 26
    endloop
  endfacet
  facet normal 0.876411 -0.478042 0.0581293
    outer loop
      vertex 98.5974 64.6 26.0392
      vertex 98.6 64.6 26
      vertex 99.8 66.8 26
    endloop
  endfacet
  facet normal -0.281771 -0.478076 -0.831895
    outer loop
      vertex 97.9118 66.8 24.5511
      vertex 98.2224 64.6 25.7102
      vertex 98.1852 64.6 25.7228
    endloop
  endfacet
  facet normal 0.57876 -0.478066 0.660673
    outer loop
      vertex 98.4826 64.6 26.238
      vertex 99.3607 66.8 27.0607
      vertex 99.2131 66.8 27.19
    endloop
  endfacet
  facet normal 0.388499 -0.478054 -0.787739
    outer loop
      vertex 98.45 64.6 25.7402
      vertex 98.874 66.8 24.6142
      vertex 99.05 66.8 24.701
    endloop
  endfacet
  facet normal 0.171477 -0.478076 0.861417
    outer loop
      vertex 98.3392 64.6 26.2974
      vertex 98.6882 66.8 27.4489
      vertex 98.4958 66.8 27.4872
    endloop
  endfacet
  facet normal 0.787745 -0.478043 0.388501
    outer loop
      vertex 98.5772 64.6 26.1148
      vertex 99.6858 66.8 26.574
      vertex 99.599 66.8 26.75
    endloop
  endfacet
  facet normal 0.861417 -0.478076 0.171477
    outer loop
      vertex 98.5974 64.6 26.0392
      vertex 99.7872 66.8 26.1958
      vertex 99.7489 66.8 26.3882
    endloop
  endfacet
  facet normal -0.876447 -0.478077 0.0572958
    outer loop
      vertex 96.8 66.8 26
      vertex 98.0026 64.6 26.0392
      vertex 96.8128 66.8 26.1958
    endloop
  endfacet
  facet normal -0.730265 -0.478052 -0.488037
    outer loop
      vertex 97.001 66.8 25.25
      vertex 97.11 66.8 25.0869
      vertex 98.0402 64.6 25.85
    endloop
  endfacet
  facet normal 0.57876 -0.478066 -0.660673
    outer loop
      vertex 98.4826 64.6 25.762
      vertex 99.2131 66.8 24.81
      vertex 99.3607 66.8 24.9393
    endloop
  endfacet
  facet normal 0.488037 -0.478052 -0.730265
    outer loop
      vertex 98.45 64.6 25.7402
      vertex 99.05 66.8 24.701
      vertex 99.2131 66.8 24.81
    endloop
  endfacet
  facet normal 0.787373 -0.478076 -0.389213
    outer loop
      vertex 98.5598 64.6 25.85
      vertex 99.599 66.8 25.25
      vertex 98.5772 64.6 25.8852
    endloop
  endfacet
  facet normal -0.282449 -0.478047 0.831681
    outer loop
      vertex 97.726 66.8 27.3858
      vertex 98.1852 64.6 26.2772
      vertex 97.9118 66.8 27.4489
    endloop
  endfacet
  facet normal 0.730263 -0.478055 -0.488036
    outer loop
      vertex 98.538 64.6 25.8174
      vertex 99.49 66.8 25.0869
      vertex 99.599 66.8 25.25
    endloop
  endfacet
  facet normal 0.831681 -0.478047 0.282449
    outer loop
      vertex 98.5772 64.6 26.1148
      vertex 99.7489 66.8 26.3882
      vertex 99.6858 66.8 26.574
    endloop
  endfacet
  facet normal 0.171477 -0.478076 -0.861417
    outer loop
      vertex 98.3392 64.6 25.7026
      vertex 98.4958 66.8 24.5128
      vertex 98.6882 66.8 24.5511
    endloop
  endfacet
  facet normal 0.660673 -0.478066 0.57876
    outer loop
      vertex 98.538 64.6 26.1826
      vertex 99.49 66.8 26.9131
      vertex 99.3607 66.8 27.0607
    endloop
  endfacet
  facet normal 0.0581293 -0.478042 -0.876411
    outer loop
      vertex 98.3 64.6 25.7
      vertex 98.3 66.8 24.5
      vertex 98.3392 64.6 25.7026
    endloop
  endfacet
  facet normal 0.389226 -0.47802 -0.7874
    outer loop
      vertex 98.4148 64.6 25.7228
      vertex 98.874 66.8 24.6142
      vertex 98.45 64.6 25.7402
    endloop
  endfacet
  facet normal 0.831681 -0.478047 -0.282449
    outer loop
      vertex 98.5772 64.6 25.8852
      vertex 99.6858 66.8 25.426
      vertex 99.7489 66.8 25.6118
    endloop
  endfacet
  facet normal -0.488241 -0.478062 -0.730122
    outer loop
      vertex 97.3869 66.8 24.81
      vertex 98.15 64.6 25.7402
      vertex 98.1174 64.6 25.762
    endloop
  endfacet
  facet normal -0.57876 -0.478066 -0.660673
    outer loop
      vertex 97.2393 66.8 24.9393
      vertex 97.3869 66.8 24.81
      vertex 98.1174 64.6 25.762
    endloop
  endfacet
  facet normal 0.388499 -0.478054 0.787739
    outer loop
      vertex 98.45 64.6 26.2598
      vertex 99.05 66.8 27.299
      vertex 98.874 66.8 27.3858
    endloop
  endfacet
  facet normal -0.488037 -0.478052 0.730265
    outer loop
      vertex 97.3869 66.8 27.19
      vertex 98.15 64.6 26.2598
      vertex 97.55 66.8 27.299
    endloop
  endfacet
  facet normal 0.281771 -0.478076 -0.831895
    outer loop
      vertex 98.3776 64.6 25.7102
      vertex 98.6882 66.8 24.5511
      vertex 98.4148 64.6 25.7228
    endloop
  endfacet
  facet normal -0.17053 -0.478036 -0.861627
    outer loop
      vertex 97.9118 66.8 24.5511
      vertex 98.2608 64.6 25.7026
      vertex 98.2224 64.6 25.7102
    endloop
  endfacet
  facet normal -0.0581293 -0.478042 0.876411
    outer loop
      vertex 98.2608 64.6 26.2974
      vertex 98.3 64.6 26.3
      vertex 98.3 66.8 27.5
    endloop
  endfacet
  facet normal 0.389226 -0.47802 0.7874
    outer loop
      vertex 98.4148 64.6 26.2772
      vertex 98.45 64.6 26.2598
      vertex 98.874 66.8 27.3858
    endloop
  endfacet
  facet normal -0.0581293 -0.478042 -0.876411
    outer loop
      vertex 98.2608 64.6 25.7026
      vertex 98.3 66.8 24.5
      vertex 98.3 64.6 25.7
    endloop
  endfacet
  facet normal -0.730122 -0.478062 -0.488241
    outer loop
      vertex 97.11 66.8 25.0869
      vertex 98.062 64.6 25.8174
      vertex 98.0402 64.6 25.85
    endloop
  endfacet
  facet normal 0.730263 -0.478055 0.488036
    outer loop
      vertex 98.538 64.6 26.1826
      vertex 99.599 66.8 26.75
      vertex 99.49 66.8 26.9131
    endloop
  endfacet
  facet normal 0.660673 -0.478066 -0.57876
    outer loop
      vertex 98.538 64.6 25.8174
      vertex 99.3607 66.8 24.9393
      vertex 99.49 66.8 25.0869
    endloop
  endfacet
  facet normal 0.488241 -0.478062 0.730122
    outer loop
      vertex 98.45 64.6 26.2598
      vertex 98.4826 64.6 26.238
      vertex 99.2131 66.8 27.19
    endloop
  endfacet
  facet normal 0.787745 -0.478043 -0.388501
    outer loop
      vertex 98.5772 64.6 25.8852
      vertex 99.599 66.8 25.25
      vertex 99.6858 66.8 25.426
    endloop
  endfacet
  facet normal 0.488241 -0.478062 -0.730122
    outer loop
      vertex 98.45 64.6 25.7402
      vertex 99.2131 66.8 24.81
      vertex 98.4826 64.6 25.762
    endloop
  endfacet
  facet normal 0.282449 -0.478047 -0.831681
    outer loop
      vertex 98.4148 64.6 25.7228
      vertex 98.6882 66.8 24.5511
      vertex 98.874 66.8 24.6142
    endloop
  endfacet
  facet normal -0.282449 -0.478047 -0.831681
    outer loop
      vertex 97.726 66.8 24.6142
      vertex 97.9118 66.8 24.5511
      vertex 98.1852 64.6 25.7228
    endloop
  endfacet
  facet normal -0.0572958 -0.478077 -0.876447
    outer loop
      vertex 98.1042 66.8 24.5128
      vertex 98.3 66.8 24.5
      vertex 98.2608 64.6 25.7026
    endloop
  endfacet
  facet normal 0.660019 -0.478106 0.579474
    outer loop
      vertex 98.5121 64.6 26.2121
      vertex 98.538 64.6 26.1826
      vertex 99.3607 66.8 27.0607
    endloop
  endfacet
  facet normal 0.730129 -0.478045 0.488246
    outer loop
      vertex 98.538 64.6 26.1826
      vertex 98.5598 64.6 26.15
      vertex 99.599 66.8 26.75
    endloop
  endfacet
  facet normal -0.660019 -0.478106 0.579474
    outer loop
      vertex 97.2393 66.8 27.0607
      vertex 98.062 64.6 26.1826
      vertex 98.0879 64.6 26.2121
    endloop
  endfacet
  facet normal -0.83192 -0.478027 0.281779
    outer loop
      vertex 96.9142 66.8 26.574
      vertex 98.0102 64.6 26.0776
      vertex 98.0228 64.6 26.1148
    endloop
  endfacet
  facet normal 0.831895 -0.478076 0.281771
    outer loop
      vertex 98.5772 64.6 26.1148
      vertex 98.5898 64.6 26.0776
      vertex 99.7489 66.8 26.3882
    endloop
  endfacet
  facet normal 0.861627 -0.478036 0.17053
    outer loop
      vertex 98.5898 64.6 26.0776
      vertex 98.5974 64.6 26.0392
      vertex 99.7489 66.8 26.3882
    endloop
  endfacet
  facet normal -0.660673 -0.478066 0.57876
    outer loop
      vertex 97.11 66.8 26.9131
      vertex 98.062 64.6 26.1826
      vertex 97.2393 66.8 27.0607
    endloop
  endfacet
  facet normal -0.876447 -0.478077 -0.0572958
    outer loop
      vertex 96.8 66.8 26
      vertex 96.8128 66.8 25.8042
      vertex 98.0026 64.6 25.9608
    endloop
  endfacet
  facet normal 0.861627 -0.478036 -0.17053
    outer loop
      vertex 98.5898 64.6 25.9224
      vertex 99.7489 66.8 25.6118
      vertex 98.5974 64.6 25.9608
    endloop
  endfacet
  facet normal 0.730129 -0.478045 -0.488246
    outer loop
      vertex 98.538 64.6 25.8174
      vertex 99.599 66.8 25.25
      vertex 98.5598 64.6 25.85
    endloop
  endfacet
  facet normal -0.787739 -0.478054 0.388499
    outer loop
      vertex 96.9142 66.8 26.574
      vertex 98.0402 64.6 26.15
      vertex 97.001 66.8 26.75
    endloop
  endfacet
  facet normal 0.0581293 -0.478042 0.876411
    outer loop
      vertex 98.3 64.6 26.3
      vertex 98.3392 64.6 26.2974
      vertex 98.3 66.8 27.5
    endloop
  endfacet
  facet normal -0.579474 -0.478106 -0.660019
    outer loop
      vertex 97.2393 66.8 24.9393
      vertex 98.1174 64.6 25.762
      vertex 98.0879 64.6 25.7879
    endloop
  endfacet
  facet normal -0.579474 -0.478106 0.660019
    outer loop
      vertex 97.2393 66.8 27.0607
      vertex 98.0879 64.6 26.2121
      vertex 98.1174 64.6 26.238
    endloop
  endfacet
  facet normal -0.488241 -0.478062 0.730122
    outer loop
      vertex 97.3869 66.8 27.19
      vertex 98.1174 64.6 26.238
      vertex 98.15 64.6 26.2598
    endloop
  endfacet
  facet normal 0.0572958 -0.478077 0.876447
    outer loop
      vertex 98.3 66.8 27.5
      vertex 98.3392 64.6 26.2974
      vertex 98.4958 66.8 27.4872
    endloop
  endfacet
  facet normal 0.17053 -0.478036 0.861627
    outer loop
      vertex 98.3392 64.6 26.2974
      vertex 98.3776 64.6 26.2898
      vertex 98.6882 66.8 27.4489
    endloop
  endfacet
  facet normal 0.488037 -0.478052 0.730265
    outer loop
      vertex 98.45 64.6 26.2598
      vertex 99.2131 66.8 27.19
      vertex 99.05 66.8 27.299
    endloop
  endfacet
  facet normal -0.388499 -0.478054 0.787739
    outer loop
      vertex 97.55 66.8 27.299
      vertex 98.15 64.6 26.2598
      vertex 97.726 66.8 27.3858
    endloop
  endfacet
  facet normal -0.861424 -0.478063 -0.171479
    outer loop
      vertex 96.8128 66.8 25.8042
      vertex 96.8511 66.8 25.6118
      vertex 98.0102 64.6 25.9224
    endloop
  endfacet
  facet normal -0.831676 -0.478056 -0.282448
    outer loop
      vertex 96.8511 66.8 25.6118
      vertex 96.9142 66.8 25.426
      vertex 98.0102 64.6 25.9224
    endloop
  endfacet
  facet normal -0.861591 -0.478102 -0.170523
    outer loop
      vertex 96.8128 66.8 25.8042
      vertex 98.0102 64.6 25.9224
      vertex 98.0026 64.6 25.9608
    endloop
  endfacet
  facet normal 0.281771 -0.478076 0.831895
    outer loop
      vertex 98.3776 64.6 26.2898
      vertex 98.4148 64.6 26.2772
      vertex 98.6882 66.8 27.4489
    endloop
  endfacet
  facet normal -0.660673 -0.478066 -0.57876
    outer loop
      vertex 97.11 66.8 25.0869
      vertex 97.2393 66.8 24.9393
      vertex 98.062 64.6 25.8174
    endloop
  endfacet
  facet normal 0 -1 0
    outer loop
      vertex 98.2608 64.6 26.2974
      vertex 98.3392 64.6 26.2974
      vertex 98.3 64.6 26.3
    endloop
  endfacet
  facet normal 0 -1 0
    outer loop
      vertex 98.2224 64.6 26.2898
      vertex 98.3392 64.6 26.2974
      vertex 98.2608 64.6 26.2974
    endloop
  endfacet
  facet normal 0 -1 0
    outer loop
      vertex 98.2224 64.6 26.2898
      vertex 98.3776 64.6 26.2898
      vertex 98.3392 64.6 26.2974
    endloop
  endfacet
  facet normal 0 -1 0
    outer loop
      vertex 98.1852 64.6 26.2772
      vertex 98.3776 64.6 26.2898
      vertex 98.2224 64.6 26.2898
    endloop
  endfacet
  facet normal 0 -1 0
    outer loop
      vertex 98.1852 64.6 26.2772
      vertex 98.4148 64.6 26.2772
      vertex 98.3776 64.6 26.2898
    endloop
  endfacet
  facet normal 0 -1 0
    outer loop
      vertex 98.15 64.6 26.2598
      vertex 98.4148 64.6 26.2772
      vertex 98.1852 64.6 26.2772
    endloop
  endfacet
  facet normal 0 -1 0
    outer loop
      vertex 98.15 64.6 26.2598
      vertex 98.45 64.6 26.2598
      vertex 98.4148 64.6 26.2772
    endloop
  endfacet
  facet normal 0 -1 0
    outer loop
      vertex 98.1174 64.6 26.238
      vertex 98.45 64.6 26.2598
      vertex 98.15 64.6 26.2598
    endloop
  endfacet
  facet normal 0 -1 0
    outer loop
      vertex 98.1174 64.6 26.238
      vertex 98.4826 64.6 26.238
      vertex 98.45 64.6 26.2598
    endloop
  endfacet
  facet normal 0 -1 0
    outer loop
      vertex 98.0879 64.6 26.2121
      vertex 98.4826 64.6 26.238
      vertex 98.1174 64.6 26.238
    endloop
  endfacet
  facet normal 0 -1 0
    outer loop
      vertex 98.0879 64.6 26.2121
      vertex 98.5121 64.6 26.2121
      vertex 98.4826 64.6 26.238
    endloop
  endfacet
  facet normal 0 -1 0
    outer loop
      vertex 98.062 64.6 26.1826
      vertex 98.5121 64.6 26.2121
      vertex 98.0879 64.6 26.2121
    endloop
  endfacet
  facet normal 0 -1 0
    outer loop
      vertex 98.062 64.6 26.1826
      vertex 98.538 64.6 26.1826
      vertex 98.5121 64.6 26.2121
    endloop
  endfacet
  facet normal 0 -1 0
    outer loop
      vertex 98.0402 64.6 26.15
      vertex 98.538 64.6 26.1826
      vertex 98.062 64.6 26.1826
    endloop
  endfacet
  facet normal 0 -1 0
    outer loop
      vertex 98.0402 64.6 26.15
      vertex 98.5598 64.6 26.15
      vertex 98.538 64.6 26.1826
    endloop
  endfacet
  facet normal 0 -1 0
    outer loop
      vertex 98.0228 64.6 26.1148
      vertex 98.5598 64.6 26.15
      vertex 98.0402 64.6 26.15
    endloop
  endfacet
  facet normal 0 -1 0
    outer loop
      vertex 98.0228 64.6 26.1148
      vertex 98.5772 64.6 26.1148
      vertex 98.5598 64.6 26.15
    endloop
  endfacet
  facet normal 0 -1 0
    outer loop
      vertex 98.0102 64.6 26.0776
      vertex 98.5772 64.6 26.1148
      vertex 98.0228 64.6 26.1148
    endloop
  endfacet
  facet normal 0 -1 0
    outer loop
      vertex 98.0102 64.6 26.0776
      vertex 98.5898 64.6 26.0776
      vertex 98.5772 64.6 26.1148
    endloop
  endfacet
  facet normal 0 -1 0
    outer loop
      vertex 98.0026 64.6 26.0392
      vertex 98.5898 64.6 26.0776
      vertex 98.0102 64.6 26.0776
    endloop
  endfacet
  facet normal 0 -1 0
    outer loop
      vertex 98.0026 64.6 26.0392
      vertex 98.5974 64.6 26.0392
      vertex 98.5898 64.6 26.0776
    endloop
  endfacet
  facet normal 0 -1 0
    outer loop
      vertex 98 64.6 26
      vertex 98.5974 64.6 26.0392
      vertex 98.0026 64.6 26.0392
    endloop
  endfacet
  facet normal 0 -1 0
    outer loop
      vertex 98 64.6 26
      vertex 98.6 64.6 26
      vertex 98.5974 64.6 26.0392
    endloop
  endfacet
  facet normal 0 -1 0
    outer loop
      vertex 98.0026 64.6 25.9608
      vertex 98.6 64.6 26
      vertex 98 64.6 26
    endloop
  endfacet
  facet normal 0 -1 0
    outer loop
      vertex 98.0026 64.6 25.9608
      vertex 98.5974 64.6 25.9608
      vertex 98.6 64.6 26
    endloop
  endfacet
  facet normal 0 -1 0
    outer loop
      vertex 98.0102 64.6 25.9224
      vertex 98.5974 64.6 25.9608
      vertex 98.0026 64.6 25.9608
    endloop
  endfacet
  facet normal 0 -1 0
    outer loop
      vertex 98.0102 64.6 25.9224
      vertex 98.5898 64.6 25.9224
      vertex 98.5974 64.6 25.9608
    endloop
  endfacet
  facet normal 0 -1 0
    outer loop
      vertex 98.0228 64.6 25.8852
      vertex 98.5898 64.6 25.9224
      vertex 98.0102 64.6 25.9224
    endloop
  endfacet
  facet normal 0 -1 0
    outer loop
      vertex 98.0228 64.6 25.8852
      vertex 98.5772 64.6 25.8852
      vertex 98.5898 64.6 25.9224
    endloop
  endfacet
  facet normal 0 -1 0
    outer loop
      vertex 98.0402 64.6 25.85
      vertex 98.5772 64.6 25.8852
      vertex 98.0228 64.6 25.8852
    endloop
  endfacet
  facet normal 0 -1 0
    outer loop
      vertex 98.0402 64.6 25.85
      vertex 98.5598 64.6 25.85
      vertex 98.5772 64.6 25.8852
    endloop
  endfacet
  facet normal 0 -1 0
    outer loop
      vertex 98.062 64.6 25.8174
      vertex 98.5598 64.6 25.85
      vertex 98.0402 64.6 25.85
    endloop
  endfacet
  facet normal 0 -1 0
    outer loop
      vertex 98.062 64.6 25.8174
      vertex 98.538 64.6 25.8174
      vertex 98.5598 64.6 25.85
    endloop
  endfacet
  facet normal 0 -1 0
    outer loop
      vertex 98.0879 64.6 25.7879
      vertex 98.538 64.6 25.8174
      vertex 98.062 64.6 25.8174
    endloop
  endfacet
  facet normal 0 -1 0
    outer loop
      vertex 98.0879 64.6 25.7879
      vertex 98.5121 64.6 25.7879
      vertex 98.538 64.6 25.8174
    endloop
  endfacet
  facet normal 0 -1 0
    outer loop
      vertex 98.1174 64.6 25.762
      vertex 98.5121 64.6 25.7879
      vertex 98.0879 64.6 25.7879
    endloop
  endfacet
  facet normal 0 -1 0
    outer loop
      vertex 98.1174 64.6 25.762
      vertex 98.4826 64.6 25.762
      vertex 98.5121 64.6 25.7879
    endloop
  endfacet
  facet normal 0 -1 0
    outer loop
      vertex 98.15 64.6 25.7402
      vertex 98.4826 64.6 25.762
      vertex 98.1174 64.6 25.762
    endloop
  endfacet
  facet normal 0 -1 0
    outer loop
      vertex 98.15 64.6 25.7402
      vertex 98.45 64.6 25.7402
      vertex 98.4826 64.6 25.762
    endloop
  endfacet
  facet normal 0 -1 0
    outer loop
      vertex 98.1852 64.6 25.7228
      vertex 98.45 64.6 25.7402
      vertex 98.15 64.6 25.7402
    endloop
  endfacet
  facet normal 0 -1 0
    outer loop
      vertex 98.1852 64.6 25.7228
      vertex 98.4148 64.6 25.7228
      vertex 98.45 64.6 25.7402
    endloop
  endfacet
  facet normal 0 -1 0
    outer loop
      vertex 98.2224 64.6 25.7102
      vertex 98.4148 64.6 25.7228
      vertex 98.1852 64.6 25.7228
    endloop
  endfacet
  facet normal 0 -1 0
    outer loop
      vertex 98.2224 64.6 25.7102
      vertex 98.3776 64.6 25.7102
      vertex 98.4148 64.6 25.7228
    endloop
  endfacet
  facet normal 0 -1 0
    outer loop
      vertex 98.2608 64.6 25.7026
      vertex 98.3776 64.6 25.7102
      vertex 98.2224 64.6 25.7102
    endloop
  endfacet
  facet normal 0 -1 0
    outer loop
      vertex 98.2608 64.6 25.7026
      vertex 98.3392 64.6 25.7026
      vertex 98.3776 64.6 25.7102
    endloop
  endfacet
  facet normal -0 -1 0
    outer loop
      vertex 98.3392 64.6 25.7026
      vertex 98.2608 64.6 25.7026
      vertex 98.3 64.6 25.7
    endloop
  endfacet
  facet normal -0.57876 -0.478066 0.660673
    outer loop
      vertex 97.2393 66.8 27.0607
      vertex 98.1174 64.6 26.238
      vertex 97.3869 66.8 27.19
    endloop
  endfacet
  facet normal 0.579474 -0.478106 0.660019
    outer loop
      vertex 98.4826 64.6 26.238
      vertex 98.5121 64.6 26.2121
      vertex 99.3607 66.8 27.0607
    endloop
  endfacet
  facet normal 0.660019 -0.478106 -0.579474
    outer loop
      vertex 98.5121 64.6 25.7879
      vertex 99.3607 66.8 24.9393
      vertex 98.538 64.6 25.8174
    endloop
  endfacet
  facet normal 0.579474 -0.478106 -0.660019
    outer loop
      vertex 98.4826 64.6 25.762
      vertex 99.3607 66.8 24.9393
      vertex 98.5121 64.6 25.7879
    endloop
  endfacet
  facet normal -0.388499 -0.478054 -0.787739
    outer loop
      vertex 97.55 66.8 24.701
      vertex 97.726 66.8 24.6142
      vertex 98.15 64.6 25.7402
    endloop
  endfacet
  facet normal -0.488037 -0.478052 -0.730265
    outer loop
      vertex 97.3869 66.8 24.81
      vertex 97.55 66.8 24.701
      vertex 98.15 64.6 25.7402
    endloop
  endfacet
  facet normal -0.730122 -0.478062 0.488241
    outer loop
      vertex 97.11 66.8 26.9131
      vertex 98.0402 64.6 26.15
      vertex 98.062 64.6 26.1826
    endloop
  endfacet
  facet normal -0.730265 -0.478052 0.488037
    outer loop
      vertex 97.001 66.8 26.75
      vertex 98.0402 64.6 26.15
      vertex 97.11 66.8 26.9131
    endloop
  endfacet
  facet normal -0.787739 -0.478054 -0.388499
    outer loop
      vertex 96.9142 66.8 25.426
      vertex 97.001 66.8 25.25
      vertex 98.0402 64.6 25.85
    endloop
  endfacet
  facet normal -0.876411 -0.478042 0.0581293
    outer loop
      vertex 96.8 66.8 26
      vertex 98 64.6 26
      vertex 98.0026 64.6 26.0392
    endloop
  endfacet
  facet normal -0.861591 -0.478102 0.170523
    outer loop
      vertex 96.8128 66.8 26.1958
      vertex 98.0026 64.6 26.0392
      vertex 98.0102 64.6 26.0776
    endloop
  endfacet
  facet normal -0.17053 -0.478036 0.861627
    outer loop
      vertex 97.9118 66.8 27.4489
      vertex 98.2224 64.6 26.2898
      vertex 98.2608 64.6 26.2974
    endloop
  endfacet
  facet normal -0.171477 -0.478076 0.861417
    outer loop
      vertex 97.9118 66.8 27.4489
      vertex 98.2608 64.6 26.2974
      vertex 98.1042 66.8 27.4872
    endloop
  endfacet
  facet normal -0.0572958 -0.478077 0.876447
    outer loop
      vertex 98.1042 66.8 27.4872
      vertex 98.2608 64.6 26.2974
      vertex 98.3 66.8 27.5
    endloop
  endfacet
  facet normal -0.660019 -0.478106 -0.579474
    outer loop
      vertex 97.2393 66.8 24.9393
      vertex 98.0879 64.6 25.7879
      vertex 98.062 64.6 25.8174
    endloop
  endfacet
  facet normal -0.281771 -0.478076 0.831895
    outer loop
      vertex 97.9118 66.8 27.4489
      vertex 98.1852 64.6 26.2772
      vertex 98.2224 64.6 26.2898
    endloop
  endfacet
  facet normal -0.171477 -0.478076 0.861417
    outer loop
      vertex 97.9118 66.8 41.4489
      vertex 98.2608 64.6 40.2974
      vertex 98.1042 66.8 41.4872
    endloop
  endfacet
  facet normal 0.831895 -0.478076 0.281771
    outer loop
      vertex 98.5772 64.6 40.1148
      vertex 98.5898 64.6 40.0776
      vertex 99.7489 66.8 40.3882
    endloop
  endfacet
  facet normal 0.876411 -0.478042 -0.0581293
    outer loop
      vertex 98.5974 64.6 39.9608
      vertex 99.8 66.8 40
      vertex 98.6 64.6 40
    endloop
  endfacet
  facet normal 0.876447 -0.478077 -0.0572958
    outer loop
      vertex 98.5974 64.6 39.9608
      vertex 99.7872 66.8 39.8042
      vertex 99.8 66.8 40
    endloop
  endfacet
  facet normal 0.281771 -0.478076 0.831895
    outer loop
      vertex 98.3776 64.6 40.2898
      vertex 98.4148 64.6 40.2772
      vertex 98.6882 66.8 41.4489
    endloop
  endfacet
  facet normal -0.660019 -0.478106 0.579474
    outer loop
      vertex 97.2393 66.8 41.0607
      vertex 98.062 64.6 40.1826
      vertex 98.0879 64.6 40.2121
    endloop
  endfacet
  facet normal -0.861424 -0.478063 -0.171479
    outer loop
      vertex 96.8128 66.8 39.8042
      vertex 96.8511 66.8 39.6118
      vertex 98.0102 64.6 39.9224
    endloop
  endfacet
  facet normal 0.787745 -0.478043 0.388501
    outer loop
      vertex 98.5772 64.6 40.1148
      vertex 99.6858 66.8 40.574
      vertex 99.599 66.8 40.75
    endloop
  endfacet
  facet normal 0.57876 -0.478066 -0.660673
    outer loop
      vertex 98.4826 64.6 39.762
      vertex 99.2131 66.8 38.81
      vertex 99.3607 66.8 38.9393
    endloop
  endfacet
  facet normal 0.861627 -0.478036 -0.17053
    outer loop
      vertex 98.5898 64.6 39.9224
      vertex 99.7489 66.8 39.6118
      vertex 98.5974 64.6 39.9608
    endloop
  endfacet
  facet normal -0.17053 -0.478036 -0.861627
    outer loop
      vertex 97.9118 66.8 38.5511
      vertex 98.2608 64.6 39.7026
      vertex 98.2224 64.6 39.7102
    endloop
  endfacet
  facet normal -0.579474 -0.478106 0.660019
    outer loop
      vertex 97.2393 66.8 41.0607
      vertex 98.0879 64.6 40.2121
      vertex 98.1174 64.6 40.238
    endloop
  endfacet
  facet normal 0.388499 -0.478054 -0.787739
    outer loop
      vertex 98.45 64.6 39.7402
      vertex 98.874 66.8 38.6142
      vertex 99.05 66.8 38.701
    endloop
  endfacet
  facet normal -0.660019 -0.478106 -0.579474
    outer loop
      vertex 97.2393 66.8 38.9393
      vertex 98.0879 64.6 39.7879
      vertex 98.062 64.6 39.8174
    endloop
  endfacet
  facet normal -0.17053 -0.478036 0.861627
    outer loop
      vertex 97.9118 66.8 41.4489
      vertex 98.2224 64.6 40.2898
      vertex 98.2608 64.6 40.2974
    endloop
  endfacet
  facet normal -0.281771 -0.478076 0.831895
    outer loop
      vertex 97.9118 66.8 41.4489
      vertex 98.1852 64.6 40.2772
      vertex 98.2224 64.6 40.2898
    endloop
  endfacet
  facet normal 0.171477 -0.478076 0.861417
    outer loop
      vertex 98.3392 64.6 40.2974
      vertex 98.6882 66.8 41.4489
      vertex 98.4958 66.8 41.4872
    endloop
  endfacet
  facet normal 0.660019 -0.478106 -0.579474
    outer loop
      vertex 98.5121 64.6 39.7879
      vertex 99.3607 66.8 38.9393
      vertex 98.538 64.6 39.8174
    endloop
  endfacet
  facet normal 0.787373 -0.478076 -0.389213
    outer loop
      vertex 98.5598 64.6 39.85
      vertex 99.599 66.8 39.25
      vertex 98.5772 64.6 39.8852
    endloop
  endfacet
  facet normal 0.660019 -0.478106 0.579474
    outer loop
      vertex 98.5121 64.6 40.2121
      vertex 98.538 64.6 40.1826
      vertex 99.3607 66.8 41.0607
    endloop
  endfacet
  facet normal 0.17053 -0.478036 0.861627
    outer loop
      vertex 98.3392 64.6 40.2974
      vertex 98.3776 64.6 40.2898
      vertex 98.6882 66.8 41.4489
    endloop
  endfacet
  facet normal -0.389226 -0.47802 0.7874
    outer loop
      vertex 97.726 66.8 41.3858
      vertex 98.15 64.6 40.2598
      vertex 98.1852 64.6 40.2772
    endloop
  endfacet
  facet normal 0.388499 -0.478054 0.787739
    outer loop
      vertex 98.45 64.6 40.2598
      vertex 99.05 66.8 41.299
      vertex 98.874 66.8 41.3858
    endloop
  endfacet
  facet normal 0.730129 -0.478045 0.488246
    outer loop
      vertex 98.538 64.6 40.1826
      vertex 98.5598 64.6 40.15
      vertex 99.599 66.8 40.75
    endloop
  endfacet
  facet normal 0.17053 -0.478036 -0.861627
    outer loop
      vertex 98.3392 64.6 39.7026
      vertex 98.6882 66.8 38.5511
      vertex 98.3776 64.6 39.7102
    endloop
  endfacet
  facet normal 0.730263 -0.478055 -0.488036
    outer loop
      vertex 98.538 64.6 39.8174
      vertex 99.49 66.8 39.0869
      vertex 99.599 66.8 39.25
    endloop
  endfacet
  facet normal 0.57876 -0.478066 0.660673
    outer loop
      vertex 98.4826 64.6 40.238
      vertex 99.3607 66.8 41.0607
      vertex 99.2131 66.8 41.19
    endloop
  endfacet
  facet normal 0.861417 -0.478076 -0.171477
    outer loop
      vertex 98.5974 64.6 39.9608
      vertex 99.7489 66.8 39.6118
      vertex 99.7872 66.8 39.8042
    endloop
  endfacet
  facet normal 0.831681 -0.478047 0.282449
    outer loop
      vertex 98.5772 64.6 40.1148
      vertex 99.7489 66.8 40.3882
      vertex 99.6858 66.8 40.574
    endloop
  endfacet
  facet normal -0.876447 -0.478077 -0.0572958
    outer loop
      vertex 96.8 66.8 40
      vertex 96.8128 66.8 39.8042
      vertex 98.0026 64.6 39.9608
    endloop
  endfacet
  facet normal 0 -1 0
    outer loop
      vertex 98.2608 64.6 40.2974
      vertex 98.3392 64.6 40.2974
      vertex 98.3 64.6 40.3
    endloop
  endfacet
  facet normal 0 -1 0
    outer loop
      vertex 98.2224 64.6 40.2898
      vertex 98.3392 64.6 40.2974
      vertex 98.2608 64.6 40.2974
    endloop
  endfacet
  facet normal 0 -1 0
    outer loop
      vertex 98.2224 64.6 40.2898
      vertex 98.3776 64.6 40.2898
      vertex 98.3392 64.6 40.2974
    endloop
  endfacet
  facet normal 0 -1 0
    outer loop
      vertex 98.1852 64.6 40.2772
      vertex 98.3776 64.6 40.2898
      vertex 98.2224 64.6 40.2898
    endloop
  endfacet
  facet normal 0 -1 0
    outer loop
      vertex 98.1852 64.6 40.2772
      vertex 98.4148 64.6 40.2772
      vertex 98.3776 64.6 40.2898
    endloop
  endfacet
  facet normal 0 -1 0
    outer loop
      vertex 98.15 64.6 40.2598
      vertex 98.4148 64.6 40.2772
      vertex 98.1852 64.6 40.2772
    endloop
  endfacet
  facet normal 0 -1 0
    outer loop
      vertex 98.15 64.6 40.2598
      vertex 98.45 64.6 40.2598
      vertex 98.4148 64.6 40.2772
    endloop
  endfacet
  facet normal 0 -1 0
    outer loop
      vertex 98.1174 64.6 40.238
      vertex 98.45 64.6 40.2598
      vertex 98.15 64.6 40.2598
    endloop
  endfacet
  facet normal 0 -1 0
    outer loop
      vertex 98.1174 64.6 40.238
      vertex 98.4826 64.6 40.238
      vertex 98.45 64.6 40.2598
    endloop
  endfacet
  facet normal 0 -1 0
    outer loop
      vertex 98.0879 64.6 40.2121
      vertex 98.4826 64.6 40.238
      vertex 98.1174 64.6 40.238
    endloop
  endfacet
  facet normal 0 -1 0
    outer loop
      vertex 98.0879 64.6 40.2121
      vertex 98.5121 64.6 40.2121
      vertex 98.4826 64.6 40.238
    endloop
  endfacet
  facet normal 0 -1 0
    outer loop
      vertex 98.062 64.6 40.1826
      vertex 98.5121 64.6 40.2121
      vertex 98.0879 64.6 40.2121
    endloop
  endfacet
  facet normal 0 -1 0
    outer loop
      vertex 98.062 64.6 40.1826
      vertex 98.538 64.6 40.1826
      vertex 98.5121 64.6 40.2121
    endloop
  endfacet
  facet normal 0 -1 0
    outer loop
      vertex 98.0402 64.6 40.15
      vertex 98.538 64.6 40.1826
      vertex 98.062 64.6 40.1826
    endloop
  endfacet
  facet normal 0 -1 0
    outer loop
      vertex 98.0402 64.6 40.15
      vertex 98.5598 64.6 40.15
      vertex 98.538 64.6 40.1826
    endloop
  endfacet
  facet normal 0 -1 0
    outer loop
      vertex 98.0228 64.6 40.1148
      vertex 98.5598 64.6 40.15
      vertex 98.0402 64.6 40.15
    endloop
  endfacet
  facet normal 0 -1 0
    outer loop
      vertex 98.0228 64.6 40.1148
      vertex 98.5772 64.6 40.1148
      vertex 98.5598 64.6 40.15
    endloop
  endfacet
  facet normal 0 -1 0
    outer loop
      vertex 98.0102 64.6 40.0776
      vertex 98.5772 64.6 40.1148
      vertex 98.0228 64.6 40.1148
    endloop
  endfacet
  facet normal 0 -1 0
    outer loop
      vertex 98.0102 64.6 40.0776
      vertex 98.5898 64.6 40.0776
      vertex 98.5772 64.6 40.1148
    endloop
  endfacet
  facet normal 0 -1 0
    outer loop
      vertex 98.0026 64.6 40.0392
      vertex 98.5898 64.6 40.0776
      vertex 98.0102 64.6 40.0776
    endloop
  endfacet
  facet normal 0 -1 0
    outer loop
      vertex 98.0026 64.6 40.0392
      vertex 98.5974 64.6 40.0392
      vertex 98.5898 64.6 40.0776
    endloop
  endfacet
  facet normal 0 -1 0
    outer loop
      vertex 98 64.6 40
      vertex 98.5974 64.6 40.0392
      vertex 98.0026 64.6 40.0392
    endloop
  endfacet
  facet normal 0 -1 0
    outer loop
      vertex 98 64.6 40
      vertex 98.6 64.6 40
      vertex 98.5974 64.6 40.0392
    endloop
  endfacet
  facet normal 0 -1 0
    outer loop
      vertex 98.0026 64.6 39.9608
      vertex 98.6 64.6 40
      vertex 98 64.6 40
    endloop
  endfacet
  facet normal 0 -1 0
    outer loop
      vertex 98.0026 64.6 39.9608
      vertex 98.5974 64.6 39.9608
      vertex 98.6 64.6 40
    endloop
  endfacet
  facet normal 0 -1 0
    outer loop
      vertex 98.0102 64.6 39.9224
      vertex 98.5974 64.6 39.9608
      vertex 98.0026 64.6 39.9608
    endloop
  endfacet
  facet normal 0 -1 0
    outer loop
      vertex 98.0102 64.6 39.9224
      vertex 98.5898 64.6 39.9224
      vertex 98.5974 64.6 39.9608
    endloop
  endfacet
  facet normal 0 -1 0
    outer loop
      vertex 98.0228 64.6 39.8852
      vertex 98.5898 64.6 39.9224
      vertex 98.0102 64.6 39.9224
    endloop
  endfacet
  facet normal 0 -1 0
    outer loop
      vertex 98.0228 64.6 39.8852
      vertex 98.5772 64.6 39.8852
      vertex 98.5898 64.6 39.9224
    endloop
  endfacet
  facet normal 0 -1 0
    outer loop
      vertex 98.0402 64.6 39.85
      vertex 98.5772 64.6 39.8852
      vertex 98.0228 64.6 39.8852
    endloop
  endfacet
  facet normal 0 -1 0
    outer loop
      vertex 98.0402 64.6 39.85
      vertex 98.5598 64.6 39.85
      vertex 98.5772 64.6 39.8852
    endloop
  endfacet
  facet normal 0 -1 0
    outer loop
      vertex 98.062 64.6 39.8174
      vertex 98.5598 64.6 39.85
      vertex 98.0402 64.6 39.85
    endloop
  endfacet
  facet normal 0 -1 0
    outer loop
      vertex 98.062 64.6 39.8174
      vertex 98.538 64.6 39.8174
      vertex 98.5598 64.6 39.85
    endloop
  endfacet
  facet normal 0 -1 0
    outer loop
      vertex 98.0879 64.6 39.7879
      vertex 98.538 64.6 39.8174
      vertex 98.062 64.6 39.8174
    endloop
  endfacet
  facet normal 0 -1 0
    outer loop
      vertex 98.0879 64.6 39.7879
      vertex 98.5121 64.6 39.7879
      vertex 98.538 64.6 39.8174
    endloop
  endfacet
  facet normal 0 -1 0
    outer loop
      vertex 98.1174 64.6 39.762
      vertex 98.5121 64.6 39.7879
      vertex 98.0879 64.6 39.7879
    endloop
  endfacet
  facet normal 0 -1 0
    outer loop
      vertex 98.1174 64.6 39.762
      vertex 98.4826 64.6 39.762
      vertex 98.5121 64.6 39.7879
    endloop
  endfacet
  facet normal 0 -1 0
    outer loop
      vertex 98.15 64.6 39.7402
      vertex 98.4826 64.6 39.762
      vertex 98.1174 64.6 39.762
    endloop
  endfacet
  facet normal 0 -1 0
    outer loop
      vertex 98.15 64.6 39.7402
      vertex 98.45 64.6 39.7402
      vertex 98.4826 64.6 39.762
    endloop
  endfacet
  facet normal 0 -1 0
    outer loop
      vertex 98.1852 64.6 39.7228
      vertex 98.45 64.6 39.7402
      vertex 98.15 64.6 39.7402
    endloop
  endfacet
  facet normal 0 -1 0
    outer loop
      vertex 98.1852 64.6 39.7228
      vertex 98.4148 64.6 39.7228
      vertex 98.45 64.6 39.7402
    endloop
  endfacet
  facet normal 0 -1 0
    outer loop
      vertex 98.2224 64.6 39.7102
      vertex 98.4148 64.6 39.7228
      vertex 98.1852 64.6 39.7228
    endloop
  endfacet
  facet normal 0 -1 0
    outer loop
      vertex 98.2224 64.6 39.7102
      vertex 98.3776 64.6 39.7102
      vertex 98.4148 64.6 39.7228
    endloop
  endfacet
  facet normal 0 -1 0
    outer loop
      vertex 98.2608 64.6 39.7026
      vertex 98.3776 64.6 39.7102
      vertex 98.2224 64.6 39.7102
    endloop
  endfacet
  facet normal 0 -1 0
    outer loop
      vertex 98.2608 64.6 39.7026
      vertex 98.3392 64.6 39.7026
      vertex 98.3776 64.6 39.7102
    endloop
  endfacet
  facet normal -0 -1 0
    outer loop
      vertex 98.3392 64.6 39.7026
      vertex 98.2608 64.6 39.7026
      vertex 98.3 64.6 39.7
    endloop
  endfacet
  facet normal 0.660673 -0.478066 0.57876
    outer loop
      vertex 98.538 64.6 40.1826
      vertex 99.49 66.8 40.9131
      vertex 99.3607 66.8 41.0607
    endloop
  endfacet
  facet normal 0.787373 -0.478076 0.389213
    outer loop
      vertex 98.5598 64.6 40.15
      vertex 98.5772 64.6 40.1148
      vertex 99.599 66.8 40.75
    endloop
  endfacet
  facet normal 0.171477 -0.478076 -0.861417
    outer loop
      vertex 98.3392 64.6 39.7026
      vertex 98.4958 66.8 38.5128
      vertex 98.6882 66.8 38.5511
    endloop
  endfacet
  facet normal -0.787739 -0.478054 -0.388499
    outer loop
      vertex 96.9142 66.8 39.426
      vertex 97.001 66.8 39.25
      vertex 98.0402 64.6 39.85
    endloop
  endfacet
  facet normal -0.388499 -0.478054 0.787739
    outer loop
      vertex 97.55 66.8 41.299
      vertex 98.15 64.6 40.2598
      vertex 97.726 66.8 41.3858
    endloop
  endfacet
  facet normal -0.876447 -0.478077 0.0572958
    outer loop
      vertex 96.8 66.8 40
      vertex 98.0026 64.6 40.0392
      vertex 96.8128 66.8 40.1958
    endloop
  endfacet
  facet normal 0.730129 -0.478045 -0.488246
    outer loop
      vertex 98.538 64.6 39.8174
      vertex 99.599 66.8 39.25
      vertex 98.5598 64.6 39.85
    endloop
  endfacet
  facet normal -0.83192 -0.478027 0.281779
    outer loop
      vertex 96.9142 66.8 40.574
      vertex 98.0102 64.6 40.0776
      vertex 98.0228 64.6 40.1148
    endloop
  endfacet
  facet normal -0.488241 -0.478062 -0.730122
    outer loop
      vertex 97.3869 66.8 38.81
      vertex 98.15 64.6 39.7402
      vertex 98.1174 64.6 39.762
    endloop
  endfacet
  facet normal 0.579474 -0.478106 -0.660019
    outer loop
      vertex 98.4826 64.6 39.762
      vertex 99.3607 66.8 38.9393
      vertex 98.5121 64.6 39.7879
    endloop
  endfacet
  facet normal 0.0572958 -0.478077 0.876447
    outer loop
      vertex 98.3 66.8 41.5
      vertex 98.3392 64.6 40.2974
      vertex 98.4958 66.8 41.4872
    endloop
  endfacet
  facet normal -0.57876 -0.478066 -0.660673
    outer loop
      vertex 97.2393 66.8 38.9393
      vertex 97.3869 66.8 38.81
      vertex 98.1174 64.6 39.762
    endloop
  endfacet
  facet normal 0.0572958 -0.478077 -0.876447
    outer loop
      vertex 98.3 66.8 38.5
      vertex 98.4958 66.8 38.5128
      vertex 98.3392 64.6 39.7026
    endloop
  endfacet
  facet normal -0.861591 -0.478102 0.170523
    outer loop
      vertex 96.8128 66.8 40.1958
      vertex 98.0026 64.6 40.0392
      vertex 98.0102 64.6 40.0776
    endloop
  endfacet
  facet normal -0.171477 -0.478076 -0.861417
    outer loop
      vertex 97.9118 66.8 38.5511
      vertex 98.1042 66.8 38.5128
      vertex 98.2608 64.6 39.7026
    endloop
  endfacet
  facet normal 0.488037 -0.478052 -0.730265
    outer loop
      vertex 98.45 64.6 39.7402
      vertex 99.05 66.8 38.701
      vertex 99.2131 66.8 38.81
    endloop
  endfacet
  facet normal 0.861417 -0.478076 0.171477
    outer loop
      vertex 98.5974 64.6 40.0392
      vertex 99.7872 66.8 40.1958
      vertex 99.7489 66.8 40.3882
    endloop
  endfacet
  facet normal 0.730263 -0.478055 0.488036
    outer loop
      vertex 98.538 64.6 40.1826
      vertex 99.599 66.8 40.75
      vertex 99.49 66.8 40.9131
    endloop
  endfacet
  facet normal -0.730265 -0.478052 -0.488037
    outer loop
      vertex 97.001 66.8 39.25
      vertex 97.11 66.8 39.0869
      vertex 98.0402 64.6 39.85
    endloop
  endfacet
  facet normal -0.282449 -0.478047 -0.831681
    outer loop
      vertex 97.726 66.8 38.6142
      vertex 97.9118 66.8 38.5511
      vertex 98.1852 64.6 39.7228
    endloop
  endfacet
  facet normal -0.0572958 -0.478077 -0.876447
    outer loop
      vertex 98.1042 66.8 38.5128
      vertex 98.3 66.8 38.5
      vertex 98.2608 64.6 39.7026
    endloop
  endfacet
  facet normal 0.488037 -0.478052 0.730265
    outer loop
      vertex 98.45 64.6 40.2598
      vertex 99.2131 66.8 41.19
      vertex 99.05 66.8 41.299
    endloop
  endfacet
  facet normal -0.660673 -0.478066 -0.57876
    outer loop
      vertex 97.11 66.8 39.0869
      vertex 97.2393 66.8 38.9393
      vertex 98.062 64.6 39.8174
    endloop
  endfacet
  facet normal 0.282449 -0.478047 -0.831681
    outer loop
      vertex 98.4148 64.6 39.7228
      vertex 98.6882 66.8 38.5511
      vertex 98.874 66.8 38.6142
    endloop
  endfacet
  facet normal -0.876411 -0.478042 -0.0581293
    outer loop
      vertex 96.8 66.8 40
      vertex 98.0026 64.6 39.9608
      vertex 98 64.6 40
    endloop
  endfacet
  facet normal 0.876447 -0.478077 0.0572958
    outer loop
      vertex 98.5974 64.6 40.0392
      vertex 99.8 66.8 40
      vertex 99.7872 66.8 40.1958
    endloop
  endfacet
  facet normal 0.876411 -0.478042 0.0581293
    outer loop
      vertex 98.5974 64.6 40.0392
      vertex 98.6 64.6 40
      vertex 99.8 66.8 40
    endloop
  endfacet
  facet normal -0.57876 -0.478066 0.660673
    outer loop
      vertex 97.2393 66.8 41.0607
      vertex 98.1174 64.6 40.238
      vertex 97.3869 66.8 41.19
    endloop
  endfacet
  facet normal 0.787745 -0.478043 -0.388501
    outer loop
      vertex 98.5772 64.6 39.8852
      vertex 99.599 66.8 39.25
      vertex 99.6858 66.8 39.426
    endloop
  endfacet
  facet normal 0.831895 -0.478076 -0.281771
    outer loop
      vertex 98.5772 64.6 39.8852
      vertex 99.7489 66.8 39.6118
      vertex 98.5898 64.6 39.9224
    endloop
  endfacet
  facet normal -0.730122 -0.478062 0.488241
    outer loop
      vertex 97.11 66.8 40.9131
      vertex 98.0402 64.6 40.15
      vertex 98.062 64.6 40.1826
    endloop
  endfacet
  facet normal 0.660673 -0.478066 -0.57876
    outer loop
      vertex 98.538 64.6 39.8174
      vertex 99.3607 66.8 38.9393
      vertex 99.49 66.8 39.0869
    endloop
  endfacet
  facet normal -0.861591 -0.478102 -0.170523
    outer loop
      vertex 96.8128 66.8 39.8042
      vertex 98.0102 64.6 39.9224
      vertex 98.0026 64.6 39.9608
    endloop
  endfacet
  facet normal 0.282449 -0.478047 0.831681
    outer loop
      vertex 98.4148 64.6 40.2772
      vertex 98.874 66.8 41.3858
      vertex 98.6882 66.8 41.4489
    endloop
  endfacet
  facet normal 0.831681 -0.478047 -0.282449
    outer loop
      vertex 98.5772 64.6 39.8852
      vertex 99.6858 66.8 39.426
      vertex 99.7489 66.8 39.6118
    endloop
  endfacet
  facet normal -0.281771 -0.478076 -0.831895
    outer loop
      vertex 97.9118 66.8 38.5511
      vertex 98.2224 64.6 39.7102
      vertex 98.1852 64.6 39.7228
    endloop
  endfacet
  facet normal 0.0581293 -0.478042 0.876411
    outer loop
      vertex 98.3 64.6 40.3
      vertex 98.3392 64.6 40.2974
      vertex 98.3 66.8 41.5
    endloop
  endfacet
  facet normal 0.389226 -0.47802 0.7874
    outer loop
      vertex 98.4148 64.6 40.2772
      vertex 98.45 64.6 40.2598
      vertex 98.874 66.8 41.3858
    endloop
  endfacet
  facet normal -0.83192 -0.478027 -0.281779
    outer loop
      vertex 96.9142 66.8 39.426
      vertex 98.0228 64.6 39.8852
      vertex 98.0102 64.6 39.9224
    endloop
  endfacet
  facet normal -0.488037 -0.478052 0.730265
    outer loop
      vertex 97.3869 66.8 41.19
      vertex 98.15 64.6 40.2598
      vertex 97.55 66.8 41.299
    endloop
  endfacet
  facet normal -0.282449 -0.478047 0.831681
    outer loop
      vertex 97.726 66.8 41.3858
      vertex 98.1852 64.6 40.2772
      vertex 97.9118 66.8 41.4489
    endloop
  endfacet
  facet normal -0.488241 -0.478062 0.730122
    outer loop
      vertex 97.3869 66.8 41.19
      vertex 98.1174 64.6 40.238
      vertex 98.15 64.6 40.2598
    endloop
  endfacet
  facet normal -0.861424 -0.478063 0.171479
    outer loop
      vertex 96.8128 66.8 40.1958
      vertex 98.0102 64.6 40.0776
      vertex 96.8511 66.8 40.3882
    endloop
  endfacet
  facet normal -0.831676 -0.478056 0.282448
    outer loop
      vertex 96.8511 66.8 40.3882
      vertex 98.0102 64.6 40.0776
      vertex 96.9142 66.8 40.574
    endloop
  endfacet
  facet normal -0.0581293 -0.478042 -0.876411
    outer loop
      vertex 98.2608 64.6 39.7026
      vertex 98.3 66.8 38.5
      vertex 98.3 64.6 39.7
    endloop
  endfacet
  facet normal -0.831676 -0.478056 -0.282448
    outer loop
      vertex 96.8511 66.8 39.6118
      vertex 96.9142 66.8 39.426
      vertex 98.0102 64.6 39.9224
    endloop
  endfacet
  facet normal 0.0581293 -0.478042 -0.876411
    outer loop
      vertex 98.3 64.6 39.7
      vertex 98.3 66.8 38.5
      vertex 98.3392 64.6 39.7026
    endloop
  endfacet
  facet normal -0.0581293 -0.478042 0.876411
    outer loop
      vertex 98.2608 64.6 40.2974
      vertex 98.3 64.6 40.3
      vertex 98.3 66.8 41.5
    endloop
  endfacet
  facet normal 0.861627 -0.478036 0.17053
    outer loop
      vertex 98.5898 64.6 40.0776
      vertex 98.5974 64.6 40.0392
      vertex 99.7489 66.8 40.3882
    endloop
  endfacet
  facet normal -0.389226 -0.47802 -0.7874
    outer loop
      vertex 97.726 66.8 38.6142
      vertex 98.1852 64.6 39.7228
      vertex 98.15 64.6 39.7402
    endloop
  endfacet
  facet normal 0.281771 -0.478076 -0.831895
    outer loop
      vertex 98.3776 64.6 39.7102
      vertex 98.6882 66.8 38.5511
      vertex 98.4148 64.6 39.7228
    endloop
  endfacet
  facet normal -0.7874 -0.47802 0.389226
    outer loop
      vertex 96.9142 66.8 40.574
      vertex 98.0228 64.6 40.1148
      vertex 98.0402 64.6 40.15
    endloop
  endfacet
  facet normal -0.660673 -0.478066 0.57876
    outer loop
      vertex 97.11 66.8 40.9131
      vertex 98.062 64.6 40.1826
      vertex 97.2393 66.8 41.0607
    endloop
  endfacet
  facet normal -0.0572958 -0.478077 0.876447
    outer loop
      vertex 98.1042 66.8 41.4872
      vertex 98.2608 64.6 40.2974
      vertex 98.3 66.8 41.5
    endloop
  endfacet
  facet normal -0.388499 -0.478054 -0.787739
    outer loop
      vertex 97.55 66.8 38.701
      vertex 97.726 66.8 38.6142
      vertex 98.15 64.6 39.7402
    endloop
  endfacet
  facet normal -0.488037 -0.478052 -0.730265
    outer loop
      vertex 97.3869 66.8 38.81
      vertex 97.55 66.8 38.701
      vertex 98.15 64.6 39.7402
    endloop
  endfacet
  facet normal -0.7874 -0.47802 -0.389226
    outer loop
      vertex 96.9142 66.8 39.426
      vertex 98.0402 64.6 39.85
      vertex 98.0228 64.6 39.8852
    endloop
  endfacet
  facet normal -0.876411 -0.478042 0.0581293
    outer loop
      vertex 96.8 66.8 40
      vertex 98 64.6 40
      vertex 98.0026 64.6 40.0392
    endloop
  endfacet
  facet normal 0.579474 -0.478106 0.660019
    outer loop
      vertex 98.4826 64.6 40.238
      vertex 98.5121 64.6 40.2121
      vertex 99.3607 66.8 41.0607
    endloop
  endfacet
  facet normal 0.488241 -0.478062 0.730122
    outer loop
      vertex 98.45 64.6 40.2598
      vertex 98.4826 64.6 40.238
      vertex 99.2131 66.8 41.19
    endloop
  endfacet
  facet normal 0.488241 -0.478062 -0.730122
    outer loop
      vertex 98.45 64.6 39.7402
      vertex 99.2131 66.8 38.81
      vertex 98.4826 64.6 39.762
    endloop
  endfacet
  facet normal -0.579474 -0.478106 -0.660019
    outer loop
      vertex 97.2393 66.8 38.9393
      vertex 98.1174 64.6 39.762
      vertex 98.0879 64.6 39.7879
    endloop
  endfacet
  facet normal 0.389226 -0.47802 -0.7874
    outer loop
      vertex 98.4148 64.6 39.7228
      vertex 98.874 66.8 38.6142
      vertex 98.45 64.6 39.7402
    endloop
  endfacet
  facet normal -0.730122 -0.478062 -0.488241
    outer loop
      vertex 97.11 66.8 39.0869
      vertex 98.062 64.6 39.8174
      vertex 98.0402 64.6 39.85
    endloop
  endfacet
  facet normal -0.787739 -0.478054 0.388499
    outer loop
      vertex 96.9142 66.8 40.574
      vertex 98.0402 64.6 40.15
      vertex 97.001 66.8 40.75
    endloop
  endfacet
  facet normal -0.730265 -0.478052 0.488037
    outer loop
      vertex 97.001 66.8 40.75
      vertex 98.0402 64.6 40.15
      vertex 97.11 66.8 40.9131
    endloop
  endfacet
  facet normal -0 0 1
    outer loop
      vertex -5 68.3 60.3
      vertex 100.8 66.8 60.3
      vertex 100.8 68.3 60.3
    endloop
  endfacet
  facet normal 0 0 1
    outer loop
      vertex 100.8 66.8 60.3
      vertex -5 68.3 60.3
      vertex -5 66.8 60.3
    endloop
  endfacet
  facet normal 0 1 -0
    outer loop
      vertex 100.8 72.8 0
      vertex -5 72.8 0.0999994
      vertex 100.8 72.8 0.0999994
    endloop
  endfacet
  facet normal 0 1 0
    outer loop
      vertex -5 72.8 0.0999994
      vertex 100.8 72.8 0
      vertex -5 72.8 0
    endloop
  endfacet
  facet normal 0 0 -1
    outer loop
      vertex -5 66.8 0
      vertex 100.8 72.8 0
      vertex 100.8 66.8 0
    endloop
  endfacet
  facet normal -0 0 -1
    outer loop
      vertex 100.8 72.8 0
      vertex -5 66.8 0
      vertex -5 72.8 0
    endloop
  endfacet
  facet normal 0 0.997218 0.0745429
    outer loop
      vertex 100.8 72.8 0.0999994
      vertex -5 68.3 60.3
      vertex 100.8 68.3 60.3
    endloop
  endfacet
  facet normal 0 0.997218 0.0745429
    outer loop
      vertex -5 68.3 60.3
      vertex 100.8 72.8 0.0999994
      vertex -5 72.8 0.0999994
    endloop
  endfacet
  facet normal -1 0 0
    outer loop
      vertex -5 66.8 0
      vertex -5 72.8 0.0999994
      vertex -5 72.8 0
    endloop
  endfacet
  facet normal -1 -0 0
    outer loop
      vertex -5 72.8 0.0999994
      vertex -5 66.8 0
      vertex -5 68.3 60.3
    endloop
  endfacet
  facet normal -1 -0 0
    outer loop
      vertex -5 68.3 60.3
      vertex -5 66.8 0
      vertex -5 66.8 60.3
    endloop
  endfacet
  facet normal 1 0 0
    outer loop
      vertex 100.8 66.8 0
      vertex 100.8 72.8 0.0999994
      vertex 100.8 68.3 60.3
    endloop
  endfacet
  facet normal 1 0 0
    outer loop
      vertex 100.8 66.8 0
      vertex 100.8 68.3 60.3
      vertex 100.8 66.8 60.3
    endloop
  endfacet
  facet normal 1 0 0
    outer loop
      vertex 100.8 72.8 0.0999994
      vertex 100.8 66.8 0
      vertex 100.8 72.8 0
    endloop
  endfacet
  facet normal 0.980811 0 -0.194961
    outer loop
      vertex 16.388 65.01 11.8173
      vertex 16.3523 66.8 11.6377
      vertex 16.388 66.8 11.8173
    endloop
  endfacet
  facet normal 0.980811 0 -0.194961
    outer loop
      vertex 16.3523 66.8 11.6377
      vertex 16.388 65.01 11.8173
      vertex 16.3523 65.01 11.6377
    endloop
  endfacet
  facet normal 0.99785 0 -0.0655402
    outer loop
      vertex 16.4 65.01 12
      vertex 16.388 66.8 11.8173
      vertex 16.4 66.8 12
    endloop
  endfacet
  facet normal 0.99785 0 -0.0655402
    outer loop
      vertex 16.388 66.8 11.8173
      vertex 16.4 65.01 12
      vertex 16.388 65.01 11.8173
    endloop
  endfacet
  facet normal 0.946922 0 -0.321462
    outer loop
      vertex 16.3523 65.01 11.6377
      vertex 16.2934 66.8 11.4642
      vertex 16.3523 66.8 11.6377
    endloop
  endfacet
  facet normal 0.946922 0 -0.321462
    outer loop
      vertex 16.2934 66.8 11.4642
      vertex 16.3523 65.01 11.6377
      vertex 16.2934 65.01 11.4642
    endloop
  endfacet
  facet normal -0.0655402 0 -0.99785
    outer loop
      vertex 14.8173 65.01 10.612
      vertex 15 66.8 10.6
      vertex 15 65.01 10.6
    endloop
  endfacet
  facet normal -0.0655402 0 -0.99785
    outer loop
      vertex 15 66.8 10.6
      vertex 14.8173 65.01 10.612
      vertex 14.8173 66.8 10.612
    endloop
  endfacet
  facet normal -0.946922 0 0.321462
    outer loop
      vertex 13.6477 65.01 12.3623
      vertex 13.7066 66.8 12.5358
      vertex 13.6477 66.8 12.3623
    endloop
  endfacet
  facet normal -0.946922 0 0.321462
    outer loop
      vertex 13.7066 66.8 12.5358
      vertex 13.6477 65.01 12.3623
      vertex 13.7066 65.01 12.5358
    endloop
  endfacet
  facet normal 0.321462 0 -0.946922
    outer loop
      vertex 15.3623 65.01 10.6477
      vertex 15.5358 66.8 10.7066
      vertex 15.5358 65.01 10.7066
    endloop
  endfacet
  facet normal 0.321462 0 -0.946922
    outer loop
      vertex 15.5358 66.8 10.7066
      vertex 15.3623 65.01 10.6477
      vertex 15.3623 66.8 10.6477
    endloop
  endfacet
  facet normal -0.83163 0 -0.55533
    outer loop
      vertex 13.8893 65.01 11.1477
      vertex 13.7876 66.8 11.3
      vertex 13.8893 66.8 11.1477
    endloop
  endfacet
  facet normal -0.83163 -0 -0.55533
    outer loop
      vertex 13.7876 66.8 11.3
      vertex 13.8893 65.01 11.1477
      vertex 13.7876 65.01 11.3
    endloop
  endfacet
  facet normal 0.321462 0 0.946922
    outer loop
      vertex 15.3623 66.8 13.3523
      vertex 15.5358 65.01 13.2934
      vertex 15.5358 66.8 13.2934
    endloop
  endfacet
  facet normal 0.321462 0 0.946922
    outer loop
      vertex 15.5358 65.01 13.2934
      vertex 15.3623 66.8 13.3523
      vertex 15.3623 65.01 13.3523
    endloop
  endfacet
  facet normal 0.896817 0 -0.442401
    outer loop
      vertex 16.2934 65.01 11.4642
      vertex 16.2124 66.8 11.3
      vertex 16.2934 66.8 11.4642
    endloop
  endfacet
  facet normal 0.896817 0 -0.442401
    outer loop
      vertex 16.2124 66.8 11.3
      vertex 16.2934 65.01 11.4642
      vertex 16.2124 65.01 11.3
    endloop
  endfacet
  facet normal -0.194961 0 -0.980811
    outer loop
      vertex 14.6377 65.01 10.6477
      vertex 14.8173 66.8 10.612
      vertex 14.8173 65.01 10.612
    endloop
  endfacet
  facet normal -0.194961 0 -0.980811
    outer loop
      vertex 14.8173 66.8 10.612
      vertex 14.6377 65.01 10.6477
      vertex 14.6377 66.8 10.6477
    endloop
  endfacet
  facet normal -0.896817 0 0.442401
    outer loop
      vertex 13.7066 65.01 12.5358
      vertex 13.7876 66.8 12.7
      vertex 13.7066 66.8 12.5358
    endloop
  endfacet
  facet normal -0.896817 0 0.442401
    outer loop
      vertex 13.7876 66.8 12.7
      vertex 13.7066 65.01 12.5358
      vertex 13.7876 65.01 12.7
    endloop
  endfacet
  facet normal -0.659162 0 -0.752001
    outer loop
      vertex 14.01 65.01 11.01
      vertex 14.1477 66.8 10.8893
      vertex 14.1477 65.01 10.8893
    endloop
  endfacet
  facet normal -0.659162 0 -0.752001
    outer loop
      vertex 14.1477 66.8 10.8893
      vertex 14.01 65.01 11.01
      vertex 14.01 66.8 11.01
    endloop
  endfacet
  facet normal 0.751493 -0 0.659741
    outer loop
      vertex 15.9899 65.01 12.9899
      vertex 16.1107 66.8 12.8523
      vertex 15.9899 66.8 12.9899
    endloop
  endfacet
  facet normal 0.751493 0 0.659741
    outer loop
      vertex 16.1107 66.8 12.8523
      vertex 15.9899 65.01 12.9899
      vertex 16.1107 65.01 12.8523
    endloop
  endfacet
  facet normal 0.946922 -0 0.321462
    outer loop
      vertex 16.2934 65.01 12.5358
      vertex 16.3523 66.8 12.3623
      vertex 16.2934 66.8 12.5358
    endloop
  endfacet
  facet normal 0.946922 0 0.321462
    outer loop
      vertex 16.3523 66.8 12.3623
      vertex 16.2934 65.01 12.5358
      vertex 16.3523 65.01 12.3623
    endloop
  endfacet
  facet normal 0.896817 -0 0.442401
    outer loop
      vertex 16.2124 65.01 12.7
      vertex 16.2934 66.8 12.5358
      vertex 16.2124 66.8 12.7
    endloop
  endfacet
  facet normal 0.896817 0 0.442401
    outer loop
      vertex 16.2934 66.8 12.5358
      vertex 16.2124 65.01 12.7
      vertex 16.2934 65.01 12.5358
    endloop
  endfacet
  facet normal 0.194961 0 0.980811
    outer loop
      vertex 15.1827 66.8 13.388
      vertex 15.3623 65.01 13.3523
      vertex 15.3623 66.8 13.3523
    endloop
  endfacet
  facet normal 0.194961 0 0.980811
    outer loop
      vertex 15.3623 65.01 13.3523
      vertex 15.1827 66.8 13.388
      vertex 15.1827 65.01 13.388
    endloop
  endfacet
  facet normal -0.55533 0 0.83163
    outer loop
      vertex 14.1477 66.8 13.1107
      vertex 14.3 65.01 13.2124
      vertex 14.3 66.8 13.2124
    endloop
  endfacet
  facet normal -0.55533 0 0.83163
    outer loop
      vertex 14.3 65.01 13.2124
      vertex 14.1477 66.8 13.1107
      vertex 14.1477 65.01 13.1107
    endloop
  endfacet
  facet normal 0.980811 -0 0.194961
    outer loop
      vertex 16.3523 65.01 12.3623
      vertex 16.388 66.8 12.1827
      vertex 16.3523 66.8 12.3623
    endloop
  endfacet
  facet normal 0.980811 0 0.194961
    outer loop
      vertex 16.388 66.8 12.1827
      vertex 16.3523 65.01 12.3623
      vertex 16.388 65.01 12.1827
    endloop
  endfacet
  facet normal 0.55533 0 0.83163
    outer loop
      vertex 15.7 66.8 13.2124
      vertex 15.8523 65.01 13.1107
      vertex 15.8523 66.8 13.1107
    endloop
  endfacet
  facet normal 0.55533 0 0.83163
    outer loop
      vertex 15.8523 65.01 13.1107
      vertex 15.7 66.8 13.2124
      vertex 15.7 65.01 13.2124
    endloop
  endfacet
  facet normal -0.751764 0 0.659432
    outer loop
      vertex 13.8893 65.01 12.8523
      vertex 14.01 66.8 12.9899
      vertex 13.8893 66.8 12.8523
    endloop
  endfacet
  facet normal -0.751764 0 0.659432
    outer loop
      vertex 14.01 66.8 12.9899
      vertex 13.8893 65.01 12.8523
      vertex 14.01 65.01 12.9899
    endloop
  endfacet
  facet normal -0.321462 0 -0.946922
    outer loop
      vertex 14.4642 65.01 10.7066
      vertex 14.6377 66.8 10.6477
      vertex 14.6377 65.01 10.6477
    endloop
  endfacet
  facet normal -0.321462 0 -0.946922
    outer loop
      vertex 14.6377 66.8 10.6477
      vertex 14.4642 65.01 10.7066
      vertex 14.4642 66.8 10.7066
    endloop
  endfacet
  facet normal -0.442401 0 0.896817
    outer loop
      vertex 14.3 66.8 13.2124
      vertex 14.4642 65.01 13.2934
      vertex 14.4642 66.8 13.2934
    endloop
  endfacet
  facet normal -0.442401 0 0.896817
    outer loop
      vertex 14.4642 65.01 13.2934
      vertex 14.3 66.8 13.2124
      vertex 14.3 65.01 13.2124
    endloop
  endfacet
  facet normal -0.752001 0 -0.659162
    outer loop
      vertex 14.01 65.01 11.01
      vertex 13.8893 66.8 11.1477
      vertex 14.01 66.8 11.01
    endloop
  endfacet
  facet normal -0.752001 -0 -0.659162
    outer loop
      vertex 13.8893 66.8 11.1477
      vertex 14.01 65.01 11.01
      vertex 13.8893 65.01 11.1477
    endloop
  endfacet
  facet normal 0 -1 0
    outer loop
      vertex 14.8173 65.01 13.388
      vertex 15.1827 65.01 13.388
      vertex 15 65.01 13.4
    endloop
  endfacet
  facet normal 0 -1 0
    outer loop
      vertex 14.6377 65.01 13.3523
      vertex 15.1827 65.01 13.388
      vertex 14.8173 65.01 13.388
    endloop
  endfacet
  facet normal 0 -1 0
    outer loop
      vertex 14.6377 65.01 13.3523
      vertex 15.3623 65.01 13.3523
      vertex 15.1827 65.01 13.388
    endloop
  endfacet
  facet normal 0 -1 0
    outer loop
      vertex 14.4642 65.01 13.2934
      vertex 15.3623 65.01 13.3523
      vertex 14.6377 65.01 13.3523
    endloop
  endfacet
  facet normal 0 -1 0
    outer loop
      vertex 14.4642 65.01 13.2934
      vertex 15.5358 65.01 13.2934
      vertex 15.3623 65.01 13.3523
    endloop
  endfacet
  facet normal 0 -1 0
    outer loop
      vertex 14.3 65.01 13.2124
      vertex 15.5358 65.01 13.2934
      vertex 14.4642 65.01 13.2934
    endloop
  endfacet
  facet normal 0 -1 0
    outer loop
      vertex 14.3 65.01 13.2124
      vertex 15.7 65.01 13.2124
      vertex 15.5358 65.01 13.2934
    endloop
  endfacet
  facet normal 0 -1 0
    outer loop
      vertex 14.1477 65.01 13.1107
      vertex 15.7 65.01 13.2124
      vertex 14.3 65.01 13.2124
    endloop
  endfacet
  facet normal 0 -1 0
    outer loop
      vertex 14.1477 65.01 13.1107
      vertex 15.8523 65.01 13.1107
      vertex 15.7 65.01 13.2124
    endloop
  endfacet
  facet normal 0 -1 0
    outer loop
      vertex 14.01 65.01 12.9899
      vertex 15.8523 65.01 13.1107
      vertex 14.1477 65.01 13.1107
    endloop
  endfacet
  facet normal 0 -1 0
    outer loop
      vertex 14.01 65.01 12.9899
      vertex 15.9899 65.01 12.9899
      vertex 15.8523 65.01 13.1107
    endloop
  endfacet
  facet normal 0 -1 0
    outer loop
      vertex 13.8893 65.01 12.8523
      vertex 15.9899 65.01 12.9899
      vertex 14.01 65.01 12.9899
    endloop
  endfacet
  facet normal 0 -1 0
    outer loop
      vertex 13.8893 65.01 12.8523
      vertex 16.1107 65.01 12.8523
      vertex 15.9899 65.01 12.9899
    endloop
  endfacet
  facet normal 0 -1 0
    outer loop
      vertex 13.7876 65.01 12.7
      vertex 16.1107 65.01 12.8523
      vertex 13.8893 65.01 12.8523
    endloop
  endfacet
  facet normal 0 -1 0
    outer loop
      vertex 13.7876 65.01 12.7
      vertex 16.2124 65.01 12.7
      vertex 16.1107 65.01 12.8523
    endloop
  endfacet
  facet normal 0 -1 0
    outer loop
      vertex 13.7066 65.01 12.5358
      vertex 16.2124 65.01 12.7
      vertex 13.7876 65.01 12.7
    endloop
  endfacet
  facet normal 0 -1 0
    outer loop
      vertex 13.7066 65.01 12.5358
      vertex 16.2934 65.01 12.5358
      vertex 16.2124 65.01 12.7
    endloop
  endfacet
  facet normal 0 -1 0
    outer loop
      vertex 13.6477 65.01 12.3623
      vertex 16.2934 65.01 12.5358
      vertex 13.7066 65.01 12.5358
    endloop
  endfacet
  facet normal 0 -1 0
    outer loop
      vertex 13.6477 65.01 12.3623
      vertex 16.3523 65.01 12.3623
      vertex 16.2934 65.01 12.5358
    endloop
  endfacet
  facet normal 0 -1 0
    outer loop
      vertex 13.612 65.01 12.1827
      vertex 16.3523 65.01 12.3623
      vertex 13.6477 65.01 12.3623
    endloop
  endfacet
  facet normal 0 -1 0
    outer loop
      vertex 13.612 65.01 12.1827
      vertex 16.388 65.01 12.1827
      vertex 16.3523 65.01 12.3623
    endloop
  endfacet
  facet normal 0 -1 0
    outer loop
      vertex 13.6 65.01 12
      vertex 16.388 65.01 12.1827
      vertex 13.612 65.01 12.1827
    endloop
  endfacet
  facet normal 0 -1 0
    outer loop
      vertex 13.6 65.01 12
      vertex 16.4 65.01 12
      vertex 16.388 65.01 12.1827
    endloop
  endfacet
  facet normal 0 -1 0
    outer loop
      vertex 13.612 65.01 11.8173
      vertex 16.4 65.01 12
      vertex 13.6 65.01 12
    endloop
  endfacet
  facet normal 0 -1 0
    outer loop
      vertex 13.612 65.01 11.8173
      vertex 16.388 65.01 11.8173
      vertex 16.4 65.01 12
    endloop
  endfacet
  facet normal 0 -1 0
    outer loop
      vertex 13.6477 65.01 11.6377
      vertex 16.388 65.01 11.8173
      vertex 13.612 65.01 11.8173
    endloop
  endfacet
  facet normal 0 -1 0
    outer loop
      vertex 13.6477 65.01 11.6377
      vertex 16.3523 65.01 11.6377
      vertex 16.388 65.01 11.8173
    endloop
  endfacet
  facet normal 0 -1 0
    outer loop
      vertex 13.7066 65.01 11.4642
      vertex 16.3523 65.01 11.6377
      vertex 13.6477 65.01 11.6377
    endloop
  endfacet
  facet normal 0 -1 0
    outer loop
      vertex 13.7066 65.01 11.4642
      vertex 16.2934 65.01 11.4642
      vertex 16.3523 65.01 11.6377
    endloop
  endfacet
  facet normal 0 -1 0
    outer loop
      vertex 13.7876 65.01 11.3
      vertex 16.2934 65.01 11.4642
      vertex 13.7066 65.01 11.4642
    endloop
  endfacet
  facet normal 0 -1 0
    outer loop
      vertex 13.7876 65.01 11.3
      vertex 16.2124 65.01 11.3
      vertex 16.2934 65.01 11.4642
    endloop
  endfacet
  facet normal 0 -1 0
    outer loop
      vertex 13.8893 65.01 11.1477
      vertex 16.2124 65.01 11.3
      vertex 13.7876 65.01 11.3
    endloop
  endfacet
  facet normal 0 -1 0
    outer loop
      vertex 13.8893 65.01 11.1477
      vertex 16.1107 65.01 11.1477
      vertex 16.2124 65.01 11.3
    endloop
  endfacet
  facet normal 0 -1 0
    outer loop
      vertex 14.01 65.01 11.01
      vertex 16.1107 65.01 11.1477
      vertex 13.8893 65.01 11.1477
    endloop
  endfacet
  facet normal 0 -1 0
    outer loop
      vertex 14.01 65.01 11.01
      vertex 15.9899 65.01 11.01
      vertex 16.1107 65.01 11.1477
    endloop
  endfacet
  facet normal 0 -1 0
    outer loop
      vertex 14.1477 65.01 10.8893
      vertex 15.9899 65.01 11.01
      vertex 14.01 65.01 11.01
    endloop
  endfacet
  facet normal 0 -1 0
    outer loop
      vertex 14.1477 65.01 10.8893
      vertex 15.8523 65.01 10.8893
      vertex 15.9899 65.01 11.01
    endloop
  endfacet
  facet normal 0 -1 0
    outer loop
      vertex 14.3 65.01 10.7876
      vertex 15.8523 65.01 10.8893
      vertex 14.1477 65.01 10.8893
    endloop
  endfacet
  facet normal 0 -1 0
    outer loop
      vertex 14.3 65.01 10.7876
      vertex 15.7 65.01 10.7876
      vertex 15.8523 65.01 10.8893
    endloop
  endfacet
  facet normal 0 -1 0
    outer loop
      vertex 14.4642 65.01 10.7066
      vertex 15.7 65.01 10.7876
      vertex 14.3 65.01 10.7876
    endloop
  endfacet
  facet normal 0 -1 0
    outer loop
      vertex 14.4642 65.01 10.7066
      vertex 15.5358 65.01 10.7066
      vertex 15.7 65.01 10.7876
    endloop
  endfacet
  facet normal 0 -1 0
    outer loop
      vertex 14.6377 65.01 10.6477
      vertex 15.5358 65.01 10.7066
      vertex 14.4642 65.01 10.7066
    endloop
  endfacet
  facet normal 0 -1 0
    outer loop
      vertex 14.6377 65.01 10.6477
      vertex 15.3623 65.01 10.6477
      vertex 15.5358 65.01 10.7066
    endloop
  endfacet
  facet normal 0 -1 0
    outer loop
      vertex 14.8173 65.01 10.612
      vertex 15.3623 65.01 10.6477
      vertex 14.6377 65.01 10.6477
    endloop
  endfacet
  facet normal 0 -1 0
    outer loop
      vertex 14.8173 65.01 10.612
      vertex 15.1827 65.01 10.612
      vertex 15.3623 65.01 10.6477
    endloop
  endfacet
  facet normal -0 -1 0
    outer loop
      vertex 15.1827 65.01 10.612
      vertex 14.8173 65.01 10.612
      vertex 15 65.01 10.6
    endloop
  endfacet
  facet normal 0.659432 0 -0.751764
    outer loop
      vertex 15.8523 65.01 10.8893
      vertex 15.9899 66.8 11.01
      vertex 15.9899 65.01 11.01
    endloop
  endfacet
  facet normal 0.659432 0 -0.751764
    outer loop
      vertex 15.9899 66.8 11.01
      vertex 15.8523 65.01 10.8893
      vertex 15.8523 66.8 10.8893
    endloop
  endfacet
  facet normal -0.442401 0 -0.896817
    outer loop
      vertex 14.3 65.01 10.7876
      vertex 14.4642 66.8 10.7066
      vertex 14.4642 65.01 10.7066
    endloop
  endfacet
  facet normal -0.442401 0 -0.896817
    outer loop
      vertex 14.4642 66.8 10.7066
      vertex 14.3 65.01 10.7876
      vertex 14.3 66.8 10.7876
    endloop
  endfacet
  facet normal 0.83163 0 -0.55533
    outer loop
      vertex 16.2124 65.01 11.3
      vertex 16.1107 66.8 11.1477
      vertex 16.2124 66.8 11.3
    endloop
  endfacet
  facet normal 0.83163 0 -0.55533
    outer loop
      vertex 16.1107 66.8 11.1477
      vertex 16.2124 65.01 11.3
      vertex 16.1107 65.01 11.1477
    endloop
  endfacet
  facet normal -0.980811 0 0.194961
    outer loop
      vertex 13.612 65.01 12.1827
      vertex 13.6477 66.8 12.3623
      vertex 13.612 66.8 12.1827
    endloop
  endfacet
  facet normal -0.980811 0 0.194961
    outer loop
      vertex 13.6477 66.8 12.3623
      vertex 13.612 65.01 12.1827
      vertex 13.6477 65.01 12.3623
    endloop
  endfacet
  facet normal 0.751731 0 -0.65947
    outer loop
      vertex 16.1107 65.01 11.1477
      vertex 15.9899 66.8 11.01
      vertex 16.1107 66.8 11.1477
    endloop
  endfacet
  facet normal 0.751731 0 -0.65947
    outer loop
      vertex 15.9899 66.8 11.01
      vertex 16.1107 65.01 11.1477
      vertex 15.9899 65.01 11.01
    endloop
  endfacet
  facet normal 0.99785 -0 0.0655402
    outer loop
      vertex 16.388 65.01 12.1827
      vertex 16.4 66.8 12
      vertex 16.388 66.8 12.1827
    endloop
  endfacet
  facet normal 0.99785 0 0.0655402
    outer loop
      vertex 16.4 66.8 12
      vertex 16.388 65.01 12.1827
      vertex 16.4 65.01 12
    endloop
  endfacet
  facet normal -0.946922 0 -0.321462
    outer loop
      vertex 13.7066 65.01 11.4642
      vertex 13.6477 66.8 11.6377
      vertex 13.7066 66.8 11.4642
    endloop
  endfacet
  facet normal -0.946922 -0 -0.321462
    outer loop
      vertex 13.6477 66.8 11.6377
      vertex 13.7066 65.01 11.4642
      vertex 13.6477 65.01 11.6377
    endloop
  endfacet
  facet normal 0.659741 0 0.751493
    outer loop
      vertex 15.8523 66.8 13.1107
      vertex 15.9899 65.01 12.9899
      vertex 15.9899 66.8 12.9899
    endloop
  endfacet
  facet normal 0.659741 0 0.751493
    outer loop
      vertex 15.9899 65.01 12.9899
      vertex 15.8523 66.8 13.1107
      vertex 15.8523 65.01 13.1107
    endloop
  endfacet
  facet normal -0.980811 0 -0.194961
    outer loop
      vertex 13.6477 65.01 11.6377
      vertex 13.612 66.8 11.8173
      vertex 13.6477 66.8 11.6377
    endloop
  endfacet
  facet normal -0.980811 -0 -0.194961
    outer loop
      vertex 13.612 66.8 11.8173
      vertex 13.6477 65.01 11.6377
      vertex 13.612 65.01 11.8173
    endloop
  endfacet
  facet normal -0.896817 0 -0.442401
    outer loop
      vertex 13.7876 65.01 11.3
      vertex 13.7066 66.8 11.4642
      vertex 13.7876 66.8 11.3
    endloop
  endfacet
  facet normal -0.896817 -0 -0.442401
    outer loop
      vertex 13.7066 66.8 11.4642
      vertex 13.7876 65.01 11.3
      vertex 13.7066 65.01 11.4642
    endloop
  endfacet
  facet normal 0.0655402 0 0.99785
    outer loop
      vertex 15 66.8 13.4
      vertex 15.1827 65.01 13.388
      vertex 15.1827 66.8 13.388
    endloop
  endfacet
  facet normal 0.0655402 0 0.99785
    outer loop
      vertex 15.1827 65.01 13.388
      vertex 15 66.8 13.4
      vertex 15 65.01 13.4
    endloop
  endfacet
  facet normal 0.442401 0 0.896817
    outer loop
      vertex 15.5358 66.8 13.2934
      vertex 15.7 65.01 13.2124
      vertex 15.7 66.8 13.2124
    endloop
  endfacet
  facet normal 0.442401 0 0.896817
    outer loop
      vertex 15.7 65.01 13.2124
      vertex 15.5358 66.8 13.2934
      vertex 15.5358 65.01 13.2934
    endloop
  endfacet
  facet normal -0.99785 0 0.0655402
    outer loop
      vertex 13.6 65.01 12
      vertex 13.612 66.8 12.1827
      vertex 13.6 66.8 12
    endloop
  endfacet
  facet normal -0.99785 0 0.0655402
    outer loop
      vertex 13.612 66.8 12.1827
      vertex 13.6 65.01 12
      vertex 13.612 65.01 12.1827
    endloop
  endfacet
  facet normal -0.55533 0 -0.83163
    outer loop
      vertex 14.1477 65.01 10.8893
      vertex 14.3 66.8 10.7876
      vertex 14.3 65.01 10.7876
    endloop
  endfacet
  facet normal -0.55533 0 -0.83163
    outer loop
      vertex 14.3 66.8 10.7876
      vertex 14.1477 65.01 10.8893
      vertex 14.1477 66.8 10.8893
    endloop
  endfacet
  facet normal -0.99785 0 -0.0655402
    outer loop
      vertex 13.612 65.01 11.8173
      vertex 13.6 66.8 12
      vertex 13.612 66.8 11.8173
    endloop
  endfacet
  facet normal -0.99785 -0 -0.0655402
    outer loop
      vertex 13.6 66.8 12
      vertex 13.612 65.01 11.8173
      vertex 13.6 65.01 12
    endloop
  endfacet
  facet normal 0.442401 0 -0.896817
    outer loop
      vertex 15.5358 65.01 10.7066
      vertex 15.7 66.8 10.7876
      vertex 15.7 65.01 10.7876
    endloop
  endfacet
  facet normal 0.442401 0 -0.896817
    outer loop
      vertex 15.7 66.8 10.7876
      vertex 15.5358 65.01 10.7066
      vertex 15.5358 66.8 10.7066
    endloop
  endfacet
  facet normal 0.55533 0 -0.83163
    outer loop
      vertex 15.7 65.01 10.7876
      vertex 15.8523 66.8 10.8893
      vertex 15.8523 65.01 10.8893
    endloop
  endfacet
  facet normal 0.55533 0 -0.83163
    outer loop
      vertex 15.8523 66.8 10.8893
      vertex 15.7 65.01 10.7876
      vertex 15.7 66.8 10.7876
    endloop
  endfacet
  facet normal -0.83163 0 0.55533
    outer loop
      vertex 13.7876 65.01 12.7
      vertex 13.8893 66.8 12.8523
      vertex 13.7876 66.8 12.7
    endloop
  endfacet
  facet normal -0.83163 0 0.55533
    outer loop
      vertex 13.8893 66.8 12.8523
      vertex 13.7876 65.01 12.7
      vertex 13.8893 65.01 12.8523
    endloop
  endfacet
  facet normal 0.83163 -0 0.55533
    outer loop
      vertex 16.1107 65.01 12.8523
      vertex 16.2124 66.8 12.7
      vertex 16.1107 66.8 12.8523
    endloop
  endfacet
  facet normal 0.83163 0 0.55533
    outer loop
      vertex 16.2124 66.8 12.7
      vertex 16.1107 65.01 12.8523
      vertex 16.2124 65.01 12.7
    endloop
  endfacet
  facet normal -0.194961 0 0.980811
    outer loop
      vertex 14.6377 66.8 13.3523
      vertex 14.8173 65.01 13.388
      vertex 14.8173 66.8 13.388
    endloop
  endfacet
  facet normal -0.194961 0 0.980811
    outer loop
      vertex 14.8173 65.01 13.388
      vertex 14.6377 66.8 13.3523
      vertex 14.6377 65.01 13.3523
    endloop
  endfacet
  facet normal 0.194961 0 -0.980811
    outer loop
      vertex 15.1827 65.01 10.612
      vertex 15.3623 66.8 10.6477
      vertex 15.3623 65.01 10.6477
    endloop
  endfacet
  facet normal 0.194961 0 -0.980811
    outer loop
      vertex 15.3623 66.8 10.6477
      vertex 15.1827 65.01 10.612
      vertex 15.1827 66.8 10.612
    endloop
  endfacet
  facet normal -0.65947 0 0.751731
    outer loop
      vertex 14.01 66.8 12.9899
      vertex 14.1477 65.01 13.1107
      vertex 14.1477 66.8 13.1107
    endloop
  endfacet
  facet normal -0.65947 0 0.751731
    outer loop
      vertex 14.1477 65.01 13.1107
      vertex 14.01 66.8 12.9899
      vertex 14.01 65.01 12.9899
    endloop
  endfacet
  facet normal 0.0655402 0 -0.99785
    outer loop
      vertex 15 65.01 10.6
      vertex 15.1827 66.8 10.612
      vertex 15.1827 65.01 10.612
    endloop
  endfacet
  facet normal 0.0655402 0 -0.99785
    outer loop
      vertex 15.1827 66.8 10.612
      vertex 15 65.01 10.6
      vertex 15 66.8 10.6
    endloop
  endfacet
  facet normal -0.321462 0 0.946922
    outer loop
      vertex 14.4642 66.8 13.2934
      vertex 14.6377 65.01 13.3523
      vertex 14.6377 66.8 13.3523
    endloop
  endfacet
  facet normal -0.321462 0 0.946922
    outer loop
      vertex 14.6377 65.01 13.3523
      vertex 14.4642 66.8 13.2934
      vertex 14.4642 65.01 13.2934
    endloop
  endfacet
  facet normal -0.0655402 0 0.99785
    outer loop
      vertex 14.8173 66.8 13.388
      vertex 15 65.01 13.4
      vertex 15 66.8 13.4
    endloop
  endfacet
  facet normal -0.0655402 0 0.99785
    outer loop
      vertex 15 65.01 13.4
      vertex 14.8173 66.8 13.388
      vertex 14.8173 65.01 13.388
    endloop
  endfacet
  facet normal 0.980811 0 -0.194961
    outer loop
      vertex 16.388 65.01 31.8173
      vertex 16.3523 66.8 31.6377
      vertex 16.388 66.8 31.8173
    endloop
  endfacet
  facet normal 0.980811 0 -0.194961
    outer loop
      vertex 16.3523 66.8 31.6377
      vertex 16.388 65.01 31.8173
      vertex 16.3523 65.01 31.6377
    endloop
  endfacet
  facet normal 0.99785 0 -0.0655402
    outer loop
      vertex 16.4 65.01 32
      vertex 16.388 66.8 31.8173
      vertex 16.4 66.8 32
    endloop
  endfacet
  facet normal 0.99785 0 -0.0655402
    outer loop
      vertex 16.388 66.8 31.8173
      vertex 16.4 65.01 32
      vertex 16.388 65.01 31.8173
    endloop
  endfacet
  facet normal 0.946922 0 -0.321462
    outer loop
      vertex 16.3523 65.01 31.6377
      vertex 16.2934 66.8 31.4642
      vertex 16.3523 66.8 31.6377
    endloop
  endfacet
  facet normal 0.946922 0 -0.321462
    outer loop
      vertex 16.2934 66.8 31.4642
      vertex 16.3523 65.01 31.6377
      vertex 16.2934 65.01 31.4642
    endloop
  endfacet
  facet normal -0.0655402 0 -0.99785
    outer loop
      vertex 14.8173 65.01 30.612
      vertex 15 66.8 30.6
      vertex 15 65.01 30.6
    endloop
  endfacet
  facet normal -0.0655402 0 -0.99785
    outer loop
      vertex 15 66.8 30.6
      vertex 14.8173 65.01 30.612
      vertex 14.8173 66.8 30.612
    endloop
  endfacet
  facet normal -0.946922 0 0.321462
    outer loop
      vertex 13.6477 65.01 32.3623
      vertex 13.7066 66.8 32.5358
      vertex 13.6477 66.8 32.3623
    endloop
  endfacet
  facet normal -0.946922 0 0.321462
    outer loop
      vertex 13.7066 66.8 32.5358
      vertex 13.6477 65.01 32.3623
      vertex 13.7066 65.01 32.5358
    endloop
  endfacet
  facet normal 0.321462 0 -0.946922
    outer loop
      vertex 15.3623 65.01 30.6477
      vertex 15.5358 66.8 30.7066
      vertex 15.5358 65.01 30.7066
    endloop
  endfacet
  facet normal 0.321462 0 -0.946922
    outer loop
      vertex 15.5358 66.8 30.7066
      vertex 15.3623 65.01 30.6477
      vertex 15.3623 66.8 30.6477
    endloop
  endfacet
  facet normal -0.83163 0 -0.55533
    outer loop
      vertex 13.8893 65.01 31.1477
      vertex 13.7876 66.8 31.3
      vertex 13.8893 66.8 31.1477
    endloop
  endfacet
  facet normal -0.83163 -0 -0.55533
    outer loop
      vertex 13.7876 66.8 31.3
      vertex 13.8893 65.01 31.1477
      vertex 13.7876 65.01 31.3
    endloop
  endfacet
  facet normal 0.321462 0 0.946922
    outer loop
      vertex 15.3623 66.8 33.3523
      vertex 15.5358 65.01 33.2934
      vertex 15.5358 66.8 33.2934
    endloop
  endfacet
  facet normal 0.321462 0 0.946922
    outer loop
      vertex 15.5358 65.01 33.2934
      vertex 15.3623 66.8 33.3523
      vertex 15.3623 65.01 33.3523
    endloop
  endfacet
  facet normal 0.896817 0 -0.442401
    outer loop
      vertex 16.2934 65.01 31.4642
      vertex 16.2124 66.8 31.3
      vertex 16.2934 66.8 31.4642
    endloop
  endfacet
  facet normal 0.896817 0 -0.442401
    outer loop
      vertex 16.2124 66.8 31.3
      vertex 16.2934 65.01 31.4642
      vertex 16.2124 65.01 31.3
    endloop
  endfacet
  facet normal -0.194961 0 -0.980811
    outer loop
      vertex 14.6377 65.01 30.6477
      vertex 14.8173 66.8 30.612
      vertex 14.8173 65.01 30.612
    endloop
  endfacet
  facet normal -0.194961 0 -0.980811
    outer loop
      vertex 14.8173 66.8 30.612
      vertex 14.6377 65.01 30.6477
      vertex 14.6377 66.8 30.6477
    endloop
  endfacet
  facet normal -0.896817 0 0.442401
    outer loop
      vertex 13.7066 65.01 32.5358
      vertex 13.7876 66.8 32.7
      vertex 13.7066 66.8 32.5358
    endloop
  endfacet
  facet normal -0.896817 0 0.442401
    outer loop
      vertex 13.7876 66.8 32.7
      vertex 13.7066 65.01 32.5358
      vertex 13.7876 65.01 32.7
    endloop
  endfacet
  facet normal -0.659162 0 -0.752001
    outer loop
      vertex 14.01 65.01 31.01
      vertex 14.1477 66.8 30.8893
      vertex 14.1477 65.01 30.8893
    endloop
  endfacet
  facet normal -0.659162 0 -0.752001
    outer loop
      vertex 14.1477 66.8 30.8893
      vertex 14.01 65.01 31.01
      vertex 14.01 66.8 31.01
    endloop
  endfacet
  facet normal 0.946922 -0 0.321462
    outer loop
      vertex 16.2934 65.01 32.5358
      vertex 16.3523 66.8 32.3623
      vertex 16.2934 66.8 32.5358
    endloop
  endfacet
  facet normal 0.946922 0 0.321462
    outer loop
      vertex 16.3523 66.8 32.3623
      vertex 16.2934 65.01 32.5358
      vertex 16.3523 65.01 32.3623
    endloop
  endfacet
  facet normal 0.896817 -0 0.442401
    outer loop
      vertex 16.2124 65.01 32.7
      vertex 16.2934 66.8 32.5358
      vertex 16.2124 66.8 32.7
    endloop
  endfacet
  facet normal 0.896817 0 0.442401
    outer loop
      vertex 16.2934 66.8 32.5358
      vertex 16.2124 65.01 32.7
      vertex 16.2934 65.01 32.5358
    endloop
  endfacet
  facet normal 0.194961 0 0.980811
    outer loop
      vertex 15.1827 66.8 33.388
      vertex 15.3623 65.01 33.3523
      vertex 15.3623 66.8 33.3523
    endloop
  endfacet
  facet normal 0.194961 0 0.980811
    outer loop
      vertex 15.3623 65.01 33.3523
      vertex 15.1827 66.8 33.388
      vertex 15.1827 65.01 33.388
    endloop
  endfacet
  facet normal -0.55533 0 0.83163
    outer loop
      vertex 14.1477 66.8 33.1107
      vertex 14.3 65.01 33.2124
      vertex 14.3 66.8 33.2124
    endloop
  endfacet
  facet normal -0.55533 0 0.83163
    outer loop
      vertex 14.3 65.01 33.2124
      vertex 14.1477 66.8 33.1107
      vertex 14.1477 65.01 33.1107
    endloop
  endfacet
  facet normal 0.55533 0 0.83163
    outer loop
      vertex 15.7 66.8 33.2124
      vertex 15.8523 65.01 33.1107
      vertex 15.8523 66.8 33.1107
    endloop
  endfacet
  facet normal 0.55533 0 0.83163
    outer loop
      vertex 15.8523 65.01 33.1107
      vertex 15.7 66.8 33.2124
      vertex 15.7 65.01 33.2124
    endloop
  endfacet
  facet normal -0.751764 0 0.659432
    outer loop
      vertex 13.8893 65.01 32.8523
      vertex 14.01 66.8 32.9899
      vertex 13.8893 66.8 32.8523
    endloop
  endfacet
  facet normal -0.751764 0 0.659432
    outer loop
      vertex 14.01 66.8 32.9899
      vertex 13.8893 65.01 32.8523
      vertex 14.01 65.01 32.9899
    endloop
  endfacet
  facet normal -0.321462 0 -0.946922
    outer loop
      vertex 14.4642 65.01 30.7066
      vertex 14.6377 66.8 30.6477
      vertex 14.6377 65.01 30.6477
    endloop
  endfacet
  facet normal -0.321462 0 -0.946922
    outer loop
      vertex 14.6377 66.8 30.6477
      vertex 14.4642 65.01 30.7066
      vertex 14.4642 66.8 30.7066
    endloop
  endfacet
  facet normal -0.442401 0 0.896817
    outer loop
      vertex 14.3 66.8 33.2124
      vertex 14.4642 65.01 33.2934
      vertex 14.4642 66.8 33.2934
    endloop
  endfacet
  facet normal -0.442401 0 0.896817
    outer loop
      vertex 14.4642 65.01 33.2934
      vertex 14.3 66.8 33.2124
      vertex 14.3 65.01 33.2124
    endloop
  endfacet
  facet normal -0.752001 0 -0.659162
    outer loop
      vertex 14.01 65.01 31.01
      vertex 13.8893 66.8 31.1477
      vertex 14.01 66.8 31.01
    endloop
  endfacet
  facet normal -0.752001 -0 -0.659162
    outer loop
      vertex 13.8893 66.8 31.1477
      vertex 14.01 65.01 31.01
      vertex 13.8893 65.01 31.1477
    endloop
  endfacet
  facet normal 0 -1 0
    outer loop
      vertex 14.8173 65.01 33.388
      vertex 15.1827 65.01 33.388
      vertex 15 65.01 33.4
    endloop
  endfacet
  facet normal 0 -1 0
    outer loop
      vertex 14.6377 65.01 33.3523
      vertex 15.1827 65.01 33.388
      vertex 14.8173 65.01 33.388
    endloop
  endfacet
  facet normal 0 -1 0
    outer loop
      vertex 14.6377 65.01 33.3523
      vertex 15.3623 65.01 33.3523
      vertex 15.1827 65.01 33.388
    endloop
  endfacet
  facet normal 0 -1 0
    outer loop
      vertex 14.4642 65.01 33.2934
      vertex 15.3623 65.01 33.3523
      vertex 14.6377 65.01 33.3523
    endloop
  endfacet
  facet normal 0 -1 0
    outer loop
      vertex 14.4642 65.01 33.2934
      vertex 15.5358 65.01 33.2934
      vertex 15.3623 65.01 33.3523
    endloop
  endfacet
  facet normal 0 -1 0
    outer loop
      vertex 14.3 65.01 33.2124
      vertex 15.5358 65.01 33.2934
      vertex 14.4642 65.01 33.2934
    endloop
  endfacet
  facet normal 0 -1 0
    outer loop
      vertex 14.3 65.01 33.2124
      vertex 15.7 65.01 33.2124
      vertex 15.5358 65.01 33.2934
    endloop
  endfacet
  facet normal 0 -1 0
    outer loop
      vertex 14.1477 65.01 33.1107
      vertex 15.7 65.01 33.2124
      vertex 14.3 65.01 33.2124
    endloop
  endfacet
  facet normal 0 -1 0
    outer loop
      vertex 14.1477 65.01 33.1107
      vertex 15.8523 65.01 33.1107
      vertex 15.7 65.01 33.2124
    endloop
  endfacet
  facet normal 0 -1 0
    outer loop
      vertex 14.01 65.01 32.9899
      vertex 15.8523 65.01 33.1107
      vertex 14.1477 65.01 33.1107
    endloop
  endfacet
  facet normal 0 -1 0
    outer loop
      vertex 14.01 65.01 32.9899
      vertex 15.9899 65.01 32.9899
      vertex 15.8523 65.01 33.1107
    endloop
  endfacet
  facet normal 0 -1 0
    outer loop
      vertex 13.8893 65.01 32.8523
      vertex 15.9899 65.01 32.9899
      vertex 14.01 65.01 32.9899
    endloop
  endfacet
  facet normal 0 -1 0
    outer loop
      vertex 13.8893 65.01 32.8523
      vertex 16.1107 65.01 32.8523
      vertex 15.9899 65.01 32.9899
    endloop
  endfacet
  facet normal 0 -1 0
    outer loop
      vertex 13.7876 65.01 32.7
      vertex 16.1107 65.01 32.8523
      vertex 13.8893 65.01 32.8523
    endloop
  endfacet
  facet normal 0 -1 0
    outer loop
      vertex 13.7876 65.01 32.7
      vertex 16.2124 65.01 32.7
      vertex 16.1107 65.01 32.8523
    endloop
  endfacet
  facet normal 0 -1 0
    outer loop
      vertex 13.7066 65.01 32.5358
      vertex 16.2124 65.01 32.7
      vertex 13.7876 65.01 32.7
    endloop
  endfacet
  facet normal 0 -1 0
    outer loop
      vertex 13.7066 65.01 32.5358
      vertex 16.2934 65.01 32.5358
      vertex 16.2124 65.01 32.7
    endloop
  endfacet
  facet normal 0 -1 0
    outer loop
      vertex 13.6477 65.01 32.3623
      vertex 16.2934 65.01 32.5358
      vertex 13.7066 65.01 32.5358
    endloop
  endfacet
  facet normal 0 -1 0
    outer loop
      vertex 13.6477 65.01 32.3623
      vertex 16.3523 65.01 32.3623
      vertex 16.2934 65.01 32.5358
    endloop
  endfacet
  facet normal 0 -1 0
    outer loop
      vertex 13.612 65.01 32.1827
      vertex 16.3523 65.01 32.3623
      vertex 13.6477 65.01 32.3623
    endloop
  endfacet
  facet normal 0 -1 0
    outer loop
      vertex 13.612 65.01 32.1827
      vertex 16.388 65.01 32.1827
      vertex 16.3523 65.01 32.3623
    endloop
  endfacet
  facet normal 0 -1 0
    outer loop
      vertex 13.6 65.01 32
      vertex 16.388 65.01 32.1827
      vertex 13.612 65.01 32.1827
    endloop
  endfacet
  facet normal 0 -1 0
    outer loop
      vertex 13.6 65.01 32
      vertex 16.4 65.01 32
      vertex 16.388 65.01 32.1827
    endloop
  endfacet
  facet normal 0 -1 0
    outer loop
      vertex 13.612 65.01 31.8173
      vertex 16.4 65.01 32
      vertex 13.6 65.01 32
    endloop
  endfacet
  facet normal 0 -1 0
    outer loop
      vertex 13.612 65.01 31.8173
      vertex 16.388 65.01 31.8173
      vertex 16.4 65.01 32
    endloop
  endfacet
  facet normal 0 -1 0
    outer loop
      vertex 13.6477 65.01 31.6377
      vertex 16.388 65.01 31.8173
      vertex 13.612 65.01 31.8173
    endloop
  endfacet
  facet normal 0 -1 0
    outer loop
      vertex 13.6477 65.01 31.6377
      vertex 16.3523 65.01 31.6377
      vertex 16.388 65.01 31.8173
    endloop
  endfacet
  facet normal 0 -1 0
    outer loop
      vertex 13.7066 65.01 31.4642
      vertex 16.3523 65.01 31.6377
      vertex 13.6477 65.01 31.6377
    endloop
  endfacet
  facet normal 0 -1 0
    outer loop
      vertex 13.7066 65.01 31.4642
      vertex 16.2934 65.01 31.4642
      vertex 16.3523 65.01 31.6377
    endloop
  endfacet
  facet normal 0 -1 0
    outer loop
      vertex 13.7876 65.01 31.3
      vertex 16.2934 65.01 31.4642
      vertex 13.7066 65.01 31.4642
    endloop
  endfacet
  facet normal 0 -1 0
    outer loop
      vertex 13.7876 65.01 31.3
      vertex 16.2124 65.01 31.3
      vertex 16.2934 65.01 31.4642
    endloop
  endfacet
  facet normal 0 -1 0
    outer loop
      vertex 13.8893 65.01 31.1477
      vertex 16.2124 65.01 31.3
      vertex 13.7876 65.01 31.3
    endloop
  endfacet
  facet normal 0 -1 0
    outer loop
      vertex 13.8893 65.01 31.1477
      vertex 16.1107 65.01 31.1477
      vertex 16.2124 65.01 31.3
    endloop
  endfacet
  facet normal 0 -1 0
    outer loop
      vertex 14.01 65.01 31.01
      vertex 16.1107 65.01 31.1477
      vertex 13.8893 65.01 31.1477
    endloop
  endfacet
  facet normal 0 -1 0
    outer loop
      vertex 14.01 65.01 31.01
      vertex 15.9899 65.01 31.01
      vertex 16.1107 65.01 31.1477
    endloop
  endfacet
  facet normal 0 -1 0
    outer loop
      vertex 14.1477 65.01 30.8893
      vertex 15.9899 65.01 31.01
      vertex 14.01 65.01 31.01
    endloop
  endfacet
  facet normal 0 -1 0
    outer loop
      vertex 14.1477 65.01 30.8893
      vertex 15.8523 65.01 30.8893
      vertex 15.9899 65.01 31.01
    endloop
  endfacet
  facet normal 0 -1 0
    outer loop
      vertex 14.3 65.01 30.7876
      vertex 15.8523 65.01 30.8893
      vertex 14.1477 65.01 30.8893
    endloop
  endfacet
  facet normal 0 -1 0
    outer loop
      vertex 14.3 65.01 30.7876
      vertex 15.7 65.01 30.7876
      vertex 15.8523 65.01 30.8893
    endloop
  endfacet
  facet normal 0 -1 0
    outer loop
      vertex 14.4642 65.01 30.7066
      vertex 15.7 65.01 30.7876
      vertex 14.3 65.01 30.7876
    endloop
  endfacet
  facet normal 0 -1 0
    outer loop
      vertex 14.4642 65.01 30.7066
      vertex 15.5358 65.01 30.7066
      vertex 15.7 65.01 30.7876
    endloop
  endfacet
  facet normal 0 -1 0
    outer loop
      vertex 14.6377 65.01 30.6477
      vertex 15.5358 65.01 30.7066
      vertex 14.4642 65.01 30.7066
    endloop
  endfacet
  facet normal 0 -1 0
    outer loop
      vertex 14.6377 65.01 30.6477
      vertex 15.3623 65.01 30.6477
      vertex 15.5358 65.01 30.7066
    endloop
  endfacet
  facet normal 0 -1 0
    outer loop
      vertex 14.8173 65.01 30.612
      vertex 15.3623 65.01 30.6477
      vertex 14.6377 65.01 30.6477
    endloop
  endfacet
  facet normal 0 -1 0
    outer loop
      vertex 14.8173 65.01 30.612
      vertex 15.1827 65.01 30.612
      vertex 15.3623 65.01 30.6477
    endloop
  endfacet
  facet normal -0 -1 0
    outer loop
      vertex 15.1827 65.01 30.612
      vertex 14.8173 65.01 30.612
      vertex 15 65.01 30.6
    endloop
  endfacet
  facet normal 0.659432 0 -0.751764
    outer loop
      vertex 15.8523 65.01 30.8893
      vertex 15.9899 66.8 31.01
      vertex 15.9899 65.01 31.01
    endloop
  endfacet
  facet normal 0.659432 0 -0.751764
    outer loop
      vertex 15.9899 66.8 31.01
      vertex 15.8523 65.01 30.8893
      vertex 15.8523 66.8 30.8893
    endloop
  endfacet
  facet normal -0.442401 0 -0.896817
    outer loop
      vertex 14.3 65.01 30.7876
      vertex 14.4642 66.8 30.7066
      vertex 14.4642 65.01 30.7066
    endloop
  endfacet
  facet normal -0.442401 0 -0.896817
    outer loop
      vertex 14.4642 66.8 30.7066
      vertex 14.3 65.01 30.7876
      vertex 14.3 66.8 30.7876
    endloop
  endfacet
  facet normal 0.55533 0 -0.83163
    outer loop
      vertex 15.7 65.01 30.7876
      vertex 15.8523 66.8 30.8893
      vertex 15.8523 65.01 30.8893
    endloop
  endfacet
  facet normal 0.55533 0 -0.83163
    outer loop
      vertex 15.8523 66.8 30.8893
      vertex 15.7 65.01 30.7876
      vertex 15.7 66.8 30.7876
    endloop
  endfacet
  facet normal 0.83163 0 -0.55533
    outer loop
      vertex 16.2124 65.01 31.3
      vertex 16.1107 66.8 31.1477
      vertex 16.2124 66.8 31.3
    endloop
  endfacet
  facet normal 0.83163 0 -0.55533
    outer loop
      vertex 16.1107 66.8 31.1477
      vertex 16.2124 65.01 31.3
      vertex 16.1107 65.01 31.1477
    endloop
  endfacet
  facet normal 0.751731 0 -0.65947
    outer loop
      vertex 16.1107 65.01 31.1477
      vertex 15.9899 66.8 31.01
      vertex 16.1107 66.8 31.1477
    endloop
  endfacet
  facet normal 0.751731 0 -0.65947
    outer loop
      vertex 15.9899 66.8 31.01
      vertex 16.1107 65.01 31.1477
      vertex 15.9899 65.01 31.01
    endloop
  endfacet
  facet normal 0.99785 -0 0.0655402
    outer loop
      vertex 16.388 65.01 32.1827
      vertex 16.4 66.8 32
      vertex 16.388 66.8 32.1827
    endloop
  endfacet
  facet normal 0.99785 0 0.0655402
    outer loop
      vertex 16.4 66.8 32
      vertex 16.388 65.01 32.1827
      vertex 16.4 65.01 32
    endloop
  endfacet
  facet normal -0.946922 0 -0.321462
    outer loop
      vertex 13.7066 65.01 31.4642
      vertex 13.6477 66.8 31.6377
      vertex 13.7066 66.8 31.4642
    endloop
  endfacet
  facet normal -0.946922 -0 -0.321462
    outer loop
      vertex 13.6477 66.8 31.6377
      vertex 13.7066 65.01 31.4642
      vertex 13.6477 65.01 31.6377
    endloop
  endfacet
  facet normal 0.659741 0 0.751493
    outer loop
      vertex 15.8523 66.8 33.1107
      vertex 15.9899 65.01 32.9899
      vertex 15.9899 66.8 32.9899
    endloop
  endfacet
  facet normal 0.659741 0 0.751493
    outer loop
      vertex 15.9899 65.01 32.9899
      vertex 15.8523 66.8 33.1107
      vertex 15.8523 65.01 33.1107
    endloop
  endfacet
  facet normal 0.980811 -0 0.194961
    outer loop
      vertex 16.3523 65.01 32.3623
      vertex 16.388 66.8 32.1827
      vertex 16.3523 66.8 32.3623
    endloop
  endfacet
  facet normal 0.980811 0 0.194961
    outer loop
      vertex 16.388 66.8 32.1827
      vertex 16.3523 65.01 32.3623
      vertex 16.388 65.01 32.1827
    endloop
  endfacet
  facet normal -0.980811 0 -0.194961
    outer loop
      vertex 13.6477 65.01 31.6377
      vertex 13.612 66.8 31.8173
      vertex 13.6477 66.8 31.6377
    endloop
  endfacet
  facet normal -0.980811 -0 -0.194961
    outer loop
      vertex 13.612 66.8 31.8173
      vertex 13.6477 65.01 31.6377
      vertex 13.612 65.01 31.8173
    endloop
  endfacet
  facet normal -0.896817 0 -0.442401
    outer loop
      vertex 13.7876 65.01 31.3
      vertex 13.7066 66.8 31.4642
      vertex 13.7876 66.8 31.3
    endloop
  endfacet
  facet normal -0.896817 -0 -0.442401
    outer loop
      vertex 13.7066 66.8 31.4642
      vertex 13.7876 65.01 31.3
      vertex 13.7066 65.01 31.4642
    endloop
  endfacet
  facet normal 0.0655402 0 0.99785
    outer loop
      vertex 15 66.8 33.4
      vertex 15.1827 65.01 33.388
      vertex 15.1827 66.8 33.388
    endloop
  endfacet
  facet normal 0.0655402 0 0.99785
    outer loop
      vertex 15.1827 65.01 33.388
      vertex 15 66.8 33.4
      vertex 15 65.01 33.4
    endloop
  endfacet
  facet normal 0.442401 0 0.896817
    outer loop
      vertex 15.5358 66.8 33.2934
      vertex 15.7 65.01 33.2124
      vertex 15.7 66.8 33.2124
    endloop
  endfacet
  facet normal 0.442401 0 0.896817
    outer loop
      vertex 15.7 65.01 33.2124
      vertex 15.5358 66.8 33.2934
      vertex 15.5358 65.01 33.2934
    endloop
  endfacet
  facet normal -0.321462 0 0.946922
    outer loop
      vertex 14.4642 66.8 33.2934
      vertex 14.6377 65.01 33.3523
      vertex 14.6377 66.8 33.3523
    endloop
  endfacet
  facet normal -0.321462 0 0.946922
    outer loop
      vertex 14.6377 65.01 33.3523
      vertex 14.4642 66.8 33.2934
      vertex 14.4642 65.01 33.2934
    endloop
  endfacet
  facet normal -0.99785 0 0.0655402
    outer loop
      vertex 13.6 65.01 32
      vertex 13.612 66.8 32.1827
      vertex 13.6 66.8 32
    endloop
  endfacet
  facet normal -0.99785 0 0.0655402
    outer loop
      vertex 13.612 66.8 32.1827
      vertex 13.6 65.01 32
      vertex 13.612 65.01 32.1827
    endloop
  endfacet
  facet normal -0.55533 0 -0.83163
    outer loop
      vertex 14.1477 65.01 30.8893
      vertex 14.3 66.8 30.7876
      vertex 14.3 65.01 30.7876
    endloop
  endfacet
  facet normal -0.55533 0 -0.83163
    outer loop
      vertex 14.3 66.8 30.7876
      vertex 14.1477 65.01 30.8893
      vertex 14.1477 66.8 30.8893
    endloop
  endfacet
  facet normal -0.99785 0 -0.0655402
    outer loop
      vertex 13.612 65.01 31.8173
      vertex 13.6 66.8 32
      vertex 13.612 66.8 31.8173
    endloop
  endfacet
  facet normal -0.99785 -0 -0.0655402
    outer loop
      vertex 13.6 66.8 32
      vertex 13.612 65.01 31.8173
      vertex 13.6 65.01 32
    endloop
  endfacet
  facet normal 0.442401 0 -0.896817
    outer loop
      vertex 15.5358 65.01 30.7066
      vertex 15.7 66.8 30.7876
      vertex 15.7 65.01 30.7876
    endloop
  endfacet
  facet normal 0.442401 0 -0.896817
    outer loop
      vertex 15.7 66.8 30.7876
      vertex 15.5358 65.01 30.7066
      vertex 15.5358 66.8 30.7066
    endloop
  endfacet
  facet normal -0.83163 0 0.55533
    outer loop
      vertex 13.7876 65.01 32.7
      vertex 13.8893 66.8 32.8523
      vertex 13.7876 66.8 32.7
    endloop
  endfacet
  facet normal -0.83163 0 0.55533
    outer loop
      vertex 13.8893 66.8 32.8523
      vertex 13.7876 65.01 32.7
      vertex 13.8893 65.01 32.8523
    endloop
  endfacet
  facet normal 0.83163 -0 0.55533
    outer loop
      vertex 16.1107 65.01 32.8523
      vertex 16.2124 66.8 32.7
      vertex 16.1107 66.8 32.8523
    endloop
  endfacet
  facet normal 0.83163 0 0.55533
    outer loop
      vertex 16.2124 66.8 32.7
      vertex 16.1107 65.01 32.8523
      vertex 16.2124 65.01 32.7
    endloop
  endfacet
  facet normal -0.194961 0 0.980811
    outer loop
      vertex 14.6377 66.8 33.3523
      vertex 14.8173 65.01 33.388
      vertex 14.8173 66.8 33.388
    endloop
  endfacet
  facet normal -0.194961 0 0.980811
    outer loop
      vertex 14.8173 65.01 33.388
      vertex 14.6377 66.8 33.3523
      vertex 14.6377 65.01 33.3523
    endloop
  endfacet
  facet normal 0.194961 0 -0.980811
    outer loop
      vertex 15.1827 65.01 30.612
      vertex 15.3623 66.8 30.6477
      vertex 15.3623 65.01 30.6477
    endloop
  endfacet
  facet normal 0.194961 0 -0.980811
    outer loop
      vertex 15.3623 66.8 30.6477
      vertex 15.1827 65.01 30.612
      vertex 15.1827 66.8 30.612
    endloop
  endfacet
  facet normal 0.751493 -0 0.659741
    outer loop
      vertex 15.9899 65.01 32.9899
      vertex 16.1107 66.8 32.8523
      vertex 15.9899 66.8 32.9899
    endloop
  endfacet
  facet normal 0.751493 0 0.659741
    outer loop
      vertex 16.1107 66.8 32.8523
      vertex 15.9899 65.01 32.9899
      vertex 16.1107 65.01 32.8523
    endloop
  endfacet
  facet normal -0.65947 0 0.751731
    outer loop
      vertex 14.01 66.8 32.9899
      vertex 14.1477 65.01 33.1107
      vertex 14.1477 66.8 33.1107
    endloop
  endfacet
  facet normal -0.65947 0 0.751731
    outer loop
      vertex 14.1477 65.01 33.1107
      vertex 14.01 66.8 32.9899
      vertex 14.01 65.01 32.9899
    endloop
  endfacet
  facet normal -0.980811 0 0.194961
    outer loop
      vertex 13.612 65.01 32.1827
      vertex 13.6477 66.8 32.3623
      vertex 13.612 66.8 32.1827
    endloop
  endfacet
  facet normal -0.980811 0 0.194961
    outer loop
      vertex 13.6477 66.8 32.3623
      vertex 13.612 65.01 32.1827
      vertex 13.6477 65.01 32.3623
    endloop
  endfacet
  facet normal 0.0655402 0 -0.99785
    outer loop
      vertex 15 65.01 30.6
      vertex 15.1827 66.8 30.612
      vertex 15.1827 65.01 30.612
    endloop
  endfacet
  facet normal 0.0655402 0 -0.99785
    outer loop
      vertex 15.1827 66.8 30.612
      vertex 15 65.01 30.6
      vertex 15 66.8 30.6
    endloop
  endfacet
  facet normal -0.0655402 0 0.99785
    outer loop
      vertex 14.8173 66.8 33.388
      vertex 15 65.01 33.4
      vertex 15 66.8 33.4
    endloop
  endfacet
  facet normal -0.0655402 0 0.99785
    outer loop
      vertex 15 65.01 33.4
      vertex 14.8173 66.8 33.388
      vertex 14.8173 65.01 33.388
    endloop
  endfacet
  facet normal 0.980811 0 -0.194961
    outer loop
      vertex 79.388 65.01 11.8173
      vertex 79.3523 66.8 11.6377
      vertex 79.388 66.8 11.8173
    endloop
  endfacet
  facet normal 0.980811 0 -0.194961
    outer loop
      vertex 79.3523 66.8 11.6377
      vertex 79.388 65.01 11.8173
      vertex 79.3523 65.01 11.6377
    endloop
  endfacet
  facet normal 0.99785 0 -0.0655402
    outer loop
      vertex 79.4 65.01 12
      vertex 79.388 66.8 11.8173
      vertex 79.4 66.8 12
    endloop
  endfacet
  facet normal 0.99785 0 -0.0655402
    outer loop
      vertex 79.388 66.8 11.8173
      vertex 79.4 65.01 12
      vertex 79.388 65.01 11.8173
    endloop
  endfacet
  facet normal 0.946922 0 -0.321462
    outer loop
      vertex 79.3523 65.01 11.6377
      vertex 79.2934 66.8 11.4642
      vertex 79.3523 66.8 11.6377
    endloop
  endfacet
  facet normal 0.946922 0 -0.321462
    outer loop
      vertex 79.2934 66.8 11.4642
      vertex 79.3523 65.01 11.6377
      vertex 79.2934 65.01 11.4642
    endloop
  endfacet
  facet normal -0.0655402 0 -0.99785
    outer loop
      vertex 77.8173 65.01 10.612
      vertex 78 66.8 10.6
      vertex 78 65.01 10.6
    endloop
  endfacet
  facet normal -0.0655402 0 -0.99785
    outer loop
      vertex 78 66.8 10.6
      vertex 77.8173 65.01 10.612
      vertex 77.8173 66.8 10.612
    endloop
  endfacet
  facet normal -0.946922 0 0.321462
    outer loop
      vertex 76.6477 65.01 12.3623
      vertex 76.7066 66.8 12.5358
      vertex 76.6477 66.8 12.3623
    endloop
  endfacet
  facet normal -0.946922 0 0.321462
    outer loop
      vertex 76.7066 66.8 12.5358
      vertex 76.6477 65.01 12.3623
      vertex 76.7066 65.01 12.5358
    endloop
  endfacet
  facet normal 0.321629 0 -0.946866
    outer loop
      vertex 78.3624 65.01 10.6477
      vertex 78.5358 66.8 10.7066
      vertex 78.5358 65.01 10.7066
    endloop
  endfacet
  facet normal 0.321629 0 -0.946866
    outer loop
      vertex 78.5358 66.8 10.7066
      vertex 78.3624 65.01 10.6477
      vertex 78.3624 66.8 10.6477
    endloop
  endfacet
  facet normal -0.83163 0 -0.55533
    outer loop
      vertex 76.8893 65.01 11.1477
      vertex 76.7876 66.8 11.3
      vertex 76.8893 66.8 11.1477
    endloop
  endfacet
  facet normal -0.83163 -0 -0.55533
    outer loop
      vertex 76.7876 66.8 11.3
      vertex 76.8893 65.01 11.1477
      vertex 76.7876 65.01 11.3
    endloop
  endfacet
  facet normal 0.321629 0 0.946866
    outer loop
      vertex 78.3624 66.8 13.3523
      vertex 78.5358 65.01 13.2934
      vertex 78.5358 66.8 13.2934
    endloop
  endfacet
  facet normal 0.321629 0 0.946866
    outer loop
      vertex 78.5358 65.01 13.2934
      vertex 78.3624 66.8 13.3523
      vertex 78.3624 65.01 13.3523
    endloop
  endfacet
  facet normal 0.896817 0 -0.442401
    outer loop
      vertex 79.2934 65.01 11.4642
      vertex 79.2124 66.8 11.3
      vertex 79.2934 66.8 11.4642
    endloop
  endfacet
  facet normal 0.896817 0 -0.442401
    outer loop
      vertex 79.2124 66.8 11.3
      vertex 79.2934 65.01 11.4642
      vertex 79.2124 65.01 11.3
    endloop
  endfacet
  facet normal -0.194856 0 -0.980832
    outer loop
      vertex 77.6376 65.01 10.6477
      vertex 77.8173 66.8 10.612
      vertex 77.8173 65.01 10.612
    endloop
  endfacet
  facet normal -0.194856 0 -0.980832
    outer loop
      vertex 77.8173 66.8 10.612
      vertex 77.6376 65.01 10.6477
      vertex 77.6376 66.8 10.6477
    endloop
  endfacet
  facet normal -0.896817 0 0.442401
    outer loop
      vertex 76.7066 65.01 12.5358
      vertex 76.7876 66.8 12.7
      vertex 76.7066 66.8 12.5358
    endloop
  endfacet
  facet normal -0.896817 0 0.442401
    outer loop
      vertex 76.7876 66.8 12.7
      vertex 76.7066 65.01 12.5358
      vertex 76.7876 65.01 12.7
    endloop
  endfacet
  facet normal -0.659162 0 -0.752001
    outer loop
      vertex 77.01 65.01 11.01
      vertex 77.1477 66.8 10.8893
      vertex 77.1477 65.01 10.8893
    endloop
  endfacet
  facet normal -0.659162 0 -0.752001
    outer loop
      vertex 77.1477 66.8 10.8893
      vertex 77.01 65.01 11.01
      vertex 77.01 66.8 11.01
    endloop
  endfacet
  facet normal 0.946922 -0 0.321462
    outer loop
      vertex 79.2934 65.01 12.5358
      vertex 79.3523 66.8 12.3623
      vertex 79.2934 66.8 12.5358
    endloop
  endfacet
  facet normal 0.946922 0 0.321462
    outer loop
      vertex 79.3523 66.8 12.3623
      vertex 79.2934 65.01 12.5358
      vertex 79.3523 65.01 12.3623
    endloop
  endfacet
  facet normal 0.896817 -0 0.442401
    outer loop
      vertex 79.2124 65.01 12.7
      vertex 79.2934 66.8 12.5358
      vertex 79.2124 66.8 12.7
    endloop
  endfacet
  facet normal 0.896817 0 0.442401
    outer loop
      vertex 79.2934 66.8 12.5358
      vertex 79.2124 65.01 12.7
      vertex 79.2934 65.01 12.5358
    endloop
  endfacet
  facet normal 0.194856 0 0.980832
    outer loop
      vertex 78.1827 66.8 13.388
      vertex 78.3624 65.01 13.3523
      vertex 78.3624 66.8 13.3523
    endloop
  endfacet
  facet normal 0.194856 0 0.980832
    outer loop
      vertex 78.3624 65.01 13.3523
      vertex 78.1827 66.8 13.388
      vertex 78.1827 65.01 13.388
    endloop
  endfacet
  facet normal -0.55533 0 0.83163
    outer loop
      vertex 77.1477 66.8 13.1107
      vertex 77.3 65.01 13.2124
      vertex 77.3 66.8 13.2124
    endloop
  endfacet
  facet normal -0.55533 0 0.83163
    outer loop
      vertex 77.3 65.01 13.2124
      vertex 77.1477 66.8 13.1107
      vertex 77.1477 65.01 13.1107
    endloop
  endfacet
  facet normal 0.980811 -0 0.194961
    outer loop
      vertex 79.3523 65.01 12.3623
      vertex 79.388 66.8 12.1827
      vertex 79.3523 66.8 12.3623
    endloop
  endfacet
  facet normal 0.980811 0 0.194961
    outer loop
      vertex 79.388 66.8 12.1827
      vertex 79.3523 65.01 12.3623
      vertex 79.388 65.01 12.1827
    endloop
  endfacet
  facet normal 0.55533 0 0.83163
    outer loop
      vertex 78.7 66.8 13.2124
      vertex 78.8523 65.01 13.1107
      vertex 78.8523 66.8 13.1107
    endloop
  endfacet
  facet normal 0.55533 0 0.83163
    outer loop
      vertex 78.8523 65.01 13.1107
      vertex 78.7 66.8 13.2124
      vertex 78.7 65.01 13.2124
    endloop
  endfacet
  facet normal -0.751764 0 0.659432
    outer loop
      vertex 76.8893 65.01 12.8523
      vertex 77.01 66.8 12.9899
      vertex 76.8893 66.8 12.8523
    endloop
  endfacet
  facet normal -0.751764 0 0.659432
    outer loop
      vertex 77.01 66.8 12.9899
      vertex 76.8893 65.01 12.8523
      vertex 77.01 65.01 12.9899
    endloop
  endfacet
  facet normal -0.321629 0 -0.946866
    outer loop
      vertex 77.4642 65.01 10.7066
      vertex 77.6376 66.8 10.6477
      vertex 77.6376 65.01 10.6477
    endloop
  endfacet
  facet normal -0.321629 0 -0.946866
    outer loop
      vertex 77.6376 66.8 10.6477
      vertex 77.4642 65.01 10.7066
      vertex 77.4642 66.8 10.7066
    endloop
  endfacet
  facet normal -0.442401 0 0.896817
    outer loop
      vertex 77.3 66.8 13.2124
      vertex 77.4642 65.01 13.2934
      vertex 77.4642 66.8 13.2934
    endloop
  endfacet
  facet normal -0.442401 0 0.896817
    outer loop
      vertex 77.4642 65.01 13.2934
      vertex 77.3 66.8 13.2124
      vertex 77.3 65.01 13.2124
    endloop
  endfacet
  facet normal -0.752001 0 -0.659162
    outer loop
      vertex 77.01 65.01 11.01
      vertex 76.8893 66.8 11.1477
      vertex 77.01 66.8 11.01
    endloop
  endfacet
  facet normal -0.752001 -0 -0.659162
    outer loop
      vertex 76.8893 66.8 11.1477
      vertex 77.01 65.01 11.01
      vertex 76.8893 65.01 11.1477
    endloop
  endfacet
  facet normal 0 -1 0
    outer loop
      vertex 77.8173 65.01 13.388
      vertex 78.1827 65.01 13.388
      vertex 78 65.01 13.4
    endloop
  endfacet
  facet normal 0 -1 0
    outer loop
      vertex 77.6376 65.01 13.3523
      vertex 78.1827 65.01 13.388
      vertex 77.8173 65.01 13.388
    endloop
  endfacet
  facet normal 0 -1 0
    outer loop
      vertex 77.6376 65.01 13.3523
      vertex 78.3624 65.01 13.3523
      vertex 78.1827 65.01 13.388
    endloop
  endfacet
  facet normal 0 -1 0
    outer loop
      vertex 77.4642 65.01 13.2934
      vertex 78.3624 65.01 13.3523
      vertex 77.6376 65.01 13.3523
    endloop
  endfacet
  facet normal 0 -1 0
    outer loop
      vertex 77.4642 65.01 13.2934
      vertex 78.5358 65.01 13.2934
      vertex 78.3624 65.01 13.3523
    endloop
  endfacet
  facet normal 0 -1 0
    outer loop
      vertex 77.3 65.01 13.2124
      vertex 78.5358 65.01 13.2934
      vertex 77.4642 65.01 13.2934
    endloop
  endfacet
  facet normal 0 -1 0
    outer loop
      vertex 77.3 65.01 13.2124
      vertex 78.7 65.01 13.2124
      vertex 78.5358 65.01 13.2934
    endloop
  endfacet
  facet normal 0 -1 0
    outer loop
      vertex 77.1477 65.01 13.1107
      vertex 78.7 65.01 13.2124
      vertex 77.3 65.01 13.2124
    endloop
  endfacet
  facet normal 0 -1 0
    outer loop
      vertex 77.1477 65.01 13.1107
      vertex 78.8523 65.01 13.1107
      vertex 78.7 65.01 13.2124
    endloop
  endfacet
  facet normal 0 -1 0
    outer loop
      vertex 77.01 65.01 12.9899
      vertex 78.8523 65.01 13.1107
      vertex 77.1477 65.01 13.1107
    endloop
  endfacet
  facet normal 0 -1 0
    outer loop
      vertex 77.01 65.01 12.9899
      vertex 78.99 65.01 12.9899
      vertex 78.8523 65.01 13.1107
    endloop
  endfacet
  facet normal 0 -1 0
    outer loop
      vertex 76.8893 65.01 12.8523
      vertex 78.99 65.01 12.9899
      vertex 77.01 65.01 12.9899
    endloop
  endfacet
  facet normal 0 -1 0
    outer loop
      vertex 76.8893 65.01 12.8523
      vertex 79.1107 65.01 12.8523
      vertex 78.99 65.01 12.9899
    endloop
  endfacet
  facet normal 0 -1 0
    outer loop
      vertex 76.7876 65.01 12.7
      vertex 79.1107 65.01 12.8523
      vertex 76.8893 65.01 12.8523
    endloop
  endfacet
  facet normal 0 -1 0
    outer loop
      vertex 76.7876 65.01 12.7
      vertex 79.2124 65.01 12.7
      vertex 79.1107 65.01 12.8523
    endloop
  endfacet
  facet normal 0 -1 0
    outer loop
      vertex 76.7066 65.01 12.5358
      vertex 79.2124 65.01 12.7
      vertex 76.7876 65.01 12.7
    endloop
  endfacet
  facet normal 0 -1 0
    outer loop
      vertex 76.7066 65.01 12.5358
      vertex 79.2934 65.01 12.5358
      vertex 79.2124 65.01 12.7
    endloop
  endfacet
  facet normal 0 -1 0
    outer loop
      vertex 76.6477 65.01 12.3623
      vertex 79.2934 65.01 12.5358
      vertex 76.7066 65.01 12.5358
    endloop
  endfacet
  facet normal 0 -1 0
    outer loop
      vertex 76.6477 65.01 12.3623
      vertex 79.3523 65.01 12.3623
      vertex 79.2934 65.01 12.5358
    endloop
  endfacet
  facet normal 0 -1 0
    outer loop
      vertex 76.612 65.01 12.1827
      vertex 79.3523 65.01 12.3623
      vertex 76.6477 65.01 12.3623
    endloop
  endfacet
  facet normal 0 -1 0
    outer loop
      vertex 76.612 65.01 12.1827
      vertex 79.388 65.01 12.1827
      vertex 79.3523 65.01 12.3623
    endloop
  endfacet
  facet normal 0 -1 0
    outer loop
      vertex 76.6 65.01 12
      vertex 79.388 65.01 12.1827
      vertex 76.612 65.01 12.1827
    endloop
  endfacet
  facet normal 0 -1 0
    outer loop
      vertex 76.6 65.01 12
      vertex 79.4 65.01 12
      vertex 79.388 65.01 12.1827
    endloop
  endfacet
  facet normal 0 -1 0
    outer loop
      vertex 76.612 65.01 11.8173
      vertex 79.4 65.01 12
      vertex 76.6 65.01 12
    endloop
  endfacet
  facet normal 0 -1 0
    outer loop
      vertex 76.612 65.01 11.8173
      vertex 79.388 65.01 11.8173
      vertex 79.4 65.01 12
    endloop
  endfacet
  facet normal 0 -1 0
    outer loop
      vertex 76.6477 65.01 11.6377
      vertex 79.388 65.01 11.8173
      vertex 76.612 65.01 11.8173
    endloop
  endfacet
  facet normal 0 -1 0
    outer loop
      vertex 76.6477 65.01 11.6377
      vertex 79.3523 65.01 11.6377
      vertex 79.388 65.01 11.8173
    endloop
  endfacet
  facet normal 0 -1 0
    outer loop
      vertex 76.7066 65.01 11.4642
      vertex 79.3523 65.01 11.6377
      vertex 76.6477 65.01 11.6377
    endloop
  endfacet
  facet normal 0 -1 0
    outer loop
      vertex 76.7066 65.01 11.4642
      vertex 79.2934 65.01 11.4642
      vertex 79.3523 65.01 11.6377
    endloop
  endfacet
  facet normal 0 -1 0
    outer loop
      vertex 76.7876 65.01 11.3
      vertex 79.2934 65.01 11.4642
      vertex 76.7066 65.01 11.4642
    endloop
  endfacet
  facet normal 0 -1 0
    outer loop
      vertex 76.7876 65.01 11.3
      vertex 79.2124 65.01 11.3
      vertex 79.2934 65.01 11.4642
    endloop
  endfacet
  facet normal 0 -1 0
    outer loop
      vertex 76.8893 65.01 11.1477
      vertex 79.2124 65.01 11.3
      vertex 76.7876 65.01 11.3
    endloop
  endfacet
  facet normal 0 -1 0
    outer loop
      vertex 76.8893 65.01 11.1477
      vertex 79.1107 65.01 11.1477
      vertex 79.2124 65.01 11.3
    endloop
  endfacet
  facet normal 0 -1 0
    outer loop
      vertex 77.01 65.01 11.01
      vertex 79.1107 65.01 11.1477
      vertex 76.8893 65.01 11.1477
    endloop
  endfacet
  facet normal 0 -1 0
    outer loop
      vertex 77.01 65.01 11.01
      vertex 78.99 65.01 11.01
      vertex 79.1107 65.01 11.1477
    endloop
  endfacet
  facet normal 0 -1 0
    outer loop
      vertex 77.1477 65.01 10.8893
      vertex 78.99 65.01 11.01
      vertex 77.01 65.01 11.01
    endloop
  endfacet
  facet normal 0 -1 0
    outer loop
      vertex 77.1477 65.01 10.8893
      vertex 78.8523 65.01 10.8893
      vertex 78.99 65.01 11.01
    endloop
  endfacet
  facet normal 0 -1 0
    outer loop
      vertex 77.3 65.01 10.7876
      vertex 78.8523 65.01 10.8893
      vertex 77.1477 65.01 10.8893
    endloop
  endfacet
  facet normal 0 -1 0
    outer loop
      vertex 77.3 65.01 10.7876
      vertex 78.7 65.01 10.7876
      vertex 78.8523 65.01 10.8893
    endloop
  endfacet
  facet normal 0 -1 0
    outer loop
      vertex 77.4642 65.01 10.7066
      vertex 78.7 65.01 10.7876
      vertex 77.3 65.01 10.7876
    endloop
  endfacet
  facet normal 0 -1 0
    outer loop
      vertex 77.4642 65.01 10.7066
      vertex 78.5358 65.01 10.7066
      vertex 78.7 65.01 10.7876
    endloop
  endfacet
  facet normal 0 -1 0
    outer loop
      vertex 77.6376 65.01 10.6477
      vertex 78.5358 65.01 10.7066
      vertex 77.4642 65.01 10.7066
    endloop
  endfacet
  facet normal 0 -1 0
    outer loop
      vertex 77.6376 65.01 10.6477
      vertex 78.3624 65.01 10.6477
      vertex 78.5358 65.01 10.7066
    endloop
  endfacet
  facet normal 0 -1 0
    outer loop
      vertex 77.8173 65.01 10.612
      vertex 78.3624 65.01 10.6477
      vertex 77.6376 65.01 10.6477
    endloop
  endfacet
  facet normal 0 -1 0
    outer loop
      vertex 77.8173 65.01 10.612
      vertex 78.1827 65.01 10.612
      vertex 78.3624 65.01 10.6477
    endloop
  endfacet
  facet normal -0 -1 0
    outer loop
      vertex 78.1827 65.01 10.612
      vertex 77.8173 65.01 10.612
      vertex 78 65.01 10.6
    endloop
  endfacet
  facet normal 0.659162 0 -0.752001
    outer loop
      vertex 78.8523 65.01 10.8893
      vertex 78.99 66.8 11.01
      vertex 78.99 65.01 11.01
    endloop
  endfacet
  facet normal 0.659162 0 -0.752001
    outer loop
      vertex 78.99 66.8 11.01
      vertex 78.8523 65.01 10.8893
      vertex 78.8523 66.8 10.8893
    endloop
  endfacet
  facet normal -0.442401 0 -0.896817
    outer loop
      vertex 77.3 65.01 10.7876
      vertex 77.4642 66.8 10.7066
      vertex 77.4642 65.01 10.7066
    endloop
  endfacet
  facet normal -0.442401 0 -0.896817
    outer loop
      vertex 77.4642 66.8 10.7066
      vertex 77.3 65.01 10.7876
      vertex 77.3 66.8 10.7876
    endloop
  endfacet
  facet normal 0.83163 0 -0.55533
    outer loop
      vertex 79.2124 65.01 11.3
      vertex 79.1107 66.8 11.1477
      vertex 79.2124 66.8 11.3
    endloop
  endfacet
  facet normal 0.83163 0 -0.55533
    outer loop
      vertex 79.1107 66.8 11.1477
      vertex 79.2124 65.01 11.3
      vertex 79.1107 65.01 11.1477
    endloop
  endfacet
  facet normal -0.980811 0 0.194961
    outer loop
      vertex 76.612 65.01 12.1827
      vertex 76.6477 66.8 12.3623
      vertex 76.612 66.8 12.1827
    endloop
  endfacet
  facet normal -0.980811 0 0.194961
    outer loop
      vertex 76.6477 66.8 12.3623
      vertex 76.612 65.01 12.1827
      vertex 76.6477 65.01 12.3623
    endloop
  endfacet
  facet normal 0.752001 0 -0.659162
    outer loop
      vertex 79.1107 65.01 11.1477
      vertex 78.99 66.8 11.01
      vertex 79.1107 66.8 11.1477
    endloop
  endfacet
  facet normal 0.752001 0 -0.659162
    outer loop
      vertex 78.99 66.8 11.01
      vertex 79.1107 65.01 11.1477
      vertex 78.99 65.01 11.01
    endloop
  endfacet
  facet normal 0.99785 -0 0.0655402
    outer loop
      vertex 79.388 65.01 12.1827
      vertex 79.4 66.8 12
      vertex 79.388 66.8 12.1827
    endloop
  endfacet
  facet normal 0.99785 0 0.0655402
    outer loop
      vertex 79.4 66.8 12
      vertex 79.388 65.01 12.1827
      vertex 79.4 65.01 12
    endloop
  endfacet
  facet normal -0.946922 0 -0.321462
    outer loop
      vertex 76.7066 65.01 11.4642
      vertex 76.6477 66.8 11.6377
      vertex 76.7066 66.8 11.4642
    endloop
  endfacet
  facet normal -0.946922 -0 -0.321462
    outer loop
      vertex 76.6477 66.8 11.6377
      vertex 76.7066 65.01 11.4642
      vertex 76.6477 65.01 11.6377
    endloop
  endfacet
  facet normal 0.65947 0 0.751731
    outer loop
      vertex 78.8523 66.8 13.1107
      vertex 78.99 65.01 12.9899
      vertex 78.99 66.8 12.9899
    endloop
  endfacet
  facet normal 0.65947 0 0.751731
    outer loop
      vertex 78.99 65.01 12.9899
      vertex 78.8523 66.8 13.1107
      vertex 78.8523 65.01 13.1107
    endloop
  endfacet
  facet normal -0.980811 0 -0.194961
    outer loop
      vertex 76.6477 65.01 11.6377
      vertex 76.612 66.8 11.8173
      vertex 76.6477 66.8 11.6377
    endloop
  endfacet
  facet normal -0.980811 -0 -0.194961
    outer loop
      vertex 76.612 66.8 11.8173
      vertex 76.6477 65.01 11.6377
      vertex 76.612 65.01 11.8173
    endloop
  endfacet
  facet normal -0.896817 0 -0.442401
    outer loop
      vertex 76.7876 65.01 11.3
      vertex 76.7066 66.8 11.4642
      vertex 76.7876 66.8 11.3
    endloop
  endfacet
  facet normal -0.896817 -0 -0.442401
    outer loop
      vertex 76.7066 66.8 11.4642
      vertex 76.7876 65.01 11.3
      vertex 76.7066 65.01 11.4642
    endloop
  endfacet
  facet normal 0.0655402 0 0.99785
    outer loop
      vertex 78 66.8 13.4
      vertex 78.1827 65.01 13.388
      vertex 78.1827 66.8 13.388
    endloop
  endfacet
  facet normal 0.0655402 0 0.99785
    outer loop
      vertex 78.1827 65.01 13.388
      vertex 78 66.8 13.4
      vertex 78 65.01 13.4
    endloop
  endfacet
  facet normal 0.442401 0 0.896817
    outer loop
      vertex 78.5358 66.8 13.2934
      vertex 78.7 65.01 13.2124
      vertex 78.7 66.8 13.2124
    endloop
  endfacet
  facet normal 0.442401 0 0.896817
    outer loop
      vertex 78.7 65.01 13.2124
      vertex 78.5358 66.8 13.2934
      vertex 78.5358 65.01 13.2934
    endloop
  endfacet
  facet normal -0.321629 0 0.946866
    outer loop
      vertex 77.4642 66.8 13.2934
      vertex 77.6376 65.01 13.3523
      vertex 77.6376 66.8 13.3523
    endloop
  endfacet
  facet normal -0.321629 0 0.946866
    outer loop
      vertex 77.6376 65.01 13.3523
      vertex 77.4642 66.8 13.2934
      vertex 77.4642 65.01 13.2934
    endloop
  endfacet
  facet normal -0.99785 0 0.0655402
    outer loop
      vertex 76.6 65.01 12
      vertex 76.612 66.8 12.1827
      vertex 76.6 66.8 12
    endloop
  endfacet
  facet normal -0.99785 0 0.0655402
    outer loop
      vertex 76.612 66.8 12.1827
      vertex 76.6 65.01 12
      vertex 76.612 65.01 12.1827
    endloop
  endfacet
  facet normal -0.55533 0 -0.83163
    outer loop
      vertex 77.1477 65.01 10.8893
      vertex 77.3 66.8 10.7876
      vertex 77.3 65.01 10.7876
    endloop
  endfacet
  facet normal -0.55533 0 -0.83163
    outer loop
      vertex 77.3 66.8 10.7876
      vertex 77.1477 65.01 10.8893
      vertex 77.1477 66.8 10.8893
    endloop
  endfacet
  facet normal -0.99785 0 -0.0655402
    outer loop
      vertex 76.612 65.01 11.8173
      vertex 76.6 66.8 12
      vertex 76.612 66.8 11.8173
    endloop
  endfacet
  facet normal -0.99785 -0 -0.0655402
    outer loop
      vertex 76.6 66.8 12
      vertex 76.612 65.01 11.8173
      vertex 76.6 65.01 12
    endloop
  endfacet
  facet normal 0.442401 0 -0.896817
    outer loop
      vertex 78.5358 65.01 10.7066
      vertex 78.7 66.8 10.7876
      vertex 78.7 65.01 10.7876
    endloop
  endfacet
  facet normal 0.442401 0 -0.896817
    outer loop
      vertex 78.7 66.8 10.7876
      vertex 78.5358 65.01 10.7066
      vertex 78.5358 66.8 10.7066
    endloop
  endfacet
  facet normal 0.55533 0 -0.83163
    outer loop
      vertex 78.7 65.01 10.7876
      vertex 78.8523 66.8 10.8893
      vertex 78.8523 65.01 10.8893
    endloop
  endfacet
  facet normal 0.55533 0 -0.83163
    outer loop
      vertex 78.8523 66.8 10.8893
      vertex 78.7 65.01 10.7876
      vertex 78.7 66.8 10.7876
    endloop
  endfacet
  facet normal -0.83163 0 0.55533
    outer loop
      vertex 76.7876 65.01 12.7
      vertex 76.8893 66.8 12.8523
      vertex 76.7876 66.8 12.7
    endloop
  endfacet
  facet normal -0.83163 0 0.55533
    outer loop
      vertex 76.8893 66.8 12.8523
      vertex 76.7876 65.01 12.7
      vertex 76.8893 65.01 12.8523
    endloop
  endfacet
  facet normal 0.83163 -0 0.55533
    outer loop
      vertex 79.1107 65.01 12.8523
      vertex 79.2124 66.8 12.7
      vertex 79.1107 66.8 12.8523
    endloop
  endfacet
  facet normal 0.83163 0 0.55533
    outer loop
      vertex 79.2124 66.8 12.7
      vertex 79.1107 65.01 12.8523
      vertex 79.2124 65.01 12.7
    endloop
  endfacet
  facet normal -0.194856 0 0.980832
    outer loop
      vertex 77.6376 66.8 13.3523
      vertex 77.8173 65.01 13.388
      vertex 77.8173 66.8 13.388
    endloop
  endfacet
  facet normal -0.194856 0 0.980832
    outer loop
      vertex 77.8173 65.01 13.388
      vertex 77.6376 66.8 13.3523
      vertex 77.6376 65.01 13.3523
    endloop
  endfacet
  facet normal 0.751764 -0 0.659432
    outer loop
      vertex 78.99 65.01 12.9899
      vertex 79.1107 66.8 12.8523
      vertex 78.99 66.8 12.9899
    endloop
  endfacet
  facet normal 0.751764 0 0.659432
    outer loop
      vertex 79.1107 66.8 12.8523
      vertex 78.99 65.01 12.9899
      vertex 79.1107 65.01 12.8523
    endloop
  endfacet
  facet normal -0.65947 0 0.751731
    outer loop
      vertex 77.01 66.8 12.9899
      vertex 77.1477 65.01 13.1107
      vertex 77.1477 66.8 13.1107
    endloop
  endfacet
  facet normal -0.65947 0 0.751731
    outer loop
      vertex 77.1477 65.01 13.1107
      vertex 77.01 66.8 12.9899
      vertex 77.01 65.01 12.9899
    endloop
  endfacet
  facet normal 0.0655402 0 -0.99785
    outer loop
      vertex 78 65.01 10.6
      vertex 78.1827 66.8 10.612
      vertex 78.1827 65.01 10.612
    endloop
  endfacet
  facet normal 0.0655402 0 -0.99785
    outer loop
      vertex 78.1827 66.8 10.612
      vertex 78 65.01 10.6
      vertex 78 66.8 10.6
    endloop
  endfacet
  facet normal -0.0655402 0 0.99785
    outer loop
      vertex 77.8173 66.8 13.388
      vertex 78 65.01 13.4
      vertex 78 66.8 13.4
    endloop
  endfacet
  facet normal -0.0655402 0 0.99785
    outer loop
      vertex 78 65.01 13.4
      vertex 77.8173 66.8 13.388
      vertex 77.8173 65.01 13.388
    endloop
  endfacet
  facet normal 0.194856 0 -0.980832
    outer loop
      vertex 78.1827 65.01 10.612
      vertex 78.3624 66.8 10.6477
      vertex 78.3624 65.01 10.6477
    endloop
  endfacet
  facet normal 0.194856 0 -0.980832
    outer loop
      vertex 78.3624 66.8 10.6477
      vertex 78.1827 65.01 10.612
      vertex 78.1827 66.8 10.612
    endloop
  endfacet
  facet normal 0.980811 0 -0.194961
    outer loop
      vertex 79.388 65.01 31.8173
      vertex 79.3523 66.8 31.6377
      vertex 79.388 66.8 31.8173
    endloop
  endfacet
  facet normal 0.980811 0 -0.194961
    outer loop
      vertex 79.3523 66.8 31.6377
      vertex 79.388 65.01 31.8173
      vertex 79.3523 65.01 31.6377
    endloop
  endfacet
  facet normal 0.99785 0 -0.0655402
    outer loop
      vertex 79.4 65.01 32
      vertex 79.388 66.8 31.8173
      vertex 79.4 66.8 32
    endloop
  endfacet
  facet normal 0.99785 0 -0.0655402
    outer loop
      vertex 79.388 66.8 31.8173
      vertex 79.4 65.01 32
      vertex 79.388 65.01 31.8173
    endloop
  endfacet
  facet normal 0.946922 0 -0.321462
    outer loop
      vertex 79.3523 65.01 31.6377
      vertex 79.2934 66.8 31.4642
      vertex 79.3523 66.8 31.6377
    endloop
  endfacet
  facet normal 0.946922 0 -0.321462
    outer loop
      vertex 79.2934 66.8 31.4642
      vertex 79.3523 65.01 31.6377
      vertex 79.2934 65.01 31.4642
    endloop
  endfacet
  facet normal -0.0655402 0 -0.99785
    outer loop
      vertex 77.8173 65.01 30.612
      vertex 78 66.8 30.6
      vertex 78 65.01 30.6
    endloop
  endfacet
  facet normal -0.0655402 0 -0.99785
    outer loop
      vertex 78 66.8 30.6
      vertex 77.8173 65.01 30.612
      vertex 77.8173 66.8 30.612
    endloop
  endfacet
  facet normal -0.946922 0 0.321462
    outer loop
      vertex 76.6477 65.01 32.3623
      vertex 76.7066 66.8 32.5358
      vertex 76.6477 66.8 32.3623
    endloop
  endfacet
  facet normal -0.946922 0 0.321462
    outer loop
      vertex 76.7066 66.8 32.5358
      vertex 76.6477 65.01 32.3623
      vertex 76.7066 65.01 32.5358
    endloop
  endfacet
  facet normal 0.321629 0 -0.946866
    outer loop
      vertex 78.3624 65.01 30.6477
      vertex 78.5358 66.8 30.7066
      vertex 78.5358 65.01 30.7066
    endloop
  endfacet
  facet normal 0.321629 0 -0.946866
    outer loop
      vertex 78.5358 66.8 30.7066
      vertex 78.3624 65.01 30.6477
      vertex 78.3624 66.8 30.6477
    endloop
  endfacet
  facet normal -0.83163 0 -0.55533
    outer loop
      vertex 76.8893 65.01 31.1477
      vertex 76.7876 66.8 31.3
      vertex 76.8893 66.8 31.1477
    endloop
  endfacet
  facet normal -0.83163 -0 -0.55533
    outer loop
      vertex 76.7876 66.8 31.3
      vertex 76.8893 65.01 31.1477
      vertex 76.7876 65.01 31.3
    endloop
  endfacet
  facet normal 0.321629 0 0.946866
    outer loop
      vertex 78.3624 66.8 33.3523
      vertex 78.5358 65.01 33.2934
      vertex 78.5358 66.8 33.2934
    endloop
  endfacet
  facet normal 0.321629 0 0.946866
    outer loop
      vertex 78.5358 65.01 33.2934
      vertex 78.3624 66.8 33.3523
      vertex 78.3624 65.01 33.3523
    endloop
  endfacet
  facet normal 0.896817 0 -0.442401
    outer loop
      vertex 79.2934 65.01 31.4642
      vertex 79.2124 66.8 31.3
      vertex 79.2934 66.8 31.4642
    endloop
  endfacet
  facet normal 0.896817 0 -0.442401
    outer loop
      vertex 79.2124 66.8 31.3
      vertex 79.2934 65.01 31.4642
      vertex 79.2124 65.01 31.3
    endloop
  endfacet
  facet normal -0.194856 0 -0.980832
    outer loop
      vertex 77.6376 65.01 30.6477
      vertex 77.8173 66.8 30.612
      vertex 77.8173 65.01 30.612
    endloop
  endfacet
  facet normal -0.194856 0 -0.980832
    outer loop
      vertex 77.8173 66.8 30.612
      vertex 77.6376 65.01 30.6477
      vertex 77.6376 66.8 30.6477
    endloop
  endfacet
  facet normal -0.896817 0 0.442401
    outer loop
      vertex 76.7066 65.01 32.5358
      vertex 76.7876 66.8 32.7
      vertex 76.7066 66.8 32.5358
    endloop
  endfacet
  facet normal -0.896817 0 0.442401
    outer loop
      vertex 76.7876 66.8 32.7
      vertex 76.7066 65.01 32.5358
      vertex 76.7876 65.01 32.7
    endloop
  endfacet
  facet normal -0.659162 0 -0.752001
    outer loop
      vertex 77.01 65.01 31.01
      vertex 77.1477 66.8 30.8893
      vertex 77.1477 65.01 30.8893
    endloop
  endfacet
  facet normal -0.659162 0 -0.752001
    outer loop
      vertex 77.1477 66.8 30.8893
      vertex 77.01 65.01 31.01
      vertex 77.01 66.8 31.01
    endloop
  endfacet
  facet normal 0.751764 -0 0.659432
    outer loop
      vertex 78.99 65.01 32.9899
      vertex 79.1107 66.8 32.8523
      vertex 78.99 66.8 32.9899
    endloop
  endfacet
  facet normal 0.751764 0 0.659432
    outer loop
      vertex 79.1107 66.8 32.8523
      vertex 78.99 65.01 32.9899
      vertex 79.1107 65.01 32.8523
    endloop
  endfacet
  facet normal 0.946922 -0 0.321462
    outer loop
      vertex 79.2934 65.01 32.5358
      vertex 79.3523 66.8 32.3623
      vertex 79.2934 66.8 32.5358
    endloop
  endfacet
  facet normal 0.946922 0 0.321462
    outer loop
      vertex 79.3523 66.8 32.3623
      vertex 79.2934 65.01 32.5358
      vertex 79.3523 65.01 32.3623
    endloop
  endfacet
  facet normal 0.896817 -0 0.442401
    outer loop
      vertex 79.2124 65.01 32.7
      vertex 79.2934 66.8 32.5358
      vertex 79.2124 66.8 32.7
    endloop
  endfacet
  facet normal 0.896817 0 0.442401
    outer loop
      vertex 79.2934 66.8 32.5358
      vertex 79.2124 65.01 32.7
      vertex 79.2934 65.01 32.5358
    endloop
  endfacet
  facet normal 0.194856 0 0.980832
    outer loop
      vertex 78.1827 66.8 33.388
      vertex 78.3624 65.01 33.3523
      vertex 78.3624 66.8 33.3523
    endloop
  endfacet
  facet normal 0.194856 0 0.980832
    outer loop
      vertex 78.3624 65.01 33.3523
      vertex 78.1827 66.8 33.388
      vertex 78.1827 65.01 33.388
    endloop
  endfacet
  facet normal -0.55533 0 0.83163
    outer loop
      vertex 77.1477 66.8 33.1107
      vertex 77.3 65.01 33.2124
      vertex 77.3 66.8 33.2124
    endloop
  endfacet
  facet normal -0.55533 0 0.83163
    outer loop
      vertex 77.3 65.01 33.2124
      vertex 77.1477 66.8 33.1107
      vertex 77.1477 65.01 33.1107
    endloop
  endfacet
  facet normal 0.980811 -0 0.194961
    outer loop
      vertex 79.3523 65.01 32.3623
      vertex 79.388 66.8 32.1827
      vertex 79.3523 66.8 32.3623
    endloop
  endfacet
  facet normal 0.980811 0 0.194961
    outer loop
      vertex 79.388 66.8 32.1827
      vertex 79.3523 65.01 32.3623
      vertex 79.388 65.01 32.1827
    endloop
  endfacet
  facet normal 0.55533 0 0.83163
    outer loop
      vertex 78.7 66.8 33.2124
      vertex 78.8523 65.01 33.1107
      vertex 78.8523 66.8 33.1107
    endloop
  endfacet
  facet normal 0.55533 0 0.83163
    outer loop
      vertex 78.8523 65.01 33.1107
      vertex 78.7 66.8 33.2124
      vertex 78.7 65.01 33.2124
    endloop
  endfacet
  facet normal -0.751764 0 0.659432
    outer loop
      vertex 76.8893 65.01 32.8523
      vertex 77.01 66.8 32.9899
      vertex 76.8893 66.8 32.8523
    endloop
  endfacet
  facet normal -0.751764 0 0.659432
    outer loop
      vertex 77.01 66.8 32.9899
      vertex 76.8893 65.01 32.8523
      vertex 77.01 65.01 32.9899
    endloop
  endfacet
  facet normal -0.321629 0 -0.946866
    outer loop
      vertex 77.4642 65.01 30.7066
      vertex 77.6376 66.8 30.6477
      vertex 77.6376 65.01 30.6477
    endloop
  endfacet
  facet normal -0.321629 0 -0.946866
    outer loop
      vertex 77.6376 66.8 30.6477
      vertex 77.4642 65.01 30.7066
      vertex 77.4642 66.8 30.7066
    endloop
  endfacet
  facet normal -0.442401 0 0.896817
    outer loop
      vertex 77.3 66.8 33.2124
      vertex 77.4642 65.01 33.2934
      vertex 77.4642 66.8 33.2934
    endloop
  endfacet
  facet normal -0.442401 0 0.896817
    outer loop
      vertex 77.4642 65.01 33.2934
      vertex 77.3 66.8 33.2124
      vertex 77.3 65.01 33.2124
    endloop
  endfacet
  facet normal -0.752001 0 -0.659162
    outer loop
      vertex 77.01 65.01 31.01
      vertex 76.8893 66.8 31.1477
      vertex 77.01 66.8 31.01
    endloop
  endfacet
  facet normal -0.752001 -0 -0.659162
    outer loop
      vertex 76.8893 66.8 31.1477
      vertex 77.01 65.01 31.01
      vertex 76.8893 65.01 31.1477
    endloop
  endfacet
  facet normal 0 -1 0
    outer loop
      vertex 77.8173 65.01 33.388
      vertex 78.1827 65.01 33.388
      vertex 78 65.01 33.4
    endloop
  endfacet
  facet normal 0 -1 0
    outer loop
      vertex 77.6376 65.01 33.3523
      vertex 78.1827 65.01 33.388
      vertex 77.8173 65.01 33.388
    endloop
  endfacet
  facet normal 0 -1 0
    outer loop
      vertex 77.6376 65.01 33.3523
      vertex 78.3624 65.01 33.3523
      vertex 78.1827 65.01 33.388
    endloop
  endfacet
  facet normal 0 -1 0
    outer loop
      vertex 77.4642 65.01 33.2934
      vertex 78.3624 65.01 33.3523
      vertex 77.6376 65.01 33.3523
    endloop
  endfacet
  facet normal 0 -1 0
    outer loop
      vertex 77.4642 65.01 33.2934
      vertex 78.5358 65.01 33.2934
      vertex 78.3624 65.01 33.3523
    endloop
  endfacet
  facet normal 0 -1 0
    outer loop
      vertex 77.3 65.01 33.2124
      vertex 78.5358 65.01 33.2934
      vertex 77.4642 65.01 33.2934
    endloop
  endfacet
  facet normal 0 -1 0
    outer loop
      vertex 77.3 65.01 33.2124
      vertex 78.7 65.01 33.2124
      vertex 78.5358 65.01 33.2934
    endloop
  endfacet
  facet normal 0 -1 0
    outer loop
      vertex 77.1477 65.01 33.1107
      vertex 78.7 65.01 33.2124
      vertex 77.3 65.01 33.2124
    endloop
  endfacet
  facet normal 0 -1 0
    outer loop
      vertex 77.1477 65.01 33.1107
      vertex 78.8523 65.01 33.1107
      vertex 78.7 65.01 33.2124
    endloop
  endfacet
  facet normal 0 -1 0
    outer loop
      vertex 77.01 65.01 32.9899
      vertex 78.8523 65.01 33.1107
      vertex 77.1477 65.01 33.1107
    endloop
  endfacet
  facet normal 0 -1 0
    outer loop
      vertex 77.01 65.01 32.9899
      vertex 78.99 65.01 32.9899
      vertex 78.8523 65.01 33.1107
    endloop
  endfacet
  facet normal 0 -1 0
    outer loop
      vertex 76.8893 65.01 32.8523
      vertex 78.99 65.01 32.9899
      vertex 77.01 65.01 32.9899
    endloop
  endfacet
  facet normal 0 -1 0
    outer loop
      vertex 76.8893 65.01 32.8523
      vertex 79.1107 65.01 32.8523
      vertex 78.99 65.01 32.9899
    endloop
  endfacet
  facet normal 0 -1 0
    outer loop
      vertex 76.7876 65.01 32.7
      vertex 79.1107 65.01 32.8523
      vertex 76.8893 65.01 32.8523
    endloop
  endfacet
  facet normal 0 -1 0
    outer loop
      vertex 76.7876 65.01 32.7
      vertex 79.2124 65.01 32.7
      vertex 79.1107 65.01 32.8523
    endloop
  endfacet
  facet normal 0 -1 0
    outer loop
      vertex 76.7066 65.01 32.5358
      vertex 79.2124 65.01 32.7
      vertex 76.7876 65.01 32.7
    endloop
  endfacet
  facet normal 0 -1 0
    outer loop
      vertex 76.7066 65.01 32.5358
      vertex 79.2934 65.01 32.5358
      vertex 79.2124 65.01 32.7
    endloop
  endfacet
  facet normal 0 -1 0
    outer loop
      vertex 76.6477 65.01 32.3623
      vertex 79.2934 65.01 32.5358
      vertex 76.7066 65.01 32.5358
    endloop
  endfacet
  facet normal 0 -1 0
    outer loop
      vertex 76.6477 65.01 32.3623
      vertex 79.3523 65.01 32.3623
      vertex 79.2934 65.01 32.5358
    endloop
  endfacet
  facet normal 0 -1 0
    outer loop
      vertex 76.612 65.01 32.1827
      vertex 79.3523 65.01 32.3623
      vertex 76.6477 65.01 32.3623
    endloop
  endfacet
  facet normal 0 -1 0
    outer loop
      vertex 76.612 65.01 32.1827
      vertex 79.388 65.01 32.1827
      vertex 79.3523 65.01 32.3623
    endloop
  endfacet
  facet normal 0 -1 0
    outer loop
      vertex 76.6 65.01 32
      vertex 79.388 65.01 32.1827
      vertex 76.612 65.01 32.1827
    endloop
  endfacet
  facet normal 0 -1 0
    outer loop
      vertex 76.6 65.01 32
      vertex 79.4 65.01 32
      vertex 79.388 65.01 32.1827
    endloop
  endfacet
  facet normal 0 -1 0
    outer loop
      vertex 76.612 65.01 31.8173
      vertex 79.4 65.01 32
      vertex 76.6 65.01 32
    endloop
  endfacet
  facet normal 0 -1 0
    outer loop
      vertex 76.612 65.01 31.8173
      vertex 79.388 65.01 31.8173
      vertex 79.4 65.01 32
    endloop
  endfacet
  facet normal 0 -1 0
    outer loop
      vertex 76.6477 65.01 31.6377
      vertex 79.388 65.01 31.8173
      vertex 76.612 65.01 31.8173
    endloop
  endfacet
  facet normal 0 -1 0
    outer loop
      vertex 76.6477 65.01 31.6377
      vertex 79.3523 65.01 31.6377
      vertex 79.388 65.01 31.8173
    endloop
  endfacet
  facet normal 0 -1 0
    outer loop
      vertex 76.7066 65.01 31.4642
      vertex 79.3523 65.01 31.6377
      vertex 76.6477 65.01 31.6377
    endloop
  endfacet
  facet normal 0 -1 0
    outer loop
      vertex 76.7066 65.01 31.4642
      vertex 79.2934 65.01 31.4642
      vertex 79.3523 65.01 31.6377
    endloop
  endfacet
  facet normal 0 -1 0
    outer loop
      vertex 76.7876 65.01 31.3
      vertex 79.2934 65.01 31.4642
      vertex 76.7066 65.01 31.4642
    endloop
  endfacet
  facet normal 0 -1 0
    outer loop
      vertex 76.7876 65.01 31.3
      vertex 79.2124 65.01 31.3
      vertex 79.2934 65.01 31.4642
    endloop
  endfacet
  facet normal 0 -1 0
    outer loop
      vertex 76.8893 65.01 31.1477
      vertex 79.2124 65.01 31.3
      vertex 76.7876 65.01 31.3
    endloop
  endfacet
  facet normal 0 -1 0
    outer loop
      vertex 76.8893 65.01 31.1477
      vertex 79.1107 65.01 31.1477
      vertex 79.2124 65.01 31.3
    endloop
  endfacet
  facet normal 0 -1 0
    outer loop
      vertex 77.01 65.01 31.01
      vertex 79.1107 65.01 31.1477
      vertex 76.8893 65.01 31.1477
    endloop
  endfacet
  facet normal 0 -1 0
    outer loop
      vertex 77.01 65.01 31.01
      vertex 78.99 65.01 31.01
      vertex 79.1107 65.01 31.1477
    endloop
  endfacet
  facet normal 0 -1 0
    outer loop
      vertex 77.1477 65.01 30.8893
      vertex 78.99 65.01 31.01
      vertex 77.01 65.01 31.01
    endloop
  endfacet
  facet normal 0 -1 0
    outer loop
      vertex 77.1477 65.01 30.8893
      vertex 78.8523 65.01 30.8893
      vertex 78.99 65.01 31.01
    endloop
  endfacet
  facet normal 0 -1 0
    outer loop
      vertex 77.3 65.01 30.7876
      vertex 78.8523 65.01 30.8893
      vertex 77.1477 65.01 30.8893
    endloop
  endfacet
  facet normal 0 -1 0
    outer loop
      vertex 77.3 65.01 30.7876
      vertex 78.7 65.01 30.7876
      vertex 78.8523 65.01 30.8893
    endloop
  endfacet
  facet normal 0 -1 0
    outer loop
      vertex 77.4642 65.01 30.7066
      vertex 78.7 65.01 30.7876
      vertex 77.3 65.01 30.7876
    endloop
  endfacet
  facet normal 0 -1 0
    outer loop
      vertex 77.4642 65.01 30.7066
      vertex 78.5358 65.01 30.7066
      vertex 78.7 65.01 30.7876
    endloop
  endfacet
  facet normal 0 -1 0
    outer loop
      vertex 77.6376 65.01 30.6477
      vertex 78.5358 65.01 30.7066
      vertex 77.4642 65.01 30.7066
    endloop
  endfacet
  facet normal 0 -1 0
    outer loop
      vertex 77.6376 65.01 30.6477
      vertex 78.3624 65.01 30.6477
      vertex 78.5358 65.01 30.7066
    endloop
  endfacet
  facet normal 0 -1 0
    outer loop
      vertex 77.8173 65.01 30.612
      vertex 78.3624 65.01 30.6477
      vertex 77.6376 65.01 30.6477
    endloop
  endfacet
  facet normal 0 -1 0
    outer loop
      vertex 77.8173 65.01 30.612
      vertex 78.1827 65.01 30.612
      vertex 78.3624 65.01 30.6477
    endloop
  endfacet
  facet normal -0 -1 0
    outer loop
      vertex 78.1827 65.01 30.612
      vertex 77.8173 65.01 30.612
      vertex 78 65.01 30.6
    endloop
  endfacet
  facet normal 0.659162 0 -0.752001
    outer loop
      vertex 78.8523 65.01 30.8893
      vertex 78.99 66.8 31.01
      vertex 78.99 65.01 31.01
    endloop
  endfacet
  facet normal 0.659162 0 -0.752001
    outer loop
      vertex 78.99 66.8 31.01
      vertex 78.8523 65.01 30.8893
      vertex 78.8523 66.8 30.8893
    endloop
  endfacet
  facet normal -0.442401 0 -0.896817
    outer loop
      vertex 77.3 65.01 30.7876
      vertex 77.4642 66.8 30.7066
      vertex 77.4642 65.01 30.7066
    endloop
  endfacet
  facet normal -0.442401 0 -0.896817
    outer loop
      vertex 77.4642 66.8 30.7066
      vertex 77.3 65.01 30.7876
      vertex 77.3 66.8 30.7876
    endloop
  endfacet
  facet normal 0.83163 0 -0.55533
    outer loop
      vertex 79.2124 65.01 31.3
      vertex 79.1107 66.8 31.1477
      vertex 79.2124 66.8 31.3
    endloop
  endfacet
  facet normal 0.83163 0 -0.55533
    outer loop
      vertex 79.1107 66.8 31.1477
      vertex 79.2124 65.01 31.3
      vertex 79.1107 65.01 31.1477
    endloop
  endfacet
  facet normal 0.752001 0 -0.659162
    outer loop
      vertex 79.1107 65.01 31.1477
      vertex 78.99 66.8 31.01
      vertex 79.1107 66.8 31.1477
    endloop
  endfacet
  facet normal 0.752001 0 -0.659162
    outer loop
      vertex 78.99 66.8 31.01
      vertex 79.1107 65.01 31.1477
      vertex 78.99 65.01 31.01
    endloop
  endfacet
  facet normal 0.99785 -0 0.0655402
    outer loop
      vertex 79.388 65.01 32.1827
      vertex 79.4 66.8 32
      vertex 79.388 66.8 32.1827
    endloop
  endfacet
  facet normal 0.99785 0 0.0655402
    outer loop
      vertex 79.4 66.8 32
      vertex 79.388 65.01 32.1827
      vertex 79.4 65.01 32
    endloop
  endfacet
  facet normal -0.946922 0 -0.321462
    outer loop
      vertex 76.7066 65.01 31.4642
      vertex 76.6477 66.8 31.6377
      vertex 76.7066 66.8 31.4642
    endloop
  endfacet
  facet normal -0.946922 -0 -0.321462
    outer loop
      vertex 76.6477 66.8 31.6377
      vertex 76.7066 65.01 31.4642
      vertex 76.6477 65.01 31.6377
    endloop
  endfacet
  facet normal 0.65947 0 0.751731
    outer loop
      vertex 78.8523 66.8 33.1107
      vertex 78.99 65.01 32.9899
      vertex 78.99 66.8 32.9899
    endloop
  endfacet
  facet normal 0.65947 0 0.751731
    outer loop
      vertex 78.99 65.01 32.9899
      vertex 78.8523 66.8 33.1107
      vertex 78.8523 65.01 33.1107
    endloop
  endfacet
  facet normal -0.980811 0 -0.194961
    outer loop
      vertex 76.6477 65.01 31.6377
      vertex 76.612 66.8 31.8173
      vertex 76.6477 66.8 31.6377
    endloop
  endfacet
  facet normal -0.980811 -0 -0.194961
    outer loop
      vertex 76.612 66.8 31.8173
      vertex 76.6477 65.01 31.6377
      vertex 76.612 65.01 31.8173
    endloop
  endfacet
  facet normal -0.896817 0 -0.442401
    outer loop
      vertex 76.7876 65.01 31.3
      vertex 76.7066 66.8 31.4642
      vertex 76.7876 66.8 31.3
    endloop
  endfacet
  facet normal -0.896817 -0 -0.442401
    outer loop
      vertex 76.7066 66.8 31.4642
      vertex 76.7876 65.01 31.3
      vertex 76.7066 65.01 31.4642
    endloop
  endfacet
  facet normal 0.0655402 0 0.99785
    outer loop
      vertex 78 66.8 33.4
      vertex 78.1827 65.01 33.388
      vertex 78.1827 66.8 33.388
    endloop
  endfacet
  facet normal 0.0655402 0 0.99785
    outer loop
      vertex 78.1827 65.01 33.388
      vertex 78 66.8 33.4
      vertex 78 65.01 33.4
    endloop
  endfacet
  facet normal 0.442401 0 0.896817
    outer loop
      vertex 78.5358 66.8 33.2934
      vertex 78.7 65.01 33.2124
      vertex 78.7 66.8 33.2124
    endloop
  endfacet
  facet normal 0.442401 0 0.896817
    outer loop
      vertex 78.7 65.01 33.2124
      vertex 78.5358 66.8 33.2934
      vertex 78.5358 65.01 33.2934
    endloop
  endfacet
  facet normal -0.321629 0 0.946866
    outer loop
      vertex 77.4642 66.8 33.2934
      vertex 77.6376 65.01 33.3523
      vertex 77.6376 66.8 33.3523
    endloop
  endfacet
  facet normal -0.321629 0 0.946866
    outer loop
      vertex 77.6376 65.01 33.3523
      vertex 77.4642 66.8 33.2934
      vertex 77.4642 65.01 33.2934
    endloop
  endfacet
  facet normal -0.99785 0 0.0655402
    outer loop
      vertex 76.6 65.01 32
      vertex 76.612 66.8 32.1827
      vertex 76.6 66.8 32
    endloop
  endfacet
  facet normal -0.99785 0 0.0655402
    outer loop
      vertex 76.612 66.8 32.1827
      vertex 76.6 65.01 32
      vertex 76.612 65.01 32.1827
    endloop
  endfacet
  facet normal -0.55533 0 -0.83163
    outer loop
      vertex 77.1477 65.01 30.8893
      vertex 77.3 66.8 30.7876
      vertex 77.3 65.01 30.7876
    endloop
  endfacet
  facet normal -0.55533 0 -0.83163
    outer loop
      vertex 77.3 66.8 30.7876
      vertex 77.1477 65.01 30.8893
      vertex 77.1477 66.8 30.8893
    endloop
  endfacet
  facet normal -0.99785 0 -0.0655402
    outer loop
      vertex 76.612 65.01 31.8173
      vertex 76.6 66.8 32
      vertex 76.612 66.8 31.8173
    endloop
  endfacet
  facet normal -0.99785 -0 -0.0655402
    outer loop
      vertex 76.6 66.8 32
      vertex 76.612 65.01 31.8173
      vertex 76.6 65.01 32
    endloop
  endfacet
  facet normal 0.442401 0 -0.896817
    outer loop
      vertex 78.5358 65.01 30.7066
      vertex 78.7 66.8 30.7876
      vertex 78.7 65.01 30.7876
    endloop
  endfacet
  facet normal 0.442401 0 -0.896817
    outer loop
      vertex 78.7 66.8 30.7876
      vertex 78.5358 65.01 30.7066
      vertex 78.5358 66.8 30.7066
    endloop
  endfacet
  facet normal 0.55533 0 -0.83163
    outer loop
      vertex 78.7 65.01 30.7876
      vertex 78.8523 66.8 30.8893
      vertex 78.8523 65.01 30.8893
    endloop
  endfacet
  facet normal 0.55533 0 -0.83163
    outer loop
      vertex 78.8523 66.8 30.8893
      vertex 78.7 65.01 30.7876
      vertex 78.7 66.8 30.7876
    endloop
  endfacet
  facet normal -0.83163 0 0.55533
    outer loop
      vertex 76.7876 65.01 32.7
      vertex 76.8893 66.8 32.8523
      vertex 76.7876 66.8 32.7
    endloop
  endfacet
  facet normal -0.83163 0 0.55533
    outer loop
      vertex 76.8893 66.8 32.8523
      vertex 76.7876 65.01 32.7
      vertex 76.8893 65.01 32.8523
    endloop
  endfacet
  facet normal 0.83163 -0 0.55533
    outer loop
      vertex 79.1107 65.01 32.8523
      vertex 79.2124 66.8 32.7
      vertex 79.1107 66.8 32.8523
    endloop
  endfacet
  facet normal 0.83163 0 0.55533
    outer loop
      vertex 79.2124 66.8 32.7
      vertex 79.1107 65.01 32.8523
      vertex 79.2124 65.01 32.7
    endloop
  endfacet
  facet normal -0.194856 0 0.980832
    outer loop
      vertex 77.6376 66.8 33.3523
      vertex 77.8173 65.01 33.388
      vertex 77.8173 66.8 33.388
    endloop
  endfacet
  facet normal -0.194856 0 0.980832
    outer loop
      vertex 77.8173 65.01 33.388
      vertex 77.6376 66.8 33.3523
      vertex 77.6376 65.01 33.3523
    endloop
  endfacet
  facet normal 0.194856 0 -0.980832
    outer loop
      vertex 78.1827 65.01 30.612
      vertex 78.3624 66.8 30.6477
      vertex 78.3624 65.01 30.6477
    endloop
  endfacet
  facet normal 0.194856 0 -0.980832
    outer loop
      vertex 78.3624 66.8 30.6477
      vertex 78.1827 65.01 30.612
      vertex 78.1827 66.8 30.612
    endloop
  endfacet
  facet normal -0.65947 0 0.751731
    outer loop
      vertex 77.01 66.8 32.9899
      vertex 77.1477 65.01 33.1107
      vertex 77.1477 66.8 33.1107
    endloop
  endfacet
  facet normal -0.65947 0 0.751731
    outer loop
      vertex 77.1477 65.01 33.1107
      vertex 77.01 66.8 32.9899
      vertex 77.01 65.01 32.9899
    endloop
  endfacet
  facet normal -0.980811 0 0.194961
    outer loop
      vertex 76.612 65.01 32.1827
      vertex 76.6477 66.8 32.3623
      vertex 76.612 66.8 32.1827
    endloop
  endfacet
  facet normal -0.980811 0 0.194961
    outer loop
      vertex 76.6477 66.8 32.3623
      vertex 76.612 65.01 32.1827
      vertex 76.6477 65.01 32.3623
    endloop
  endfacet
  facet normal 0.0655402 0 -0.99785
    outer loop
      vertex 78 65.01 30.6
      vertex 78.1827 66.8 30.612
      vertex 78.1827 65.01 30.612
    endloop
  endfacet
  facet normal 0.0655402 0 -0.99785
    outer loop
      vertex 78.1827 66.8 30.612
      vertex 78 65.01 30.6
      vertex 78 66.8 30.6
    endloop
  endfacet
  facet normal -0.0655402 0 0.99785
    outer loop
      vertex 77.8173 66.8 33.388
      vertex 78 65.01 33.4
      vertex 78 66.8 33.4
    endloop
  endfacet
  facet normal -0.0655402 0 0.99785
    outer loop
      vertex 78 65.01 33.4
      vertex 77.8173 66.8 33.388
      vertex 77.8173 65.01 33.388
    endloop
  endfacet
endsolid OpenSCAD_Model
